vote_id,fecha,boletin,topic_primary,origin_initiative,topic_source_layer,vote_stage,result,binary_votes,missing_for_spatial_model,minority_count,minority_share_binary,binary_participation_share,unanimous_binary
88442,2026-03-18,16944-25,Seguridad,parlamentario,inherited_rollcall_project,General,Aprobado,142,13,0,0.000000,0.916129,1
88450,2026-03-23,15347-07,Seguridad,parlamentario,inherited_rollcall_project,General,Aprobado,142,13,12,0.084507,0.916129,0
88451,2026-03-23,15347-07,Seguridad,parlamentario,inherited_rollcall_project,Particular,Aprobado,140,15,28,0.200000,0.903226,0
88452,2026-03-23,15347-07,Seguridad,parlamentario,inherited_rollcall_project,Particular,Aprobado,142,13,26,0.183099,0.916129,0
88453,2026-03-23,15347-07,Seguridad,parlamentario,inherited_rollcall_project,Particular,Aprobado,141,14,25,0.177305,0.909677,0
88454,2026-03-23,15347-07,Seguridad,parlamentario,inherited_rollcall_project,Particular,Aprobado,142,13,27,0.190141,0.916129,0
88455,2026-03-23,15347-07,Seguridad,parlamentario,inherited_rollcall_project,Particular,Aprobado,143,12,25,0.174825,0.922581,0
88456,2026-03-23,15347-07,Seguridad,parlamentario,inherited_rollcall_project,Particular,Aprobado,143,12,1,0.006993,0.922581,0
88472,2026-03-24,17737-14,Vivienda y territorio,parlamentario,inherited_rollcall_project,General,Aprobado,149,6,0,0.000000,0.961290,1
88474,2026-03-24,17474-06,Gobierno interior y descentralización,parlamentario,inherited_rollcall_project,General,Aprobado,143,12,48,0.335664,0.922581,0
88475,2026-03-24,17474-06,Gobierno interior y descentralización,parlamentario,inherited_rollcall_project,Particular,Aprobado,128,27,45,0.351562,0.825806,0
88476,2026-03-24,16985-06,Gobierno interior y descentralización,ejecutivo,inherited_rollcall_project,Única,Aprobado,150,5,0,0.000000,0.967742,1
88477,2026-03-24,16487-12,Medio ambiente,parlamentario,inherited_rollcall_project,Particular,Unánime,146,9,71,0.486301,0.941935,0
88489,2026-03-24,18137-05,Minería y energía,ejecutivo,period_project,General,Aprobado,112,43,3,0.026786,0.722581,0
88490,2026-03-24,18137-05,Minería y energía,ejecutivo,period_project,Particular,Aprobado,149,6,0,0.000000,0.961290,1
88491,2026-03-24,18137-05,Minería y energía,ejecutivo,period_project,Particular,Aprobado,149,6,1,0.006711,0.961290,0
88492,2026-03-24,18137-05,Minería y energía,ejecutivo,period_project,Particular,Aprobado,149,6,0,0.000000,0.961290,1
88493,2026-03-24,18137-05,Minería y energía,ejecutivo,period_project,Particular,Aprobado,143,12,51,0.356643,0.922581,0
88494,2026-03-24,18137-05,Minería y energía,ejecutivo,period_project,Particular,Aprobado,149,6,0,0.000000,0.961290,1
88500,2026-03-25,18003-35,Personas mayores y discapacidad,parlamentario,inherited_rollcall_project,General,Aprobado,149,6,0,0.000000,0.961290,1
88501,2026-03-25,10634-29,Deportes,parlamentario,inherited_rollcall_project,Única,Aprobado,148,7,0,0.000000,0.954839,1
88502,2026-03-25,10634-29,Deportes,parlamentario,inherited_rollcall_project,Única,Aprobado,138,17,19,0.137681,0.890323,0
88503,2026-03-25,10634-29,Deportes,parlamentario,inherited_rollcall_project,Única,Aprobado,138,17,13,0.094203,0.890323,0
88504,2026-03-25,10634-29,Deportes,parlamentario,inherited_rollcall_project,Única,Aprobado,134,21,7,0.052239,0.864516,0
88505,2026-03-25,10634-29,Deportes,parlamentario,inherited_rollcall_project,Única,Aprobado,149,6,0,0.000000,0.961290,1
88506,2026-03-25,10634-29,Deportes,parlamentario,inherited_rollcall_project,Única,Aprobado,143,12,17,0.118881,0.922581,0
88507,2026-03-25,10634-29,Deportes,parlamentario,inherited_rollcall_project,Única,Aprobado,143,12,16,0.111888,0.922581,0
88517,2026-03-25,18137-05,Minería y energía,ejecutivo,period_project,Única,Aprobado,121,34,1,0.008264,0.780645,0
88518,2026-03-25,18137-05,Minería y energía,ejecutivo,period_project,Única,Aprobado,133,22,0,0.000000,0.858065,1
88519,2026-03-25,18137-05,Minería y energía,ejecutivo,period_project,Única,Aprobado,133,22,0,0.000000,0.858065,1
88544,2026-04-06,16569-25,Seguridad,parlamentario,inherited_rollcall_project,Única,Unánime,140,15,16,0.114286,0.903226,0
88545,2026-04-06,17234-15,Transportes y telecomunicaciones,parlamentario,inherited_rollcall_project,Particular,Aprobado,140,15,0,0.000000,0.903226,1
88564,2026-04-07,17504-22,Emergencias y desastres,parlamentario,inherited_rollcall_project,General,Aprobado,144,11,0,0.000000,0.929032,1
88594,2026-04-08,17246-15,Transportes y telecomunicaciones,parlamentario,inherited_rollcall_project,Única,Aprobado,145,10,0,0.000000,0.935484,1
88611,2026-04-13,17880-13,Trabajo y seguridad social,ejecutivo,inherited_rollcall_project,General,Aprobado,140,15,0,0.000000,0.903226,1
88612,2026-04-13,17170-07,Seguridad,parlamentario,inherited_rollcall_project,General,Aprobado,132,23,1,0.007576,0.851613,0
88613,2026-04-13,17170-07,Seguridad,parlamentario,inherited_rollcall_project,Particular,Aprobado,118,37,8,0.067797,0.761290,0
88614,2026-04-13,17170-07,Seguridad,parlamentario,inherited_rollcall_project,Particular,Aprobado,116,39,6,0.051724,0.748387,0
88633,2026-04-14,17354-37,"Cultura, patrimonio y deporte",parlamentario,inherited_rollcall_project,General,Aprobado,135,20,22,0.162963,0.870968,0
88634,2026-04-14,17690-07,Constitución y justicia,parlamentario,inherited_rollcall_project,General,Unánime,139,16,63,0.453237,0.896774,0
88646,2026-04-15,17757-29,Deportes,parlamentario,inherited_rollcall_project,General,Aprobado,141,14,37,0.262411,0.909677,0
88647,2026-04-15,17522-12,Medio ambiente,parlamentario,inherited_rollcall_project,General,Aprobado,126,29,49,0.388889,0.812903,0
88648,2026-04-15,17522-12,Medio ambiente,parlamentario,inherited_rollcall_project,General,Unánime,128,27,54,0.421875,0.825806,0
88679,2026-04-21,18043-06,Gobierno interior y descentralización,parlamentario,inherited_rollcall_project,General,Aprobado,117,38,1,0.008547,0.754839,0
88680,2026-04-21,18156-04,Educación,ejecutivo,period_project,General,Aprobado,146,9,43,0.294521,0.941935,0
88681,2026-04-21,18156-04,Educación,ejecutivo,period_project,Particular,Unánime,148,7,74,0.500000,0.954839,0
88682,2026-04-21,18156-04,Educación,ejecutivo,period_project,Particular,Aprobado,139,16,50,0.359712,0.896774,0
88683,2026-04-21,18156-04,Educación,ejecutivo,period_project,Particular,Unánime,136,19,60,0.441176,0.877419,0
88684,2026-04-21,18156-04,Educación,ejecutivo,period_project,Particular,Aprobado,135,20,49,0.362963,0.870968,0
88685,2026-04-21,18156-04,Educación,ejecutivo,period_project,Particular,Unánime,136,19,58,0.426471,0.877419,0
88686,2026-04-21,18156-04,Educación,ejecutivo,period_project,Particular,Unánime,148,7,70,0.472973,0.954839,0
88687,2026-04-21,18156-04,Educación,ejecutivo,period_project,Particular,Unánime,149,6,72,0.483221,0.961290,0
88688,2026-04-21,18156-04,Educación,ejecutivo,period_project,Particular,Unánime,125,30,39,0.312000,0.806452,0
88689,2026-04-21,18156-04,Educación,ejecutivo,period_project,Particular,Unánime,140,15,51,0.364286,0.903226,0
88690,2026-04-21,18156-04,Educación,ejecutivo,period_project,Particular,Unánime,149,6,60,0.402685,0.961290,0
88691,2026-04-21,18156-04,Educación,ejecutivo,period_project,Particular,Unánime,148,7,57,0.385135,0.954839,0
88692,2026-04-21,18156-04,Educación,ejecutivo,period_project,Particular,Aprobado,142,13,67,0.471831,0.916129,0
88693,2026-04-21,18156-04,Educación,ejecutivo,period_project,Particular,Aprobado,145,10,47,0.324138,0.935484,0
88694,2026-04-21,18156-04,Educación,ejecutivo,period_project,Particular,Unánime,149,6,52,0.348993,0.961290,0
88695,2026-04-21,18156-04,Educación,ejecutivo,period_project,Particular,Aprobado,140,15,50,0.357143,0.903226,0
88696,2026-04-21,18156-04,Educación,ejecutivo,period_project,Particular,Unánime,149,6,58,0.389262,0.961290,0
88697,2026-04-21,18156-04,Educación,ejecutivo,period_project,Particular,Unánime,137,18,59,0.430657,0.883871,0
88698,2026-04-21,18156-04,Educación,ejecutivo,period_project,Particular,Unánime,149,6,71,0.476510,0.961290,0
88699,2026-04-21,18156-04,Educación,ejecutivo,period_project,Particular,Unánime,149,6,58,0.389262,0.961290,0
88700,2026-04-21,18156-04,Educación,ejecutivo,period_project,Particular,Aprobado,136,19,48,0.352941,0.877419,0
88701,2026-04-21,18156-04,Educación,ejecutivo,period_project,Particular,Unánime,148,7,72,0.486486,0.954839,0
88702,2026-04-21,18156-04,Educación,ejecutivo,period_project,Particular,Aprobado,144,11,57,0.395833,0.929032,0
88703,2026-04-21,18156-04,Educación,ejecutivo,period_project,Particular,Unánime,149,6,61,0.409396,0.961290,0
88704,2026-04-21,18156-04,Educación,ejecutivo,period_project,Particular,Unánime,149,6,61,0.409396,0.961290,0
88705,2026-04-21,18156-04,Educación,ejecutivo,period_project,Particular,Unánime,149,6,62,0.416107,0.961290,0
88706,2026-04-21,18156-04,Educación,ejecutivo,period_project,Particular,Aprobado,148,7,65,0.439189,0.954839,0
88707,2026-04-21,18156-04,Educación,ejecutivo,period_project,Particular,Unánime,147,8,72,0.489796,0.948387,0
88718,2026-04-22,17235-07,Seguridad,parlamentario,inherited_rollcall_project,General,Aprobado,149,6,0,0.000000,0.961290,1
88738,2026-05-04,16851-14,Vivienda y territorio,parlamentario,inherited_rollcall_project,General,Aprobado,140,15,0,0.000000,0.903226,1
88754,2026-05-05,17724-34,Mujeres y género,ejecutivo,inherited_rollcall_project,Única,Aprobado,147,8,0,0.000000,0.948387,1
88755,2026-05-05,18016-13,Trabajo y seguridad social,parlamentario,inherited_rollcall_project,General,Aprobado,134,21,43,0.320896,0.864516,0
88756,2026-05-05,17381-03,"Economía, comercio y consumidores",parlamentario,inherited_rollcall_project,General,Aprobado,144,11,68,0.472222,0.929032,0
88757,2026-05-05,17381-03,"Economía, comercio y consumidores",parlamentario,inherited_rollcall_project,Particular,Aprobado,145,10,68,0.468966,0.935484,0
88758,2026-05-05,17471-07,Agua y recursos hídricos,parlamentario,inherited_rollcall_project,General,Unánime,132,23,27,0.204545,0.851613,0
88759,2026-05-05,17872-33,Agua y recursos hídricos,parlamentario,inherited_rollcall_project,General,Aprobado,143,12,65,0.454545,0.922581,0
88760,2026-05-05,17872-33,Agua y recursos hídricos,parlamentario,inherited_rollcall_project,Particular,Unánime,139,16,66,0.474820,0.896774,0
88761,2026-05-05,17405-07,Seguridad,parlamentario,inherited_rollcall_project,General,Aprobado,128,27,46,0.359375,0.825806,0
88794,2026-05-06,18107-07,Constitución y justicia,parlamentario,inherited_rollcall_project,General,Unánime,146,9,73,0.500000,0.941935,0
88810,2026-05-11,14309-04,Educación,ejecutivo,inherited_rollcall_project,Única,Aprobado,120,35,0,0.000000,0.774194,1
88811,2026-05-11,14309-04,Educación,ejecutivo,inherited_rollcall_project,Única,Aprobado,116,39,0,0.000000,0.748387,1
88812,2026-05-11,14309-04,Educación,ejecutivo,inherited_rollcall_project,Única,Unánime,139,16,67,0.482014,0.896774,0
88813,2026-05-11,14309-04,Educación,ejecutivo,inherited_rollcall_project,Única,Unánime,139,16,58,0.417266,0.896774,0
88826,2026-05-12,17112-19,Ciencia y tecnología,parlamentario,inherited_rollcall_project,General,Unánime,81,74,22,0.271605,0.522581,0
88869,2026-05-13,18215-10,Relaciones exteriores,ejecutivo,period_project,Única,Aprobado,141,14,2,0.014184,0.909677,0
88870,2026-05-13,18155-25,Seguridad,ejecutivo,period_project,General,Aprobado,120,35,16,0.133333,0.774194,0
88871,2026-05-13,18155-25,Seguridad,ejecutivo,period_project,Particular,Aprobado,130,25,49,0.376923,0.838710,0
88872,2026-05-13,15258-25,Seguridad,parlamentario,inherited_rollcall_project,General,Aprobado,119,36,14,0.117647,0.767742,0
88881,2026-05-18,18232-25,Seguridad,ejecutivo,period_project,General,Aprobado,143,12,0,0.000000,0.922581,1
88893,2026-05-20,18216-05,Economía y hacienda,ejecutivo,period_project,General,Aprobado,149,6,59,0.395973,0.961290,0
88894,2026-05-20,18216-05,Economía y hacienda,ejecutivo,period_project,General,Aprobado,151,4,67,0.443709,0.974194,0
88895,2026-05-20,18216-05,Economía y hacienda,ejecutivo,period_project,Particular,Aprobado,154,1,1,0.006494,0.993548,0
88896,2026-05-20,18216-05,Economía y hacienda,ejecutivo,period_project,Particular,Aprobado,154,1,0,0.000000,0.993548,1
88897,2026-05-20,18216-05,Economía y hacienda,ejecutivo,period_project,Particular,Aprobado,153,2,64,0.418301,0.987097,0
88898,2026-05-20,18216-05,Economía y hacienda,ejecutivo,period_project,Particular,Aprobado,154,1,70,0.454545,0.993548,0
88899,2026-05-20,18216-05,Economía y hacienda,ejecutivo,period_project,Particular,Unánime,153,2,67,0.437908,0.987097,0
88900,2026-05-20,18216-05,Economía y hacienda,ejecutivo,period_project,Particular,Unánime,154,1,77,0.500000,0.993548,0
88901,2026-05-20,18216-05,Economía y hacienda,ejecutivo,period_project,Particular,Aprobado,153,2,67,0.437908,0.987097,0
88902,2026-05-20,18216-05,Economía y hacienda,ejecutivo,period_project,Particular,Aprobado,154,1,56,0.363636,0.993548,0
88903,2026-05-20,18216-05,Economía y hacienda,ejecutivo,period_project,Particular,Aprobado,151,4,61,0.403974,0.974194,0
88904,2026-05-20,18216-05,Economía y hacienda,ejecutivo,period_project,Particular,Unánime,147,8,43,0.292517,0.948387,0
88905,2026-05-20,18216-05,Economía y hacienda,ejecutivo,period_project,Particular,Aprobado,154,1,66,0.428571,0.993548,0
88906,2026-05-20,18216-05,Economía y hacienda,ejecutivo,period_project,Particular,Aprobado,152,3,65,0.427632,0.980645,0
88907,2026-05-20,18216-05,Economía y hacienda,ejecutivo,period_project,Particular,Aprobado,150,5,69,0.460000,0.967742,0
88908,2026-05-20,18216-05,Economía y hacienda,ejecutivo,period_project,Particular,Aprobado,153,2,63,0.411765,0.987097,0
88909,2026-05-20,18216-05,Economía y hacienda,ejecutivo,period_project,Particular,Aprobado,153,2,71,0.464052,0.987097,0
88910,2026-05-20,18216-05,Economía y hacienda,ejecutivo,period_project,Particular,Aprobado,145,10,65,0.448276,0.935484,0
88911,2026-05-20,18216-05,Economía y hacienda,ejecutivo,period_project,Particular,Aprobado,130,25,48,0.369231,0.838710,0
88912,2026-05-20,18216-05,Economía y hacienda,ejecutivo,period_project,Particular,Aprobado,152,3,57,0.375000,0.980645,0
88913,2026-05-20,18216-05,Economía y hacienda,ejecutivo,period_project,Particular,Unánime,151,4,67,0.443709,0.974194,0
88914,2026-05-20,18216-05,Economía y hacienda,ejecutivo,period_project,Particular,Unánime,152,3,65,0.427632,0.980645,0
88915,2026-05-20,18216-05,Economía y hacienda,ejecutivo,period_project,Particular,Aprobado,151,4,66,0.437086,0.974194,0
88916,2026-05-20,18216-05,Economía y hacienda,ejecutivo,period_project,Particular,Unánime,151,4,0,0.000000,0.974194,1
88917,2026-05-20,18216-05,Economía y hacienda,ejecutivo,period_project,Particular,Unánime,153,2,68,0.444444,0.987097,0
88918,2026-05-20,18216-05,Economía y hacienda,ejecutivo,period_project,Particular,Unánime,153,2,71,0.464052,0.987097,0
88919,2026-05-20,18216-05,Economía y hacienda,ejecutivo,period_project,Particular,Aprobado,153,2,73,0.477124,0.987097,0
88920,2026-05-20,18216-05,Economía y hacienda,ejecutivo,period_project,Particular,Aprobado,152,3,61,0.401316,0.980645,0
88921,2026-05-20,18216-05,Economía y hacienda,ejecutivo,period_project,Particular,Aprobado,153,2,69,0.450980,0.987097,0
88922,2026-05-20,18216-05,Economía y hacienda,ejecutivo,period_project,Particular,Aprobado,152,3,69,0.453947,0.980645,0
88923,2026-05-20,18216-05,Economía y hacienda,ejecutivo,period_project,Particular,Aprobado,153,2,71,0.464052,0.987097,0
88924,2026-05-20,18216-05,Economía y hacienda,ejecutivo,period_project,Particular,Aprobado,152,3,68,0.447368,0.980645,0
88925,2026-05-20,18216-05,Economía y hacienda,ejecutivo,period_project,Particular,Aprobado,150,5,60,0.400000,0.967742,0
88926,2026-05-20,18216-05,Economía y hacienda,ejecutivo,period_project,Particular,Aprobado,153,2,58,0.379085,0.987097,0
88927,2026-05-20,18216-05,Economía y hacienda,ejecutivo,period_project,Particular,Aprobado,152,3,57,0.375000,0.980645,0
88928,2026-05-20,18216-05,Economía y hacienda,ejecutivo,period_project,Particular,Aprobado,122,33,29,0.237705,0.787097,0
88929,2026-05-20,18216-05,Economía y hacienda,ejecutivo,period_project,Particular,Unánime,145,10,6,0.041379,0.935484,0
88930,2026-05-20,18216-05,Economía y hacienda,ejecutivo,period_project,Particular,Aprobado,149,6,52,0.348993,0.961290,0
88931,2026-05-20,18216-05,Economía y hacienda,ejecutivo,period_project,Particular,Aprobado,152,3,69,0.453947,0.980645,0
88932,2026-05-20,18216-05,Economía y hacienda,ejecutivo,period_project,Particular,Unánime,151,4,60,0.397351,0.974194,0
88933,2026-05-20,18216-05,Economía y hacienda,ejecutivo,period_project,Particular,Unánime,152,3,58,0.381579,0.980645,0
88934,2026-05-20,18216-05,Economía y hacienda,ejecutivo,period_project,Particular,Aprobado,152,3,30,0.197368,0.980645,0
88935,2026-05-20,18216-05,Economía y hacienda,ejecutivo,period_project,Particular,Aprobado,152,3,14,0.092105,0.980645,0
88936,2026-05-20,18216-05,Economía y hacienda,ejecutivo,period_project,Particular,Aprobado,133,22,6,0.045113,0.858065,0
88937,2026-05-20,18216-05,Economía y hacienda,ejecutivo,period_project,Particular,Aprobado,151,4,12,0.079470,0.974194,0
88938,2026-05-20,18216-05,Economía y hacienda,ejecutivo,period_project,Particular,Aprobado,152,3,10,0.065789,0.980645,0
88939,2026-05-20,18216-05,Economía y hacienda,ejecutivo,period_project,Particular,Aprobado,150,5,69,0.460000,0.967742,0
88940,2026-05-20,18216-05,Economía y hacienda,ejecutivo,period_project,Particular,Aprobado,151,4,69,0.456954,0.974194,0
88941,2026-05-20,18216-05,Economía y hacienda,ejecutivo,period_project,Particular,Aprobado,152,3,71,0.467105,0.980645,0
88942,2026-05-20,18216-05,Economía y hacienda,ejecutivo,period_project,Particular,Aprobado,150,5,49,0.326667,0.967742,0
88943,2026-05-20,18216-05,Economía y hacienda,ejecutivo,period_project,Particular,Aprobado,152,3,0,0.000000,0.980645,1
88944,2026-05-20,18216-05,Economía y hacienda,ejecutivo,period_project,Particular,Unánime,149,6,62,0.416107,0.961290,0
88945,2026-05-20,18216-05,Economía y hacienda,ejecutivo,period_project,Particular,Unánime,153,2,71,0.464052,0.987097,0
88946,2026-05-20,18216-05,Economía y hacienda,ejecutivo,period_project,Particular,Aprobado,149,6,69,0.463087,0.961290,0
88947,2026-05-20,18216-05,Economía y hacienda,ejecutivo,period_project,Particular,Aprobado,149,6,68,0.456376,0.961290,0
88948,2026-05-20,18216-05,Economía y hacienda,ejecutivo,period_project,Particular,Aprobado,136,19,57,0.419118,0.877419,0
88949,2026-05-20,18216-05,Economía y hacienda,ejecutivo,period_project,Particular,Unánime,150,5,67,0.446667,0.967742,0
88950,2026-05-20,18216-05,Economía y hacienda,ejecutivo,period_project,Particular,Unánime,152,3,76,0.500000,0.980645,0
88951,2026-05-20,18216-05,Economía y hacienda,ejecutivo,period_project,Particular,Unánime,152,3,74,0.486842,0.980645,0
88952,2026-05-20,18216-05,Economía y hacienda,ejecutivo,period_project,Particular,Unánime,153,2,64,0.418301,0.987097,0
88953,2026-05-20,18216-05,Economía y hacienda,ejecutivo,period_project,Particular,Unánime,148,7,55,0.371622,0.954839,0
88954,2026-05-20,18216-05,Economía y hacienda,ejecutivo,period_project,Particular,Unánime,149,6,74,0.496644,0.961290,0
88955,2026-05-20,18216-05,Economía y hacienda,ejecutivo,period_project,Particular,Unánime,152,3,74,0.486842,0.980645,0
88956,2026-05-20,18216-05,Economía y hacienda,ejecutivo,period_project,Particular,Unánime,152,3,73,0.480263,0.980645,0
88957,2026-05-20,18216-05,Economía y hacienda,ejecutivo,period_project,Particular,Unánime,150,5,74,0.493333,0.967742,0
88958,2026-05-20,18216-05,Economía y hacienda,ejecutivo,period_project,Particular,Aprobado,151,4,59,0.390728,0.974194,0
88959,2026-05-20,18216-05,Economía y hacienda,ejecutivo,period_project,Particular,Aprobado,151,4,62,0.410596,0.974194,0
88960,2026-05-20,18216-05,Economía y hacienda,ejecutivo,period_project,Particular,Aprobado,152,3,56,0.368421,0.980645,0
88961,2026-05-20,18216-05,Economía y hacienda,ejecutivo,period_project,Particular,Aprobado,150,5,66,0.440000,0.967742,0
88962,2026-05-20,18216-05,Economía y hacienda,ejecutivo,period_project,Particular,Aprobado,153,2,76,0.496732,0.987097,0
88963,2026-05-20,18216-05,Economía y hacienda,ejecutivo,period_project,Particular,Aprobado,153,2,63,0.411765,0.987097,0
88964,2026-05-20,18216-05,Economía y hacienda,ejecutivo,period_project,Particular,Aprobado,153,2,66,0.431373,0.987097,0
88965,2026-05-20,18216-05,Economía y hacienda,ejecutivo,period_project,Particular,Aprobado,149,6,11,0.073826,0.961290,0
88966,2026-05-20,18216-05,Economía y hacienda,ejecutivo,period_project,Particular,Aprobado,149,6,55,0.369128,0.961290,0
88967,2026-05-20,18216-05,Economía y hacienda,ejecutivo,period_project,Particular,Aprobado,152,3,69,0.453947,0.980645,0
88968,2026-05-20,18216-05,Economía y hacienda,ejecutivo,period_project,Particular,Aprobado,151,4,65,0.430464,0.974194,0
88969,2026-05-20,18216-05,Economía y hacienda,ejecutivo,period_project,Particular,Aprobado,152,3,63,0.414474,0.980645,0
88970,2026-05-20,18216-05,Economía y hacienda,ejecutivo,period_project,Particular,Aprobado,151,4,70,0.463576,0.974194,0
88971,2026-05-20,18216-05,Economía y hacienda,ejecutivo,period_project,Particular,Aprobado,150,5,69,0.460000,0.967742,0
88972,2026-05-20,18216-05,Economía y hacienda,ejecutivo,period_project,Particular,Aprobado,152,3,72,0.473684,0.980645,0
88973,2026-05-20,18216-05,Economía y hacienda,ejecutivo,period_project,Particular,Aprobado,153,2,73,0.477124,0.987097,0
88974,2026-05-20,18216-05,Economía y hacienda,ejecutivo,period_project,Particular,Unánime,153,2,71,0.464052,0.987097,0
88975,2026-05-20,18216-05,Economía y hacienda,ejecutivo,period_project,Particular,Unánime,151,4,75,0.496689,0.974194,0
88976,2026-05-20,18216-05,Economía y hacienda,ejecutivo,period_project,Particular,Unánime,153,2,67,0.437908,0.987097,0
88977,2026-05-20,18216-05,Economía y hacienda,ejecutivo,period_project,Particular,Unánime,152,3,75,0.493421,0.980645,0
88978,2026-05-20,18216-05,Economía y hacienda,ejecutivo,period_project,Particular,Unánime,151,4,70,0.463576,0.974194,0
88979,2026-05-20,18216-05,Economía y hacienda,ejecutivo,period_project,Particular,Unánime,152,3,71,0.467105,0.980645,0
88980,2026-05-20,18216-05,Economía y hacienda,ejecutivo,period_project,Particular,Unánime,151,4,68,0.450331,0.974194,0
88981,2026-05-20,18216-05,Economía y hacienda,ejecutivo,period_project,Particular,Aprobado,149,6,57,0.382550,0.961290,0
88984,2026-05-20,18216-05,Economía y hacienda,ejecutivo,period_project,Particular,Unánime,151,4,72,0.476821,0.974194,0
89000,2026-06-02,18156-04,Educación,ejecutivo,period_project,Única,Aprobado,151,4,46,0.304636,0.974194,0
89001,2026-06-02,18156-04,Educación,ejecutivo,period_project,Única,Aprobado,150,5,31,0.206667,0.967742,0
89002,2026-06-02,18156-04,Educación,ejecutivo,period_project,Única,Aprobado,150,5,45,0.300000,0.967742,0
89003,2026-06-02,17287-14,Vivienda y territorio,parlamentario,inherited_rollcall_project,Única,Aprobado,141,14,15,0.106383,0.909677,0
89031,2026-06-03,16808-25,Seguridad,parlamentario,inherited_rollcall_project,General,Aprobado,149,6,0,0.000000,0.961290,1
89032,2026-06-03,16808-25,Seguridad,parlamentario,inherited_rollcall_project,Particular,Unánime,147,8,61,0.414966,0.948387,0
89033,2026-06-03,18230-13,Trabajo y seguridad social,ejecutivo,period_project,General,Aprobado,137,18,1,0.007299,0.883871,0
89034,2026-06-03,18230-13,Trabajo y seguridad social,ejecutivo,period_project,General,Aprobado,137,18,46,0.335766,0.883871,0
89035,2026-06-03,18230-13,Trabajo y seguridad social,ejecutivo,period_project,Particular,Aprobado,138,17,49,0.355072,0.890323,0
89036,2026-06-03,18230-13,Trabajo y seguridad social,ejecutivo,period_project,Particular,Aprobado,139,16,48,0.345324,0.896774,0
89037,2026-06-03,18230-13,Trabajo y seguridad social,ejecutivo,period_project,Particular,Aprobado,140,15,49,0.350000,0.903226,0
89038,2026-06-03,18230-13,Trabajo y seguridad social,ejecutivo,period_project,Particular,Aprobado,138,17,6,0.043478,0.890323,0
89067,2026-06-08,17956-10,Relaciones exteriores,ejecutivo,inherited_rollcall_project,Única,Aprobado,128,27,0,0.000000,0.825806,1
89068,2026-06-08,17957-10,Relaciones exteriores,ejecutivo,inherited_rollcall_project,Única,Aprobado,127,28,0,0.000000,0.819355,1
89069,2026-06-08,17958-10,Relaciones exteriores,ejecutivo,inherited_rollcall_project,Única,Aprobado,128,27,1,0.007812,0.825806,0
89070,2026-06-08,18178-10,Relaciones exteriores,ejecutivo,period_project,Única,Aprobado,129,26,0,0.000000,0.832258,1
89071,2026-06-08,18030-12,Medio ambiente,parlamentario,inherited_rollcall_project,General,Aprobado,125,30,44,0.352000,0.806452,0
89072,2026-06-08,18157-33,Agua y recursos hídricos,parlamentario,period_project,General,Aprobado,127,28,0,0.000000,0.819355,1
89085,2026-06-09,16686-19,Ciencia y tecnología,ejecutivo,inherited_rollcall_project,Única,Aprobado,136,19,2,0.014706,0.877419,0
89086,2026-06-09,16686-19,Ciencia y tecnología,ejecutivo,inherited_rollcall_project,Única,Aprobado,135,20,0,0.000000,0.870968,1
89087,2026-06-09,15258-25,Seguridad,parlamentario,inherited_rollcall_project,Particular,Aprobado,129,26,1,0.007752,0.832258,0
89104,2026-06-10,18048-06,Gobierno interior y descentralización,parlamentario,inherited_rollcall_project,General,Aprobado,142,13,0,0.000000,0.916129,1
89105,2026-06-10,17630-10,Relaciones exteriores,ejecutivo,inherited_rollcall_project,Única,Aprobado,143,12,0,0.000000,0.922581,1
89106,2026-06-10,18256-10,Relaciones exteriores,ejecutivo,period_project,Única,Aprobado,143,12,0,0.000000,0.922581,1
89107,2026-06-10,16725-06,Gobierno interior y descentralización,parlamentario,inherited_rollcall_project,General,Aprobado,141,14,54,0.382979,0.909677,0
89108,2026-06-10,16725-06,Gobierno interior y descentralización,parlamentario,inherited_rollcall_project,General,Aprobado,143,12,0,0.000000,0.922581,1
89109,2026-06-10,15936-18,"Familia, infancia y adolescencia",parlamentario,inherited_rollcall_project,Única,Aprobado,143,12,0,0.000000,0.922581,1
89110,2026-06-10,15936-18,"Familia, infancia y adolescencia",parlamentario,inherited_rollcall_project,Única,Aprobado,103,52,0,0.000000,0.664516,1
89111,2026-06-10,15936-18,"Familia, infancia y adolescencia",parlamentario,inherited_rollcall_project,Única,Aprobado,103,52,1,0.009709,0.664516,0
89112,2026-06-10,15936-18,"Familia, infancia y adolescencia",parlamentario,inherited_rollcall_project,Única,Aprobado,143,12,0,0.000000,0.922581,1
89113,2026-06-10,15936-18,"Familia, infancia y adolescencia",parlamentario,inherited_rollcall_project,Única,Aprobado,111,44,5,0.045045,0.716129,0
89153,2026-06-16,16857-07,Seguridad,parlamentario,inherited_rollcall_project,General,Aprobado,147,8,0,0.000000,0.948387,1
89154,2026-06-16,16857-07,Seguridad,parlamentario,inherited_rollcall_project,Particular,Unánime,135,20,50,0.370370,0.870968,0
89155,2026-06-16,16857-07,Seguridad,parlamentario,inherited_rollcall_project,Particular,Unánime,136,19,51,0.375000,0.877419,0
89156,2026-06-16,16857-07,Seguridad,parlamentario,inherited_rollcall_project,Particular,Aprobado,147,8,0,0.000000,0.948387,1
89157,2026-06-16,16857-07,Seguridad,parlamentario,inherited_rollcall_project,Particular,Unánime,89,66,27,0.303371,0.574194,0
89158,2026-06-16,16857-07,Seguridad,parlamentario,inherited_rollcall_project,Particular,Unánime,93,62,38,0.408602,0.600000,0
89159,2026-06-16,16857-07,Seguridad,parlamentario,inherited_rollcall_project,Particular,Aprobado,147,8,0,0.000000,0.948387,1
89160,2026-06-16,16857-07,Seguridad,parlamentario,inherited_rollcall_project,Particular,Unánime,121,34,54,0.446281,0.780645,0
89161,2026-06-16,16857-07,Seguridad,parlamentario,inherited_rollcall_project,Particular,Aprobado,122,33,42,0.344262,0.787097,0
89162,2026-06-16,17222-07,Constitución y justicia,parlamentario,inherited_rollcall_project,General,Aprobado,147,8,1,0.006803,0.948387,0
89178,2026-06-17,18296-05,Economía y hacienda,ejecutivo,period_project,General,Aprobado,146,9,52,0.356164,0.941935,0
89179,2026-06-17,18296-05,Economía y hacienda,ejecutivo,period_project,Particular,Unánime,146,9,73,0.500000,0.941935,0
89180,2026-06-17,18296-05,Economía y hacienda,ejecutivo,period_project,Particular,Unánime,146,9,72,0.493151,0.941935,0
89210,2026-06-22,10986-24,Cultura y comunicaciones,parlamentario,inherited_rollcall_project,General,Aprobado,130,25,0,0.000000,0.838710,1
89241,2026-06-24,18257-10,Relaciones exteriores,ejecutivo,period_project,Única,Aprobado,138,17,0,0.000000,0.890323,1
89242,2026-06-24,18211-25,Seguridad,parlamentario,period_project,General,Aprobado,136,19,36,0.264706,0.877419,0
89287,2026-07-06,16851-14,Vivienda y territorio,parlamentario,inherited_rollcall_project,Particular,Aprobado,132,23,0,0.000000,0.851613,1
89288,2026-07-06,16851-14,Vivienda y territorio,parlamentario,inherited_rollcall_project,Particular,Unánime,134,21,67,0.500000,0.864516,0
89302,2026-07-07,16743-04,Educación,parlamentario,inherited_rollcall_project,General,Aprobado,137,18,33,0.240876,0.883871,0
89303,2026-07-07,16743-04,Educación,parlamentario,inherited_rollcall_project,General,Aprobado,139,16,36,0.258993,0.896774,0
89304,2026-07-07,16743-04,Educación,parlamentario,inherited_rollcall_project,Particular,Aprobado,141,14,36,0.255319,0.909677,0
89305,2026-07-07,16743-04,Educación,parlamentario,inherited_rollcall_project,Particular,Unánime,143,12,69,0.482517,0.922581,0
89306,2026-07-07,16743-04,Educación,parlamentario,inherited_rollcall_project,Particular,Unánime,143,12,62,0.433566,0.922581,0
89307,2026-07-07,16743-04,Educación,parlamentario,inherited_rollcall_project,Particular,Unánime,144,11,59,0.409722,0.929032,0
89308,2026-07-07,16743-04,Educación,parlamentario,inherited_rollcall_project,Particular,Aprobado,139,16,40,0.287770,0.896774,0
89309,2026-07-07,16743-04,Educación,parlamentario,inherited_rollcall_project,Particular,Aprobado,136,19,33,0.242647,0.877419,0
89310,2026-07-07,16743-04,Educación,parlamentario,inherited_rollcall_project,Particular,Aprobado,143,12,52,0.363636,0.922581,0
89311,2026-07-07,16743-04,Educación,parlamentario,inherited_rollcall_project,Particular,Aprobado,142,13,37,0.260563,0.916129,0
89312,2026-07-07,16743-04,Educación,parlamentario,inherited_rollcall_project,Particular,Aprobado,142,13,36,0.253521,0.916129,0
89313,2026-07-07,14767-03,"Economía, comercio y consumidores",ejecutivo,inherited_rollcall_project,General,Aprobado,95,60,0,0.000000,0.612903,1
89314,2026-07-07,14767-03,"Economía, comercio y consumidores",ejecutivo,inherited_rollcall_project,Particular,Unánime,144,11,60,0.416667,0.929032,0
89315,2026-07-07,14767-03,"Economía, comercio y consumidores",ejecutivo,inherited_rollcall_project,Particular,Aprobado,100,55,3,0.030000,0.645161,0
89316,2026-07-07,14767-03,"Economía, comercio y consumidores",ejecutivo,inherited_rollcall_project,Particular,Unánime,142,13,57,0.401408,0.916129,0
89317,2026-07-07,14767-03,"Economía, comercio y consumidores",ejecutivo,inherited_rollcall_project,Particular,Unánime,145,10,60,0.413793,0.935484,0
89344,2026-07-08,18384-08,Minería y energía,ejecutivo,period_project,General,Aprobado,123,32,34,0.276423,0.793548,0
89345,2026-07-08,18384-08,Minería y energía,ejecutivo,period_project,Particular,Aprobado,112,43,34,0.303571,0.722581,0
89346,2026-07-08,18384-08,Minería y energía,ejecutivo,period_project,Particular,Aprobado,115,40,39,0.339130,0.741935,0
89347,2026-07-08,18384-08,Minería y energía,ejecutivo,period_project,Particular,Aprobado,118,37,40,0.338983,0.761290,0
89348,2026-07-08,18384-08,Minería y energía,ejecutivo,period_project,Particular,Aprobado,131,24,64,0.488550,0.845161,0
89349,2026-07-08,18384-08,Minería y energía,ejecutivo,period_project,Particular,Unánime,131,24,65,0.496183,0.845161,0
89350,2026-07-08,18384-08,Minería y energía,ejecutivo,period_project,Particular,Aprobado,131,24,1,0.007634,0.845161,0
89351,2026-07-08,18384-08,Minería y energía,ejecutivo,period_project,Particular,Unánime,127,28,61,0.480315,0.819355,0
89352,2026-07-08,18384-08,Minería y energía,ejecutivo,period_project,Particular,Aprobado,128,27,45,0.351562,0.825806,0
89353,2026-07-08,18384-08,Minería y energía,ejecutivo,period_project,Particular,Aprobado,130,25,58,0.446154,0.838710,0
89354,2026-07-08,18384-08,Minería y energía,ejecutivo,period_project,Particular,Aprobado,132,23,59,0.446970,0.851613,0
89355,2026-07-08,18384-08,Minería y energía,ejecutivo,period_project,Particular,Unánime,132,23,56,0.424242,0.851613,0
89356,2026-07-08,18384-08,Minería y energía,ejecutivo,period_project,Particular,Aprobado,131,24,1,0.007634,0.845161,0
89357,2026-07-08,18384-08,Minería y energía,ejecutivo,period_project,Particular,Aprobado,126,29,40,0.317460,0.812903,0
89358,2026-07-08,18384-08,Minería y energía,ejecutivo,period_project,Particular,Aprobado,132,23,1,0.007576,0.851613,0
89381,2026-07-13,18399-06,Gobierno interior y descentralización,parlamentario,period_project,General,Aprobado,97,58,0,0.000000,0.625806,1
89382,2026-07-13,18399-06,Gobierno interior y descentralización,parlamentario,period_project,Particular,Unánime,92,63,12,0.130435,0.593548,0
89383,2026-07-13,18399-06,Gobierno interior y descentralización,parlamentario,period_project,Particular,Aprobado,103,52,0,0.000000,0.664516,1
89384,2026-07-13,16836-06,Gobierno interior y descentralización,ejecutivo,inherited_rollcall_project,Única,Aprobado,125,30,0,0.000000,0.806452,1
89385,2026-07-13,16836-06,Gobierno interior y descentralización,ejecutivo,inherited_rollcall_project,Única,Aprobado,138,17,39,0.282609,0.890323,0
89386,2026-07-13,16836-06,Gobierno interior y descentralización,ejecutivo,inherited_rollcall_project,Única,Aprobado,136,19,37,0.272059,0.877419,0
89387,2026-07-13,16836-06,Gobierno interior y descentralización,ejecutivo,inherited_rollcall_project,Única,Aprobado,137,18,39,0.284672,0.883871,0
89388,2026-07-13,16836-06,Gobierno interior y descentralización,ejecutivo,inherited_rollcall_project,Única,Aprobado,139,16,1,0.007194,0.896774,0
89389,2026-07-13,16836-06,Gobierno interior y descentralización,ejecutivo,inherited_rollcall_project,Única,Unánime,120,35,51,0.425000,0.774194,0
89390,2026-07-13,16836-06,Gobierno interior y descentralización,ejecutivo,inherited_rollcall_project,Única,Aprobado,139,16,49,0.352518,0.896774,0
89391,2026-07-13,16836-06,Gobierno interior y descentralización,ejecutivo,inherited_rollcall_project,Única,Aprobado,137,18,37,0.270073,0.883871,0
89407,2026-07-14,17012-14,Vivienda y territorio,parlamentario,inherited_rollcall_project,General,Aprobado,139,16,0,0.000000,0.896774,1
89408,2026-07-14,17012-14,Vivienda y territorio,parlamentario,inherited_rollcall_project,Particular,Aprobado,139,16,0,0.000000,0.896774,1
89409,2026-07-14,17012-14,Vivienda y territorio,parlamentario,inherited_rollcall_project,Particular,Aprobado,135,20,50,0.370370,0.870968,0
89410,2026-07-14,17012-14,Vivienda y territorio,parlamentario,inherited_rollcall_project,Particular,Aprobado,136,19,47,0.345588,0.877419,0
89411,2026-07-14,17012-14,Vivienda y territorio,parlamentario,inherited_rollcall_project,Particular,Aprobado,139,16,11,0.079137,0.896774,0
89420,2026-07-15,18401-31,Desarrollo social,ejecutivo,period_project,General,Aprobado,121,34,0,0.000000,0.780645,1
89421,2026-07-15,18401-31,Desarrollo social,ejecutivo,period_project,Particular,Unánime,112,43,55,0.491071,0.722581,0
89422,2026-07-15,18401-31,Desarrollo social,ejecutivo,period_project,Particular,Aprobado,122,33,2,0.016393,0.787097,0
89423,2026-07-15,18401-31,Desarrollo social,ejecutivo,period_project,Particular,Aprobado,106,49,1,0.009434,0.683871,0
89470,2026-07-21,18216-05,Economía y hacienda,ejecutivo,period_project,Única,Aprobado,144,11,59,0.409722,0.929032,0
89471,2026-07-21,18216-05,Economía y hacienda,ejecutivo,period_project,Única,Aprobado,144,11,11,0.076389,0.929032,0
89472,2026-07-21,18216-05,Economía y hacienda,ejecutivo,period_project,Única,Aprobado,144,11,44,0.305556,0.929032,0
89473,2026-07-21,18216-05,Economía y hacienda,ejecutivo,period_project,Única,Aprobado,144,11,57,0.395833,0.929032,0
89474,2026-07-21,18216-05,Economía y hacienda,ejecutivo,period_project,Única,Aprobado,144,11,46,0.319444,0.929032,0
89475,2026-07-21,18216-05,Economía y hacienda,ejecutivo,period_project,Única,Aprobado,145,10,61,0.420690,0.935484,0
89476,2026-07-21,18216-05,Economía y hacienda,ejecutivo,period_project,Única,Aprobado,145,10,61,0.420690,0.935484,0
89477,2026-07-21,18216-05,Economía y hacienda,ejecutivo,period_project,Única,Aprobado,145,10,64,0.441379,0.935484,0
89478,2026-07-21,18216-05,Economía y hacienda,ejecutivo,period_project,Única,Aprobado,144,11,63,0.437500,0.929032,0
89479,2026-07-21,18216-05,Economía y hacienda,ejecutivo,period_project,Única,Aprobado,145,10,64,0.441379,0.935484,0
89480,2026-07-21,18216-05,Economía y hacienda,ejecutivo,period_project,Única,Aprobado,145,10,62,0.427586,0.935484,0
89481,2026-07-21,18216-05,Economía y hacienda,ejecutivo,period_project,Única,Aprobado,145,10,62,0.427586,0.935484,0
89482,2026-07-21,18216-05,Economía y hacienda,ejecutivo,period_project,Única,Aprobado,145,10,47,0.324138,0.935484,0
89483,2026-07-21,18216-05,Economía y hacienda,ejecutivo,period_project,Única,Aprobado,145,10,50,0.344828,0.935484,0
89484,2026-07-21,18216-05,Economía y hacienda,ejecutivo,period_project,Única,Aprobado,145,10,61,0.420690,0.935484,0
89485,2026-07-21,18216-05,Economía y hacienda,ejecutivo,period_project,Única,Aprobado,145,10,70,0.482759,0.935484,0
89486,2026-07-21,18216-05,Economía y hacienda,ejecutivo,period_project,Única,Aprobado,145,10,70,0.482759,0.935484,0
89487,2026-07-21,18216-05,Economía y hacienda,ejecutivo,period_project,Única,Aprobado,144,11,48,0.333333,0.929032,0
89488,2026-07-21,18216-05,Economía y hacienda,ejecutivo,period_project,Única,Unánime,145,10,69,0.475862,0.935484,0
89489,2026-07-21,18216-05,Economía y hacienda,ejecutivo,period_project,Única,Aprobado,145,10,60,0.413793,0.935484,0
89490,2026-07-21,18216-05,Economía y hacienda,ejecutivo,period_project,Única,Aprobado,145,10,58,0.400000,0.935484,0
89491,2026-07-21,18216-05,Economía y hacienda,ejecutivo,period_project,Única,Aprobado,145,10,61,0.420690,0.935484,0
89492,2026-07-21,18216-05,Economía y hacienda,ejecutivo,period_project,Única,Aprobado,145,10,60,0.413793,0.935484,0
89493,2026-07-21,18216-05,Economía y hacienda,ejecutivo,period_project,Única,Aprobado,145,10,51,0.351724,0.935484,0
89494,2026-07-21,18216-05,Economía y hacienda,ejecutivo,period_project,Única,Aprobado,145,10,63,0.434483,0.935484,0
89495,2026-07-21,18216-05,Economía y hacienda,ejecutivo,period_project,Única,Aprobado,145,10,63,0.434483,0.935484,0
89521,2026-07-22,18301-10,Relaciones exteriores,ejecutivo,period_project,Única,Aprobado,135,20,0,0.000000,0.870968,1
89522,2026-07-22,18431-31,Desarrollo social,ejecutivo,period_project,General,Aprobado,135,20,0,0.000000,0.870968,1
89523,2026-07-22,18431-31,Desarrollo social,ejecutivo,period_project,Particular,Unánime,133,22,66,0.496241,0.858065,0
89524,2026-07-22,17795-19,Ciencia y tecnología,parlamentario,inherited_rollcall_project,General,Aprobado,130,25,2,0.015385,0.838710,0
89542,2026-07-22,18216-05,Economía y hacienda,ejecutivo,period_project,Única,Aprobado,128,27,48,0.375000,0.825806,0
89543,2026-07-22,18384-08,Minería y energía,ejecutivo,period_project,Única,Aprobado,121,34,4,0.033058,0.780645,0
89544,2026-07-22,18259-08,Minería y energía,ejecutivo,period_project,General,Aprobado,109,46,2,0.018349,0.703226,0
89545,2026-07-22,18259-08,Minería y energía,ejecutivo,period_project,Particular,Aprobado,126,29,0,0.000000,0.812903,1
89546,2026-07-22,18259-08,Minería y energía,ejecutivo,period_project,Particular,Aprobado,125,30,1,0.008000,0.806452,0
89583,2026-08-04,18258-07,Seguridad,ejecutivo,period_project,General,Aprobado,146,9,27,0.184932,0.941935,0
89584,2026-08-04,18258-07,Seguridad,ejecutivo,period_project,Particular,Unánime,144,11,67,0.465278,0.929032,0
89585,2026-08-04,18258-07,Seguridad,ejecutivo,period_project,Particular,Aprobado,135,20,45,0.333333,0.870968,0
89587,2026-08-04,16569-25,Seguridad,parlamentario,inherited_rollcall_project,Única,Aprobado,146,9,0,0.000000,0.941935,1
89630,2026-08-05,18524-05,Economía y hacienda,ejecutivo,period_project,General,Aprobado,139,16,0,0.000000,0.896774,1
89631,2026-08-05,18389-04,Educación,ejecutivo,period_project,General,Aprobado,139,16,28,0.201439,0.896774,0
89632,2026-08-05,18389-04,Educación,ejecutivo,period_project,Particular,Aprobado,137,18,49,0.357664,0.883871,0
89633,2026-08-05,18389-04,Educación,ejecutivo,period_project,Particular,Unánime,139,16,64,0.460432,0.896774,0
89634,2026-08-05,18389-04,Educación,ejecutivo,period_project,Particular,Aprobado,137,18,58,0.423358,0.883871,0
89668,2026-08-10,18216-05,Economía y hacienda,ejecutivo,period_project,Única,Aprobado,134,21,59,0.440299,0.864516,0
89669,2026-08-10,18216-05,Economía y hacienda,ejecutivo,period_project,Única,Aprobado,133,22,58,0.436090,0.858065,0
89670,2026-08-10,18216-05,Economía y hacienda,ejecutivo,period_project,Única,Aprobado,124,31,50,0.403226,0.800000,0
89693,2026-08-11,16300-07,Seguridad,parlamentario,inherited_rollcall_project,General,Aprobado,140,15,26,0.185714,0.903226,0
89694,2026-08-11,16300-07,Seguridad,parlamentario,inherited_rollcall_project,Particular,Unánime,142,13,67,0.471831,0.916129,0
89695,2026-08-11,16300-07,Seguridad,parlamentario,inherited_rollcall_project,Particular,Aprobado,142,13,36,0.253521,0.916129,0
89749,2026-08-12,18210-06,Gobierno interior y descentralización,parlamentario,period_project,General,Aprobado,133,22,0,0.000000,0.858065,1
89750,2026-08-12,16777-07,Salud,parlamentario,inherited_rollcall_project,General,Aprobado,134,21,0,0.000000,0.864516,1
89751,2026-08-12,18030-12,Medio ambiente,parlamentario,inherited_rollcall_project,Particular,Aprobado,125,30,51,0.408000,0.806452,0
89779,2026-08-17,17912-25,Seguridad,parlamentario,inherited_rollcall_project,General,Aprobado,131,24,0,0.000000,0.845161,1
89780,2026-08-17,17912-25,Seguridad,parlamentario,inherited_rollcall_project,Particular,Unánime,112,43,52,0.464286,0.722581,0
89781,2026-08-17,17912-25,Seguridad,parlamentario,inherited_rollcall_project,Particular,Aprobado,130,25,0,0.000000,0.838710,1
89783,2026-08-17,17451-15,Transportes y telecomunicaciones,parlamentario,inherited_rollcall_project,Única,Aprobado,127,28,0,0.000000,0.819355,1
89784,2026-08-17,17837-13,Trabajo y seguridad social,parlamentario,inherited_rollcall_project,General,Aprobado,124,31,45,0.362903,0.800000,0
89814,2026-08-18,18525-06,Gobierno interior y descentralización,ejecutivo,period_project,General,Aprobado,135,20,1,0.007407,0.870968,0
89815,2026-08-18,18525-06,Gobierno interior y descentralización,ejecutivo,period_project,General,Aprobado,133,22,1,0.007519,0.858065,0
89816,2026-08-18,18525-06,Gobierno interior y descentralización,ejecutivo,period_project,Particular,Aprobado,133,22,15,0.112782,0.858065,0
89817,2026-08-18,18525-06,Gobierno interior y descentralización,ejecutivo,period_project,Particular,Unánime,128,27,51,0.398438,0.825806,0
89842,2026-08-18,15387-12,Medio ambiente,parlamentario,inherited_rollcall_project,General,Aprobado,121,34,41,0.338843,0.780645,0
89843,2026-08-18,12786-12,Medio ambiente,parlamentario,inherited_rollcall_project,General,Unánime,118,37,50,0.423729,0.761290,0
89844,2026-08-18,12786-12,Medio ambiente,parlamentario,inherited_rollcall_project,General,Unánime,119,36,54,0.453782,0.767742,0
89862,2026-08-19,18429-10,Relaciones exteriores,ejecutivo,period_project,Única,Aprobado,124,31,0,0.000000,0.800000,1
89863,2026-08-19,18189-14,Vivienda y territorio,parlamentario,period_project,General,Aprobado,124,31,0,0.000000,0.800000,1
89864,2026-08-19,18189-14,Vivienda y territorio,parlamentario,period_project,Particular,Aprobado,121,34,57,0.471074,0.780645,0
89865,2026-08-19,18189-14,Vivienda y territorio,parlamentario,period_project,Particular,Aprobado,116,39,49,0.422414,0.748387,0
89866,2026-08-19,16397-15,Transportes y telecomunicaciones,parlamentario,inherited_rollcall_project,General,Aprobado,123,32,0,0.000000,0.793548,1
89867,2026-08-19,17324-33,Agua y recursos hídricos,parlamentario,inherited_rollcall_project,General,Aprobado,80,75,18,0.225000,0.516129,0
89928,2026-09-01,17818-24,Cultura y comunicaciones,parlamentario,inherited_rollcall_project,General,Aprobado,142,13,0,0.000000,0.916129,1
89929,2026-09-01,17818-24,Cultura y comunicaciones,parlamentario,inherited_rollcall_project,Particular,Unánime,139,16,68,0.489209,0.896774,0
89930,2026-09-01,17818-24,Cultura y comunicaciones,parlamentario,inherited_rollcall_project,Particular,Unánime,133,22,64,0.481203,0.858065,0
89931,2026-09-01,17818-24,Cultura y comunicaciones,parlamentario,inherited_rollcall_project,Particular,Unánime,142,13,64,0.450704,0.916129,0
89932,2026-09-01,17662-07,Seguridad,parlamentario,inherited_rollcall_project,General,Aprobado,130,25,34,0.261538,0.838710,0
89933,2026-09-01,17662-07,Seguridad,parlamentario,inherited_rollcall_project,Particular,Unánime,141,14,49,0.347518,0.909677,0
89934,2026-09-01,17662-07,Seguridad,parlamentario,inherited_rollcall_project,Particular,Unánime,139,16,61,0.438849,0.896774,0
89935,2026-09-01,17914-13,Trabajo y seguridad social,parlamentario,inherited_rollcall_project,General,Aprobado,126,29,18,0.142857,0.812903,0
89936,2026-09-01,17914-13,Trabajo y seguridad social,parlamentario,inherited_rollcall_project,Particular,Aprobado,141,14,68,0.482270,0.909677,0
89937,2026-09-01,15295-07,Seguridad,parlamentario,inherited_rollcall_project,General,Aprobado,114,41,12,0.105263,0.735484,0
