vote_id,fecha,boletin,descripcion,affirmative,against,abstention,no_vote,dispensed,other_missing,binary_votes,missing_for_spatial_model,minority_count,minority_share_binary,binary_participation_share,unanimous_binary,eligible_lop_0025,eligible_lop_0050,eligible_lop_0100
88442,2026-03-18,16944-25,Boletín N°16944-25,142,0,1,12,0,0,142,13,0,0.000000,0.916129,1,0,0,0
88450,2026-03-23,15347-07,Boletín N°15347-07,130,12,0,13,0,0,142,13,12,0.084507,0.916129,0,1,1,0
88451,2026-03-23,15347-07,Boletín N°15347-07,112,28,4,11,0,0,140,15,28,0.200000,0.903226,0,1,1,1
88452,2026-03-23,15347-07,Boletín N°15347-07,116,26,1,12,0,0,142,13,26,0.183099,0.916129,0,1,1,1
88453,2026-03-23,15347-07,Boletín N°15347-07,116,25,2,12,0,0,141,14,25,0.177305,0.909677,0,1,1,1
88454,2026-03-23,15347-07,Boletín N°15347-07,115,27,1,12,0,0,142,13,27,0.190141,0.916129,0,1,1,1
88455,2026-03-23,15347-07,Boletín N°15347-07,118,25,0,12,0,0,143,12,25,0.174825,0.922581,0,1,1,1
88456,2026-03-23,15347-07,Boletín N°15347-07,142,1,0,12,0,0,143,12,1,0.006993,0.922581,0,0,0,0
88472,2026-03-24,17737-14,Boletín N°17737-14,149,0,1,5,0,0,149,6,0,0.000000,0.961290,1,0,0,0
88474,2026-03-24,17474-06,Boletín N°17474-06,95,48,7,5,0,0,143,12,48,0.335664,0.922581,0,1,1,1
88475,2026-03-24,17474-06,Boletín N°17474-06,83,45,22,5,0,0,128,27,45,0.351562,0.825806,0,1,1,1
88476,2026-03-24,16985-06,Boletín N°16985-06,150,0,0,5,0,0,150,5,0,0.000000,0.967742,1,0,0,0
88477,2026-03-24,16487-12,Boletín N°16487-12,75,71,4,5,0,0,146,9,71,0.486301,0.941935,0,1,1,1
88489,2026-03-24,18137-05,Boletín N°18137-05,109,3,37,6,0,0,112,43,3,0.026786,0.722581,0,1,0,0
88490,2026-03-24,18137-05,Boletín N°18137-05,149,0,0,6,0,0,149,6,0,0.000000,0.961290,1,0,0,0
88491,2026-03-24,18137-05,Boletín N°18137-05,148,1,0,6,0,0,149,6,1,0.006711,0.961290,0,0,0,0
88492,2026-03-24,18137-05,Boletín N°18137-05,149,0,0,6,0,0,149,6,0,0.000000,0.961290,1,0,0,0
88493,2026-03-24,18137-05,Boletín N°18137-05,92,51,6,6,0,0,143,12,51,0.356643,0.922581,0,1,1,1
88494,2026-03-24,18137-05,Boletín N°18137-05,149,0,0,6,0,0,149,6,0,0.000000,0.961290,1,0,0,0
88500,2026-03-25,18003-35,Boletín N°18003-35,149,0,0,6,0,0,149,6,0,0.000000,0.961290,1,0,0,0
88501,2026-03-25,10634-29,Boletín N°10634-29,148,0,1,6,0,0,148,7,0,0.000000,0.954839,1,0,0,0
88502,2026-03-25,10634-29,Boletín N°10634-29,119,19,11,6,0,0,138,17,19,0.137681,0.890323,0,1,1,1
88503,2026-03-25,10634-29,Boletín N°10634-29,125,13,11,6,0,0,138,17,13,0.094203,0.890323,0,1,1,0
88504,2026-03-25,10634-29,Boletín N°10634-29,127,7,15,6,0,0,134,21,7,0.052239,0.864516,0,1,1,0
88505,2026-03-25,10634-29,Boletín N°10634-29,149,0,0,6,0,0,149,6,0,0.000000,0.961290,1,0,0,0
88506,2026-03-25,10634-29,Boletín N°10634-29,126,17,6,6,0,0,143,12,17,0.118881,0.922581,0,1,1,1
88507,2026-03-25,10634-29,Boletín N°10634-29,127,16,6,6,0,0,143,12,16,0.111888,0.922581,0,1,1,1
88517,2026-03-25,18137-05,Boletín N°18137-05,120,1,12,22,0,0,121,34,1,0.008264,0.780645,0,0,0,0
88518,2026-03-25,18137-05,Boletín N°18137-05,133,0,0,22,0,0,133,22,0,0.000000,0.858065,1,0,0,0
88519,2026-03-25,18137-05,Boletín N°18137-05,133,0,0,22,0,0,133,22,0,0.000000,0.858065,1,0,0,0
88544,2026-04-06,16569-25,Boletín N°16569-25,16,124,5,10,0,0,140,15,16,0.114286,0.903226,0,1,1,1
88545,2026-04-06,17234-15,Boletín N°17234-15,140,0,5,10,0,0,140,15,0,0.000000,0.903226,1,0,0,0
88564,2026-04-07,17504-22,Boletín N°17504-22,144,0,0,11,0,0,144,11,0,0.000000,0.929032,1,0,0,0
88594,2026-04-08,17246-15,Boletín N°17246-15,145,0,2,8,0,0,145,10,0,0.000000,0.935484,1,0,0,0
88611,2026-04-13,17880-13,Boletín N°17880-13,140,0,0,15,0,0,140,15,0,0.000000,0.903226,1,0,0,0
88612,2026-04-13,17170-07,Boletín N°17170-07,131,1,8,15,0,0,132,23,1,0.007576,0.851613,0,0,0,0
88613,2026-04-13,17170-07,Boletín N°17170-07,110,8,21,16,0,0,118,37,8,0.067797,0.761290,0,1,1,0
88614,2026-04-13,17170-07,Boletín N°17170-07,110,6,23,16,0,0,116,39,6,0.051724,0.748387,0,1,1,0
88633,2026-04-14,17354-37,Boletín N°17354-37,113,22,9,11,0,0,135,20,22,0.162963,0.870968,0,1,1,1
88634,2026-04-14,17690-07,Boletín N°17690-07,76,63,5,11,0,0,139,16,63,0.453237,0.896774,0,1,1,1
88646,2026-04-15,17757-29,Boletín N°17757-29,104,37,1,13,0,0,141,14,37,0.262411,0.909677,0,1,1,1
88647,2026-04-15,17522-12,Boletín N°17522-12,77,49,12,15,2,0,126,29,49,0.388889,0.812903,0,1,1,1
88648,2026-04-15,17522-12,Boletín N°17522-12,74,54,11,14,2,0,128,27,54,0.421875,0.825806,0,1,1,1
88679,2026-04-21,18043-06,Boletín N°18043-06,116,1,32,6,0,0,117,38,1,0.008547,0.754839,0,0,0,0
88680,2026-04-21,18156-04,Boletín N°18156-04,103,43,3,6,0,0,146,9,43,0.294521,0.941935,0,1,1,1
88681,2026-04-21,18156-04,Boletín N°18156-04,74,74,1,6,0,0,148,7,74,0.500000,0.954839,0,1,1,1
88682,2026-04-21,18156-04,Boletín N°18156-04,89,50,10,6,0,0,139,16,50,0.359712,0.896774,0,1,1,1
88683,2026-04-21,18156-04,Boletín N°18156-04,60,76,13,6,0,0,136,19,60,0.441176,0.877419,0,1,1,1
88684,2026-04-21,18156-04,Boletín N°18156-04,86,49,14,6,0,0,135,20,49,0.362963,0.870968,0,1,1,1
88685,2026-04-21,18156-04,Boletín N°18156-04,58,78,13,6,0,0,136,19,58,0.426471,0.877419,0,1,1,1
88686,2026-04-21,18156-04,Boletín N°18156-04,70,78,0,7,0,0,148,7,70,0.472973,0.954839,0,1,1,1
88687,2026-04-21,18156-04,Boletín N°18156-04,72,77,0,6,0,0,149,6,72,0.483221,0.961290,0,1,1,1
88688,2026-04-21,18156-04,Boletín N°18156-04,39,86,24,6,0,0,125,30,39,0.312000,0.806452,0,1,1,1
88689,2026-04-21,18156-04,Boletín N°18156-04,51,89,9,6,0,0,140,15,51,0.364286,0.903226,0,1,1,1
88690,2026-04-21,18156-04,Boletín N°18156-04,60,89,0,6,0,0,149,6,60,0.402685,0.961290,0,1,1,1
88691,2026-04-21,18156-04,Boletín N°18156-04,57,91,1,6,0,0,148,7,57,0.385135,0.954839,0,1,1,1
88692,2026-04-21,18156-04,Boletín N°18156-04,75,67,7,6,0,0,142,13,67,0.471831,0.916129,0,1,1,1
88693,2026-04-21,18156-04,Boletín N°18156-04,98,47,4,6,0,0,145,10,47,0.324138,0.935484,0,1,1,1
88694,2026-04-21,18156-04,Boletín N°18156-04,52,97,0,6,0,0,149,6,52,0.348993,0.961290,0,1,1,1
88695,2026-04-21,18156-04,Boletín N°18156-04,90,50,9,6,0,0,140,15,50,0.357143,0.903226,0,1,1,1
88696,2026-04-21,18156-04,Boletín N°18156-04,58,91,0,6,0,0,149,6,58,0.389262,0.961290,0,1,1,1
88697,2026-04-21,18156-04,Boletín N°18156-04,59,78,12,6,0,0,137,18,59,0.430657,0.883871,0,1,1,1
88698,2026-04-21,18156-04,Boletín N°18156-04,71,78,0,6,0,0,149,6,71,0.476510,0.961290,0,1,1,1
88699,2026-04-21,18156-04,Boletín N°18156-04,58,91,0,6,0,0,149,6,58,0.389262,0.961290,0,1,1,1
88700,2026-04-21,18156-04,Boletín N°18156-04,88,48,13,6,0,0,136,19,48,0.352941,0.877419,0,1,1,1
88701,2026-04-21,18156-04,Boletín N°18156-04,72,76,0,7,0,0,148,7,72,0.486486,0.954839,0,1,1,1
88702,2026-04-21,18156-04,Boletín N°18156-04,87,57,4,7,0,0,144,11,57,0.395833,0.929032,0,1,1,1
88703,2026-04-21,18156-04,Boletín N°18156-04,61,88,0,6,0,0,149,6,61,0.409396,0.961290,0,1,1,1
88704,2026-04-21,18156-04,Boletín N°18156-04,61,88,0,6,0,0,149,6,61,0.409396,0.961290,0,1,1,1
88705,2026-04-21,18156-04,Boletín N°18156-04,62,87,0,6,0,0,149,6,62,0.416107,0.961290,0,1,1,1
88706,2026-04-21,18156-04,Boletín N°18156-04,83,65,1,6,0,0,148,7,65,0.439189,0.954839,0,1,1,1
88707,2026-04-21,18156-04,Boletín N°18156-04,72,75,2,6,0,0,147,8,72,0.489796,0.948387,0,1,1,1
88718,2026-04-22,17235-07,Boletín N°17235-07,149,0,1,5,0,0,149,6,0,0.000000,0.961290,1,0,0,0
88738,2026-05-04,16851-14,Boletín N°16851-14,140,0,0,15,0,0,140,15,0,0.000000,0.903226,1,0,0,0
88754,2026-05-05,17724-34,Boletín N°17724-34,147,0,0,8,0,0,147,8,0,0.000000,0.948387,1,0,0,0
88755,2026-05-05,18016-13,Boletín N°18016-13,91,43,14,7,0,0,134,21,43,0.320896,0.864516,0,1,1,1
88756,2026-05-05,17381-03,Boletín N°17381-03,76,68,4,7,0,0,144,11,68,0.472222,0.929032,0,1,1,1
88757,2026-05-05,17381-03,Boletín N°17381-03,77,68,3,7,0,0,145,10,68,0.468966,0.935484,0,1,1,1
88758,2026-05-05,17471-07,Boletín N°17471-07,27,105,16,7,0,0,132,23,27,0.204545,0.851613,0,1,1,1
88759,2026-05-05,17872-33,Boletín N°17872-33,78,65,3,7,2,0,143,12,65,0.454545,0.922581,0,1,1,1
88760,2026-05-05,17872-33,Boletín N°17872-33,73,66,7,7,2,0,139,16,66,0.474820,0.896774,0,1,1,1
88761,2026-05-05,17405-07,Boletín N°17405-07,82,46,17,10,0,0,128,27,46,0.359375,0.825806,0,1,1,1
88794,2026-05-06,18107-07,Boletín N°18107-07,73,73,1,8,0,0,146,9,73,0.500000,0.941935,0,1,1,1
88810,2026-05-11,14309-04,Boletín N°14309-04,120,0,12,23,0,0,120,35,0,0.000000,0.774194,1,0,0,0
88811,2026-05-11,14309-04,Boletín N°14309-04,116,0,23,16,0,0,116,39,0,0.000000,0.748387,1,0,0,0
88812,2026-05-11,14309-04,Boletín N°14309-04,67,72,0,16,0,0,139,16,67,0.482014,0.896774,0,1,1,1
88813,2026-05-11,14309-04,Boletín N°14309-04,58,81,0,16,0,0,139,16,58,0.417266,0.896774,0,1,1,1
88826,2026-05-12,17112-19,Boletín N°17112-19,22,59,67,7,0,0,81,74,22,0.271605,0.522581,0,1,1,1
88869,2026-05-13,18215-10,Boletín N°18215-10,139,2,1,13,0,0,141,14,2,0.014184,0.909677,0,0,0,0
88870,2026-05-13,18155-25,Boletín N°18155-25,104,16,22,13,0,0,120,35,16,0.133333,0.774194,0,1,1,1
88871,2026-05-13,18155-25,Boletín N°18155-25,81,49,12,13,0,0,130,25,49,0.376923,0.838710,0,1,1,1
88872,2026-05-13,15258-25,Boletín N°15258-25,105,14,23,13,0,0,119,36,14,0.117647,0.767742,0,1,1,1
88881,2026-05-18,18232-25,Boletín N°18232-25,143,0,0,12,0,0,143,12,0,0.000000,0.922581,1,0,0,0
88893,2026-05-20,18216-05,Boletín N°18216-05,90,59,1,5,0,0,149,6,59,0.395973,0.961290,0,1,1,1
88894,2026-05-20,18216-05,Boletín N°18216-05,84,67,0,4,0,0,151,4,67,0.443709,0.974194,0,1,1,1
88895,2026-05-20,18216-05,Boletín N°18216-05,153,1,0,1,0,0,154,1,1,0.006494,0.993548,0,0,0,0
88896,2026-05-20,18216-05,Boletín N°18216-05,154,0,0,1,0,0,154,1,0,0.000000,0.993548,1,0,0,0
88897,2026-05-20,18216-05,Boletín N°18216-05,89,64,1,1,0,0,153,2,64,0.418301,0.987097,0,1,1,1
88898,2026-05-20,18216-05,Boletín N°18216-05,84,70,0,1,0,0,154,1,70,0.454545,0.993548,0,1,1,1
88899,2026-05-20,18216-05,Boletín N°18216-05,67,86,1,1,0,0,153,2,67,0.437908,0.987097,0,1,1,1
88900,2026-05-20,18216-05,Boletín N°18216-05,77,77,0,1,0,0,154,1,77,0.500000,0.993548,0,1,1,1
88901,2026-05-20,18216-05,Boletín N°18216-05,86,67,1,1,0,0,153,2,67,0.437908,0.987097,0,1,1,1
88902,2026-05-20,18216-05,Boletín N°18216-05,98,56,0,1,0,0,154,1,56,0.363636,0.993548,0,1,1,1
88903,2026-05-20,18216-05,Boletín N°18216-05,90,61,3,1,0,0,151,4,61,0.403974,0.974194,0,1,1,1
88904,2026-05-20,18216-05,Boletín N°18216-05,43,104,7,1,0,0,147,8,43,0.292517,0.948387,0,1,1,1
88905,2026-05-20,18216-05,Boletín N°18216-05,88,66,0,1,0,0,154,1,66,0.428571,0.993548,0,1,1,1
88906,2026-05-20,18216-05,Boletín N°18216-05,87,65,2,1,0,0,152,3,65,0.427632,0.980645,0,1,1,1
88907,2026-05-20,18216-05,Boletín N°18216-05,81,69,4,1,0,0,150,5,69,0.460000,0.967742,0,1,1,1
88908,2026-05-20,18216-05,Boletín N°18216-05,90,63,1,1,0,0,153,2,63,0.411765,0.987097,0,1,1,1
88909,2026-05-20,18216-05,Boletín N°18216-05,82,71,1,1,0,0,153,2,71,0.464052,0.987097,0,1,1,1
88910,2026-05-20,18216-05,Boletín N°18216-05,80,65,9,1,0,0,145,10,65,0.448276,0.935484,0,1,1,1
88911,2026-05-20,18216-05,Boletín N°18216-05,82,48,24,1,0,0,130,25,48,0.369231,0.838710,0,1,1,1
88912,2026-05-20,18216-05,Boletín N°18216-05,95,57,1,2,0,0,152,3,57,0.375000,0.980645,0,1,1,1
88913,2026-05-20,18216-05,Boletín N°18216-05,67,84,2,2,0,0,151,4,67,0.443709,0.974194,0,1,1,1
88914,2026-05-20,18216-05,Boletín N°18216-05,65,87,1,2,0,0,152,3,65,0.427632,0.980645,0,1,1,1
88915,2026-05-20,18216-05,Boletín N°18216-05,85,66,2,2,0,0,151,4,66,0.437086,0.974194,0,1,1,1
88916,2026-05-20,18216-05,Boletín N°18216-05,0,151,2,2,0,0,151,4,0,0.000000,0.974194,1,0,0,0
88917,2026-05-20,18216-05,Boletín N°18216-05,68,85,0,2,0,0,153,2,68,0.444444,0.987097,0,1,1,1
88918,2026-05-20,18216-05,Boletín N°18216-05,71,82,0,2,0,0,153,2,71,0.464052,0.987097,0,1,1,1
88919,2026-05-20,18216-05,Boletín N°18216-05,80,73,0,2,0,0,153,2,73,0.477124,0.987097,0,1,1,1
88920,2026-05-20,18216-05,Boletín N°18216-05,91,61,1,2,0,0,152,3,61,0.401316,0.980645,0,1,1,1
88921,2026-05-20,18216-05,Boletín N°18216-05,84,69,0,2,0,0,153,2,69,0.450980,0.987097,0,1,1,1
88922,2026-05-20,18216-05,Boletín N°18216-05,83,69,1,2,0,0,152,3,69,0.453947,0.980645,0,1,1,1
88923,2026-05-20,18216-05,Boletín N°18216-05,82,71,0,2,0,0,153,2,71,0.464052,0.987097,0,1,1,1
88924,2026-05-20,18216-05,Boletín N°18216-05,84,68,0,3,0,0,152,3,68,0.447368,0.980645,0,1,1,1
88925,2026-05-20,18216-05,Boletín N°18216-05,90,60,3,2,0,0,150,5,60,0.400000,0.967742,0,1,1,1
88926,2026-05-20,18216-05,Boletín N°18216-05,95,58,0,2,0,0,153,2,58,0.379085,0.987097,0,1,1,1
88927,2026-05-20,18216-05,Boletín N°18216-05,95,57,1,2,0,0,152,3,57,0.375000,0.980645,0,1,1,1
88928,2026-05-20,18216-05,Boletín N°18216-05,93,29,16,17,0,0,122,33,29,0.237705,0.787097,0,1,1,1
88929,2026-05-20,18216-05,Boletín N°18216-05,6,139,0,10,0,0,145,10,6,0.041379,0.935484,0,1,0,0
88930,2026-05-20,18216-05,Boletín N°18216-05,97,52,0,6,0,0,149,6,52,0.348993,0.961290,0,1,1,1
88931,2026-05-20,18216-05,Boletín N°18216-05,83,69,0,3,0,0,152,3,69,0.453947,0.980645,0,1,1,1
88932,2026-05-20,18216-05,Boletín N°18216-05,60,91,1,3,0,0,151,4,60,0.397351,0.974194,0,1,1,1
88933,2026-05-20,18216-05,Boletín N°18216-05,58,94,0,3,0,0,152,3,58,0.381579,0.980645,0,1,1,1
88934,2026-05-20,18216-05,Boletín N°18216-05,122,30,0,3,0,0,152,3,30,0.197368,0.980645,0,1,1,1
88935,2026-05-20,18216-05,Boletín N°18216-05,138,14,0,3,0,0,152,3,14,0.092105,0.980645,0,1,1,0
88936,2026-05-20,18216-05,Boletín N°18216-05,127,6,19,3,0,0,133,22,6,0.045113,0.858065,0,1,0,0
88937,2026-05-20,18216-05,Boletín N°18216-05,139,12,1,3,0,0,151,4,12,0.079470,0.974194,0,1,1,0
88938,2026-05-20,18216-05,Boletín N°18216-05,142,10,0,3,0,0,152,3,10,0.065789,0.980645,0,1,1,0
88939,2026-05-20,18216-05,Boletín N°18216-05,81,69,2,3,0,0,150,5,69,0.460000,0.967742,0,1,1,1
88940,2026-05-20,18216-05,Boletín N°18216-05,82,69,2,2,0,0,151,4,69,0.456954,0.974194,0,1,1,1
88941,2026-05-20,18216-05,Boletín N°18216-05,81,71,1,2,0,0,152,3,71,0.467105,0.980645,0,1,1,1
88942,2026-05-20,18216-05,Boletín N°18216-05,101,49,3,2,0,0,150,5,49,0.326667,0.967742,0,1,1,1
88943,2026-05-20,18216-05,Boletín N°18216-05,152,0,1,2,0,0,152,3,0,0.000000,0.980645,1,0,0,0
88944,2026-05-20,18216-05,Boletín N°18216-05,62,87,4,2,0,0,149,6,62,0.416107,0.961290,0,1,1,1
88945,2026-05-20,18216-05,Boletín N°18216-05,71,82,0,2,0,0,153,2,71,0.464052,0.987097,0,1,1,1
88946,2026-05-20,18216-05,Boletín N°18216-05,80,69,4,2,0,0,149,6,69,0.463087,0.961290,0,1,1,1
88947,2026-05-20,18216-05,Boletín N°18216-05,81,68,4,2,0,0,149,6,68,0.456376,0.961290,0,1,1,1
88948,2026-05-20,18216-05,Boletín N°18216-05,79,57,17,2,0,0,136,19,57,0.419118,0.877419,0,1,1,1
88949,2026-05-20,18216-05,Boletín N°18216-05,67,83,3,2,0,0,150,5,67,0.446667,0.967742,0,1,1,1
88950,2026-05-20,18216-05,Boletín N°18216-05,76,76,1,2,0,0,152,3,76,0.500000,0.980645,0,1,1,1
88951,2026-05-20,18216-05,Boletín N°18216-05,74,78,1,2,0,0,152,3,74,0.486842,0.980645,0,1,1,1
88952,2026-05-20,18216-05,Boletín N°18216-05,64,89,0,2,0,0,153,2,64,0.418301,0.987097,0,1,1,1
88953,2026-05-20,18216-05,Boletín N°18216-05,55,93,5,2,0,0,148,7,55,0.371622,0.954839,0,1,1,1
88954,2026-05-20,18216-05,Boletín N°18216-05,74,75,4,2,0,0,149,6,74,0.496644,0.961290,0,1,1,1
88955,2026-05-20,18216-05,Boletín N°18216-05,74,78,1,2,0,0,152,3,74,0.486842,0.980645,0,1,1,1
88956,2026-05-20,18216-05,Boletín N°18216-05,73,79,0,3,0,0,152,3,73,0.480263,0.980645,0,1,1,1
88957,2026-05-20,18216-05,Boletín N°18216-05,74,76,2,3,0,0,150,5,74,0.493333,0.967742,0,1,1,1
88958,2026-05-20,18216-05,Boletín N°18216-05,92,59,2,2,0,0,151,4,59,0.390728,0.974194,0,1,1,1
88959,2026-05-20,18216-05,Boletín N°18216-05,89,62,2,2,0,0,151,4,62,0.410596,0.974194,0,1,1,1
88960,2026-05-20,18216-05,Boletín N°18216-05,96,56,1,2,0,0,152,3,56,0.368421,0.980645,0,1,1,1
88961,2026-05-20,18216-05,Boletín N°18216-05,84,66,3,2,0,0,150,5,66,0.440000,0.967742,0,1,1,1
88962,2026-05-20,18216-05,Boletín N°18216-05,77,76,0,2,0,0,153,2,76,0.496732,0.987097,0,1,1,1
88963,2026-05-20,18216-05,Boletín N°18216-05,90,63,0,2,0,0,153,2,63,0.411765,0.987097,0,1,1,1
88964,2026-05-20,18216-05,Boletín N°18216-05,87,66,0,2,0,0,153,2,66,0.431373,0.987097,0,1,1,1
88965,2026-05-20,18216-05,Boletín N°18216-05,138,11,4,2,0,0,149,6,11,0.073826,0.961290,0,1,1,0
88966,2026-05-20,18216-05,Boletín N°18216-05,94,55,4,2,0,0,149,6,55,0.369128,0.961290,0,1,1,1
88967,2026-05-20,18216-05,Boletín N°18216-05,83,69,1,2,0,0,152,3,69,0.453947,0.980645,0,1,1,1
88968,2026-05-20,18216-05,Boletín N°18216-05,86,65,2,2,0,0,151,4,65,0.430464,0.974194,0,1,1,1
88969,2026-05-20,18216-05,Boletín N°18216-05,89,63,0,3,0,0,152,3,63,0.414474,0.980645,0,1,1,1
88970,2026-05-20,18216-05,Boletín N°18216-05,81,70,2,2,0,0,151,4,70,0.463576,0.974194,0,1,1,1
88971,2026-05-20,18216-05,Boletín N°18216-05,81,69,1,4,0,0,150,5,69,0.460000,0.967742,0,1,1,1
88972,2026-05-20,18216-05,Boletín N°18216-05,80,72,1,2,0,0,152,3,72,0.473684,0.980645,0,1,1,1
88973,2026-05-20,18216-05,Boletín N°18216-05,80,73,0,2,0,0,153,2,73,0.477124,0.987097,0,1,1,1
88974,2026-05-20,18216-05,Boletín N°18216-05,71,82,0,2,0,0,153,2,71,0.464052,0.987097,0,1,1,1
88975,2026-05-20,18216-05,Boletín N°18216-05,76,75,2,2,0,0,151,4,75,0.496689,0.974194,0,1,1,1
88976,2026-05-20,18216-05,Boletín N°18216-05,67,86,0,2,0,0,153,2,67,0.437908,0.987097,0,1,1,1
88977,2026-05-20,18216-05,Boletín N°18216-05,75,77,1,2,0,0,152,3,75,0.493421,0.980645,0,1,1,1
88978,2026-05-20,18216-05,Boletín N°18216-05,70,81,2,2,0,0,151,4,70,0.463576,0.974194,0,1,1,1
88979,2026-05-20,18216-05,Boletín N°18216-05,71,81,1,2,0,0,152,3,71,0.467105,0.980645,0,1,1,1
88980,2026-05-20,18216-05,Boletín N°18216-05,68,83,2,2,0,0,151,4,68,0.450331,0.974194,0,1,1,1
88981,2026-05-20,18216-05,Boletín N°18216-05,92,57,4,2,0,0,149,6,57,0.382550,0.961290,0,1,1,1
88984,2026-05-20,18216-05,Boletín N°18216-05,72,79,2,2,0,0,151,4,72,0.476821,0.974194,0,1,1,1
89000,2026-06-02,18156-04,Boletín N°18156-04,105,46,0,4,0,0,151,4,46,0.304636,0.974194,0,1,1,1
89001,2026-06-02,18156-04,Boletín N°18156-04,119,31,1,4,0,0,150,5,31,0.206667,0.967742,0,1,1,1
89002,2026-06-02,18156-04,Boletín N°18156-04,105,45,1,4,0,0,150,5,45,0.300000,0.967742,0,1,1,1
89003,2026-06-02,17287-14,Boletín N°17287-14,126,15,9,5,0,0,141,14,15,0.106383,0.909677,0,1,1,1
89031,2026-06-03,16808-25,Boletín N°16808-25,149,0,0,6,0,0,149,6,0,0.000000,0.961290,1,0,0,0
89032,2026-06-03,16808-25,Boletín N°16808-25,61,86,2,6,0,0,147,8,61,0.414966,0.948387,0,1,1,1
89033,2026-06-03,18230-13,Boletín N°18230-13,136,1,12,6,0,0,137,18,1,0.007299,0.883871,0,0,0,0
89034,2026-06-03,18230-13,Boletín N°18230-13,91,46,12,6,0,0,137,18,46,0.335766,0.883871,0,1,1,1
89035,2026-06-03,18230-13,Boletín N°18230-13,89,49,11,6,0,0,138,17,49,0.355072,0.890323,0,1,1,1
89036,2026-06-03,18230-13,Boletín N°18230-13,91,48,10,6,0,0,139,16,48,0.345324,0.896774,0,1,1,1
89037,2026-06-03,18230-13,Boletín N°18230-13,91,49,9,6,0,0,140,15,49,0.350000,0.903226,0,1,1,1
89038,2026-06-03,18230-13,Boletín N°18230-13,132,6,11,6,0,0,138,17,6,0.043478,0.890323,0,1,0,0
89067,2026-06-08,17956-10,Boletín N°17956-10,128,0,0,27,0,0,128,27,0,0.000000,0.825806,1,0,0,0
89068,2026-06-08,17957-10,Boletín N°17957-10,127,0,0,28,0,0,127,28,0,0.000000,0.819355,1,0,0,0
89069,2026-06-08,17958-10,Boletín N°17958-10,127,1,0,27,0,0,128,27,1,0.007812,0.825806,0,0,0,0
89070,2026-06-08,18178-10,Boletín N°18178-10,129,0,0,26,0,0,129,26,0,0.000000,0.832258,1,0,0,0
89071,2026-06-08,18030-12,Boletín N°18030-12,81,44,4,26,0,0,125,30,44,0.352000,0.806452,0,1,1,1
89072,2026-06-08,18157-33,Boletín N°18157-33,127,0,0,25,3,0,127,28,0,0.000000,0.819355,1,0,0,0
89085,2026-06-09,16686-19,Boletín N°16686-19,134,2,4,15,0,0,136,19,2,0.014706,0.877419,0,0,0,0
89086,2026-06-09,16686-19,Boletín N°16686-19,135,0,6,14,0,0,135,20,0,0.000000,0.870968,1,0,0,0
89087,2026-06-09,15258-25,Boletín N°15258-25,128,1,12,14,0,0,129,26,1,0.007752,0.832258,0,0,0,0
89104,2026-06-10,18048-06,Boletín N°18048-06,142,0,1,12,0,0,142,13,0,0.000000,0.916129,1,0,0,0
89105,2026-06-10,17630-10,Boletín N°17630-10,143,0,0,12,0,0,143,12,0,0.000000,0.922581,1,0,0,0
89106,2026-06-10,18256-10,Boletín N°18256-10,143,0,0,12,0,0,143,12,0,0.000000,0.922581,1,0,0,0
89107,2026-06-10,16725-06,Boletín N°16725-06,87,54,2,12,0,0,141,14,54,0.382979,0.909677,0,1,1,1
89108,2026-06-10,16725-06,Boletín N°16725-06,143,0,0,12,0,0,143,12,0,0.000000,0.922581,1,0,0,0
89109,2026-06-10,15936-18,Boletín N°15936-18,143,0,0,12,0,0,143,12,0,0.000000,0.922581,1,0,0,0
89110,2026-06-10,15936-18,Boletín N°15936-18,103,0,40,12,0,0,103,52,0,0.000000,0.664516,1,0,0,0
89111,2026-06-10,15936-18,Boletín N°15936-18,102,1,40,12,0,0,103,52,1,0.009709,0.664516,0,0,0,0
89112,2026-06-10,15936-18,Boletín N°15936-18,143,0,0,12,0,0,143,12,0,0.000000,0.922581,1,0,0,0
89113,2026-06-10,15936-18,Boletín N°15936-18,106,5,32,12,0,0,111,44,5,0.045045,0.716129,0,1,0,0
89153,2026-06-16,16857-07,Boletín N°16857-07,147,0,0,8,0,0,147,8,0,0.000000,0.948387,1,0,0,0
89154,2026-06-16,16857-07,Boletín N°16857-07,50,85,12,8,0,0,135,20,50,0.370370,0.870968,0,1,1,1
89155,2026-06-16,16857-07,Boletín N°16857-07,51,85,11,8,0,0,136,19,51,0.375000,0.877419,0,1,1,1
89156,2026-06-16,16857-07,Boletín N°16857-07,147,0,0,8,0,0,147,8,0,0.000000,0.948387,1,0,0,0
89157,2026-06-16,16857-07,Boletín N°16857-07,62,27,58,8,0,0,89,66,27,0.303371,0.574194,0,1,1,1
89158,2026-06-16,16857-07,Boletín N°16857-07,55,38,54,8,0,0,93,62,38,0.408602,0.600000,0,1,1,1
89159,2026-06-16,16857-07,Boletín N°16857-07,147,0,0,8,0,0,147,8,0,0.000000,0.948387,1,0,0,0
89160,2026-06-16,16857-07,Boletín N°16857-07,54,67,26,8,0,0,121,34,54,0.446281,0.780645,0,1,1,1
89161,2026-06-16,16857-07,Boletín N°16857-07,80,42,25,8,0,0,122,33,42,0.344262,0.787097,0,1,1,1
89162,2026-06-16,17222-07,Boletín N°17222-07,146,1,0,8,0,0,147,8,1,0.006803,0.948387,0,0,0,0
89178,2026-06-17,18296-05,Boletín N°18296-05,94,52,1,8,0,0,146,9,52,0.356164,0.941935,0,1,1,1
89179,2026-06-17,18296-05,Boletín N°18296-05,73,73,1,8,0,0,146,9,73,0.500000,0.941935,0,1,1,1
89180,2026-06-17,18296-05,Boletín N°18296-05,72,74,1,8,0,0,146,9,72,0.493151,0.941935,0,1,1,1
89210,2026-06-22,10986-24,Boletín N°10986-24,130,0,0,25,0,0,130,25,0,0.000000,0.838710,1,0,0,0
89241,2026-06-24,18257-10,Boletín N°18257-10,138,0,0,17,0,0,138,17,0,0.000000,0.890323,1,0,0,0
89242,2026-06-24,18211-25,Boletín N°18211-25,100,36,2,17,0,0,136,19,36,0.264706,0.877419,0,1,1,1
89287,2026-07-06,16851-14,Boletín N°16851-14,132,0,3,20,0,0,132,23,0,0.000000,0.851613,1,0,0,0
89288,2026-07-06,16851-14,Boletín N°16851-14,67,67,1,20,0,0,134,21,67,0.500000,0.864516,0,1,1,1
89302,2026-07-07,16743-04,Boletín N°16743-04,104,33,5,12,1,0,137,18,33,0.240876,0.883871,0,1,1,1
89303,2026-07-07,16743-04,Boletín N°16743-04,103,36,3,12,1,0,139,16,36,0.258993,0.896774,0,1,1,1
89304,2026-07-07,16743-04,Boletín N°16743-04,105,36,2,11,1,0,141,14,36,0.255319,0.909677,0,1,1,1
89305,2026-07-07,16743-04,Boletín N°16743-04,69,74,0,11,1,0,143,12,69,0.482517,0.922581,0,1,1,1
89306,2026-07-07,16743-04,Boletín N°16743-04,62,81,1,10,1,0,143,12,62,0.433566,0.922581,0,1,1,1
89307,2026-07-07,16743-04,Boletín N°16743-04,59,85,0,10,1,0,144,11,59,0.409722,0.929032,0,1,1,1
89308,2026-07-07,16743-04,Boletín N°16743-04,99,40,5,10,1,0,139,16,40,0.287770,0.896774,0,1,1,1
89309,2026-07-07,16743-04,Boletín N°16743-04,103,33,8,10,1,0,136,19,33,0.242647,0.877419,0,1,1,1
89310,2026-07-07,16743-04,Boletín N°16743-04,91,52,1,10,1,0,143,12,52,0.363636,0.922581,0,1,1,1
89311,2026-07-07,16743-04,Boletín N°16743-04,105,37,2,10,1,0,142,13,37,0.260563,0.916129,0,1,1,1
89312,2026-07-07,16743-04,Boletín N°16743-04,106,36,2,10,1,0,142,13,36,0.253521,0.916129,0,1,1,1
89313,2026-07-07,14767-03,Boletín N°14767-03,95,0,50,10,0,0,95,60,0,0.000000,0.612903,1,0,0,0
89314,2026-07-07,14767-03,Boletín N°14767-03,60,84,1,10,0,0,144,11,60,0.416667,0.929032,0,1,1,1
89315,2026-07-07,14767-03,Boletín N°14767-03,97,3,45,10,0,0,100,55,3,0.030000,0.645161,0,1,0,0
89316,2026-07-07,14767-03,Boletín N°14767-03,57,85,3,10,0,0,142,13,57,0.401408,0.916129,0,1,1,1
89317,2026-07-07,14767-03,Boletín N°14767-03,60,85,0,10,0,0,145,10,60,0.413793,0.935484,0,1,1,1
89344,2026-07-08,18384-08,Boletín N°18384-08,89,34,9,23,0,0,123,32,34,0.276423,0.793548,0,1,1,1
89345,2026-07-08,18384-08,Boletín N°18384-08,78,34,20,23,0,0,112,43,34,0.303571,0.722581,0,1,1,1
89346,2026-07-08,18384-08,Boletín N°18384-08,76,39,17,23,0,0,115,40,39,0.339130,0.741935,0,1,1,1
89347,2026-07-08,18384-08,Boletín N°18384-08,78,40,14,23,0,0,118,37,40,0.338983,0.761290,0,1,1,1
89348,2026-07-08,18384-08,Boletín N°18384-08,67,64,1,23,0,0,131,24,64,0.488550,0.845161,0,1,1,1
89349,2026-07-08,18384-08,Boletín N°18384-08,66,65,1,23,0,0,131,24,65,0.496183,0.845161,0,1,1,1
89350,2026-07-08,18384-08,Boletín N°18384-08,130,1,1,23,0,0,131,24,1,0.007634,0.845161,0,0,0,0
89351,2026-07-08,18384-08,Boletín N°18384-08,66,61,5,23,0,0,127,28,61,0.480315,0.819355,0,1,1,1
89352,2026-07-08,18384-08,Boletín N°18384-08,83,45,4,23,0,0,128,27,45,0.351562,0.825806,0,1,1,1
89353,2026-07-08,18384-08,Boletín N°18384-08,72,58,2,23,0,0,130,25,58,0.446154,0.838710,0,1,1,1
89354,2026-07-08,18384-08,Boletín N°18384-08,73,59,0,23,0,0,132,23,59,0.446970,0.851613,0,1,1,1
89355,2026-07-08,18384-08,Boletín N°18384-08,56,76,0,23,0,0,132,23,56,0.424242,0.851613,0,1,1,1
89356,2026-07-08,18384-08,Boletín N°18384-08,130,1,1,23,0,0,131,24,1,0.007634,0.845161,0,0,0,0
89357,2026-07-08,18384-08,Boletín N°18384-08,86,40,6,23,0,0,126,29,40,0.317460,0.812903,0,1,1,1
89358,2026-07-08,18384-08,Boletín N°18384-08,131,1,0,23,0,0,132,23,1,0.007576,0.851613,0,0,0,0
89381,2026-07-13,18399-06,Boletín N°18399-06,97,0,33,25,0,0,97,58,0,0.000000,0.625806,1,0,0,0
89382,2026-07-13,18399-06,Boletín N°18399-06,12,80,42,21,0,0,92,63,12,0.130435,0.593548,0,1,1,1
89383,2026-07-13,18399-06,Boletín N°18399-06,103,0,34,18,0,0,103,52,0,0.000000,0.664516,1,0,0,0
89384,2026-07-13,16836-06,Boletín N°16836-06,125,0,13,17,0,0,125,30,0,0.000000,0.806452,1,0,0,0
89385,2026-07-13,16836-06,Boletín N°16836-06,99,39,1,16,0,0,138,17,39,0.282609,0.890323,0,1,1,1
89386,2026-07-13,16836-06,Boletín N°16836-06,99,37,2,17,0,0,136,19,37,0.272059,0.877419,0,1,1,1
89387,2026-07-13,16836-06,Boletín N°16836-06,98,39,1,17,0,0,137,18,39,0.284672,0.883871,0,1,1,1
89388,2026-07-13,16836-06,Boletín N°16836-06,138,1,0,16,0,0,139,16,1,0.007194,0.896774,0,0,0,0
89389,2026-07-13,16836-06,Boletín N°16836-06,51,69,19,16,0,0,120,35,51,0.425000,0.774194,0,1,1,1
89390,2026-07-13,16836-06,Boletín N°16836-06,90,49,0,16,0,0,139,16,49,0.352518,0.896774,0,1,1,1
89391,2026-07-13,16836-06,Boletín N°16836-06,100,37,2,16,0,0,137,18,37,0.270073,0.883871,0,1,1,1
89407,2026-07-14,17012-14,Boletín N°17012-14,139,0,0,16,0,0,139,16,0,0.000000,0.896774,1,0,0,0
89408,2026-07-14,17012-14,Boletín N°17012-14,139,0,0,16,0,0,139,16,0,0.000000,0.896774,1,0,0,0
89409,2026-07-14,17012-14,Boletín N°17012-14,85,50,4,16,0,0,135,20,50,0.370370,0.870968,0,1,1,1
89410,2026-07-14,17012-14,Boletín N°17012-14,89,47,3,16,0,0,136,19,47,0.345588,0.877419,0,1,1,1
89411,2026-07-14,17012-14,Boletín N°17012-14,128,11,0,16,0,0,139,16,11,0.079137,0.896774,0,1,1,0
89420,2026-07-15,18401-31,Boletín N°18401-31,121,0,0,34,0,0,121,34,0,0.000000,0.780645,1,0,0,0
89421,2026-07-15,18401-31,Boletín N°18401-31,57,55,11,32,0,0,112,43,55,0.491071,0.722581,0,1,1,1
89422,2026-07-15,18401-31,Boletín N°18401-31,120,2,0,33,0,0,122,33,2,0.016393,0.787097,0,0,0,0
89423,2026-07-15,18401-31,Boletín N°18401-31,105,1,17,32,0,0,106,49,1,0.009434,0.683871,0,0,0,0
89470,2026-07-21,18216-05,Boletín N°18216-05,85,59,0,11,0,0,144,11,59,0.409722,0.929032,0,1,1,1
89471,2026-07-21,18216-05,Boletín N°18216-05,133,11,0,11,0,0,144,11,11,0.076389,0.929032,0,1,1,0
89472,2026-07-21,18216-05,Boletín N°18216-05,100,44,0,11,0,0,144,11,44,0.305556,0.929032,0,1,1,1
89473,2026-07-21,18216-05,Boletín N°18216-05,87,57,1,10,0,0,144,11,57,0.395833,0.929032,0,1,1,1
89474,2026-07-21,18216-05,Boletín N°18216-05,98,46,0,11,0,0,144,11,46,0.319444,0.929032,0,1,1,1
89475,2026-07-21,18216-05,Boletín N°18216-05,84,61,0,10,0,0,145,10,61,0.420690,0.935484,0,1,1,1
89476,2026-07-21,18216-05,Boletín N°18216-05,84,61,0,10,0,0,145,10,61,0.420690,0.935484,0,1,1,1
89477,2026-07-21,18216-05,Boletín N°18216-05,81,64,0,10,0,0,145,10,64,0.441379,0.935484,0,1,1,1
89478,2026-07-21,18216-05,Boletín N°18216-05,81,63,0,11,0,0,144,11,63,0.437500,0.929032,0,1,1,1
89479,2026-07-21,18216-05,Boletín N°18216-05,81,64,0,10,0,0,145,10,64,0.441379,0.935484,0,1,1,1
89480,2026-07-21,18216-05,Boletín N°18216-05,83,62,0,10,0,0,145,10,62,0.427586,0.935484,0,1,1,1
89481,2026-07-21,18216-05,Boletín N°18216-05,83,62,0,10,0,0,145,10,62,0.427586,0.935484,0,1,1,1
89482,2026-07-21,18216-05,Boletín N°18216-05,98,47,0,10,0,0,145,10,47,0.324138,0.935484,0,1,1,1
89483,2026-07-21,18216-05,Boletín N°18216-05,95,50,0,10,0,0,145,10,50,0.344828,0.935484,0,1,1,1
89484,2026-07-21,18216-05,Boletín N°18216-05,84,61,0,10,0,0,145,10,61,0.420690,0.935484,0,1,1,1
89485,2026-07-21,18216-05,Boletín N°18216-05,75,70,0,10,0,0,145,10,70,0.482759,0.935484,0,1,1,1
89486,2026-07-21,18216-05,Boletín N°18216-05,75,70,0,10,0,0,145,10,70,0.482759,0.935484,0,1,1,1
89487,2026-07-21,18216-05,Boletín N°18216-05,96,48,0,11,0,0,144,11,48,0.333333,0.929032,0,1,1,1
89488,2026-07-21,18216-05,Boletín N°18216-05,76,69,0,10,0,0,145,10,69,0.475862,0.935484,0,1,1,1
89489,2026-07-21,18216-05,Boletín N°18216-05,85,60,0,10,0,0,145,10,60,0.413793,0.935484,0,1,1,1
89490,2026-07-21,18216-05,Boletín N°18216-05,87,58,0,10,0,0,145,10,58,0.400000,0.935484,0,1,1,1
89491,2026-07-21,18216-05,Boletín N°18216-05,84,61,0,10,0,0,145,10,61,0.420690,0.935484,0,1,1,1
89492,2026-07-21,18216-05,Boletín N°18216-05,85,60,0,10,0,0,145,10,60,0.413793,0.935484,0,1,1,1
89493,2026-07-21,18216-05,Boletín N°18216-05,94,51,0,10,0,0,145,10,51,0.351724,0.935484,0,1,1,1
89494,2026-07-21,18216-05,Boletín N°18216-05,82,63,0,10,0,0,145,10,63,0.434483,0.935484,0,1,1,1
89495,2026-07-21,18216-05,Boletín N°18216-05,82,63,0,10,0,0,145,10,63,0.434483,0.935484,0,1,1,1
89521,2026-07-22,18301-10,Boletín N°18301-10,135,0,0,20,0,0,135,20,0,0.000000,0.870968,1,0,0,0
89522,2026-07-22,18431-31,Boletín N°18431-31,135,0,0,20,0,0,135,20,0,0.000000,0.870968,1,0,0,0
89523,2026-07-22,18431-31,Boletín N°18431-31,66,67,2,20,0,0,133,22,66,0.496241,0.858065,0,1,1,1
89524,2026-07-22,17795-19,Boletín N°17795-19,128,2,5,20,0,0,130,25,2,0.015385,0.838710,0,0,0,0
89542,2026-07-22,18216-05,Boletín N°18216-05,80,48,2,25,0,0,128,27,48,0.375000,0.825806,0,1,1,1
89543,2026-07-22,18384-08,Boletín N°18384-08,117,4,8,26,0,0,121,34,4,0.033058,0.780645,0,1,0,0
89544,2026-07-22,18259-08,Boletín N°18259-08,107,2,20,26,0,0,109,46,2,0.018349,0.703226,0,0,0,0
89545,2026-07-22,18259-08,Boletín N°18259-08,126,0,2,27,0,0,126,29,0,0.000000,0.812903,1,0,0,0
89546,2026-07-22,18259-08,Boletín N°18259-08,124,1,3,27,0,0,125,30,1,0.008000,0.806452,0,0,0,0
89583,2026-08-04,18258-07,Boletín N°18258-07,119,27,0,9,0,0,146,9,27,0.184932,0.941935,0,1,1,1
89584,2026-08-04,18258-07,Boletín N°18258-07,67,77,2,9,0,0,144,11,67,0.465278,0.929032,0,1,1,1
89585,2026-08-04,18258-07,Boletín N°18258-07,90,45,11,9,0,0,135,20,45,0.333333,0.870968,0,1,1,1
89587,2026-08-04,16569-25,Boletín N°16569-25,146,0,0,9,0,0,146,9,0,0.000000,0.941935,1,0,0,0
89630,2026-08-05,18524-05,Boletín N°18524-05,139,0,0,16,0,0,139,16,0,0.000000,0.896774,1,0,0,0
89631,2026-08-05,18389-04,Boletín N°18389-04,111,28,1,15,0,0,139,16,28,0.201439,0.896774,0,1,1,1
89632,2026-08-05,18389-04,Boletín N°18389-04,88,49,3,15,0,0,137,18,49,0.357664,0.883871,0,1,1,1
89633,2026-08-05,18389-04,Boletín N°18389-04,64,75,1,15,0,0,139,16,64,0.460432,0.896774,0,1,1,1
89634,2026-08-05,18389-04,Boletín N°18389-04,79,58,3,15,0,0,137,18,58,0.423358,0.883871,0,1,1,1
89668,2026-08-10,18216-05,Boletín N°18216-05,75,59,12,9,0,0,134,21,59,0.440299,0.864516,0,1,1,1
89669,2026-08-10,18216-05,Boletín N°18216-05,75,58,13,9,0,0,133,22,58,0.436090,0.858065,0,1,1,1
89670,2026-08-10,18216-05,Boletín N°18216-05,74,50,22,9,0,0,124,31,50,0.403226,0.800000,0,1,1,1
89693,2026-08-11,16300-07,Boletín N°16300-07,114,26,2,13,0,0,140,15,26,0.185714,0.903226,0,1,1,1
89694,2026-08-11,16300-07,Boletín N°16300-07,67,75,0,13,0,0,142,13,67,0.471831,0.916129,0,1,1,1
89695,2026-08-11,16300-07,Boletín N°16300-07,106,36,0,13,0,0,142,13,36,0.253521,0.916129,0,1,1,1
89749,2026-08-12,18210-06,Boletín N°18210-06,133,0,1,21,0,0,133,22,0,0.000000,0.858065,1,0,0,0
89750,2026-08-12,16777-07,Boletín N°16777-07,134,0,0,21,0,0,134,21,0,0.000000,0.864516,1,0,0,0
89751,2026-08-12,18030-12,Boletín N°18030-12,74,51,9,21,0,0,125,30,51,0.408000,0.806452,0,1,1,1
89779,2026-08-17,17912-25,Boletín N°17912-25,131,0,0,24,0,0,131,24,0,0.000000,0.845161,1,0,0,0
89780,2026-08-17,17912-25,Boletín N°17912-25,52,60,18,25,0,0,112,43,52,0.464286,0.722581,0,1,1,1
89781,2026-08-17,17912-25,Boletín N°17912-25,130,0,0,25,0,0,130,25,0,0.000000,0.838710,1,0,0,0
89783,2026-08-17,17451-15,Boletín N°17451-15,127,0,3,25,0,0,127,28,0,0.000000,0.819355,1,0,0,0
89784,2026-08-17,17837-13,Boletín N°17837-13,79,45,8,23,0,0,124,31,45,0.362903,0.800000,0,1,1,1
89814,2026-08-18,18525-06,Boletín N°18525-06,134,1,0,20,0,0,135,20,1,0.007407,0.870968,0,0,0,0
89815,2026-08-18,18525-06,Boletín N°18525-06,132,1,2,20,0,0,133,22,1,0.007519,0.858065,0,0,0,0
89816,2026-08-18,18525-06,Boletín N°18525-06,118,15,2,20,0,0,133,22,15,0.112782,0.858065,0,1,1,1
89817,2026-08-18,18525-06,Boletín N°18525-06,77,51,7,20,0,0,128,27,51,0.398438,0.825806,0,1,1,1
89842,2026-08-18,15387-12,Boletín N°15387-12,80,41,7,27,0,0,121,34,41,0.338843,0.780645,0,1,1,1
89843,2026-08-18,12786-12,Boletín N°12786-12,50,68,10,27,0,0,118,37,50,0.423729,0.761290,0,1,1,1
89844,2026-08-18,12786-12,Boletín N°12786-12,54,65,7,29,0,0,119,36,54,0.453782,0.767742,0,1,1,1
89862,2026-08-19,18429-10,Boletín N°18429-10,124,0,0,31,0,0,124,31,0,0.000000,0.800000,1,0,0,0
89863,2026-08-19,18189-14,Boletín N°18189-14,124,0,0,31,0,0,124,31,0,0.000000,0.800000,1,0,0,0
89864,2026-08-19,18189-14,Boletín N°18189-14,64,57,3,31,0,0,121,34,57,0.471074,0.780645,0,1,1,1
89865,2026-08-19,18189-14,Boletín N°18189-14,67,49,8,31,0,0,116,39,49,0.422414,0.748387,0,1,1,1
89866,2026-08-19,16397-15,Boletín N°16397-15,123,0,1,31,0,0,123,32,0,0.000000,0.793548,1,0,0,0
89867,2026-08-19,17324-33,Boletín N°17324-33,62,18,42,31,2,0,80,75,18,0.225000,0.516129,0,1,1,1
89928,2026-09-01,17818-24,Boletín N°17818-24,142,0,1,12,0,0,142,13,0,0.000000,0.916129,1,0,0,0
89929,2026-09-01,17818-24,Boletín N°17818-24,71,68,4,12,0,0,139,16,68,0.489209,0.896774,0,1,1,1
89930,2026-09-01,17818-24,Boletín N°17818-24,64,69,10,12,0,0,133,22,64,0.481203,0.858065,0,1,1,1
89931,2026-09-01,17818-24,Boletín N°17818-24,64,78,1,12,0,0,142,13,64,0.450704,0.916129,0,1,1,1
89932,2026-09-01,17662-07,Boletín N°17662-07,96,34,14,11,0,0,130,25,34,0.261538,0.838710,0,1,1,1
89933,2026-09-01,17662-07,Boletín N°17662-07,49,92,3,11,0,0,141,14,49,0.347518,0.909677,0,1,1,1
89934,2026-09-01,17662-07,Boletín N°17662-07,61,78,5,11,0,0,139,16,61,0.438849,0.896774,0,1,1,1
89935,2026-09-01,17914-13,Boletín N°17914-13,108,18,17,12,0,0,126,29,18,0.142857,0.812903,0,1,1,1
89936,2026-09-01,17914-13,Boletín N°17914-13,73,68,2,12,0,0,141,14,68,0.482270,0.909677,0,1,1,1
89937,2026-09-01,15295-07,Boletín N°15295-07,102,12,30,11,0,0,114,41,12,0.105263,0.735484,0,1,1,1
