boletin,titulo,origin_initiative,topic_primary,topic_source_layer,all_rollcalls,nonunanimous_rollcalls,eligible_lop_0025,eligible_lop_0050,eligible_lop_0100,share_lop_0025,share_lop_0050,share_lop_0100,general_rollcalls,particular_rollcalls,other_stage_rollcalls
18216-05,Para la reconstrucción nacional y el desarrollo económico y social,ejecutivo,Economía y hacienda,period_project,120,117,116,114,109,0.420290,0.423792,0.422481,2,88,30
18156-04,"Establece medidas de seguridad, orden y respeto para la comunidad educativa",ejecutivo,Educación,period_project,31,31,31,31,31,0.112319,0.115242,0.120155,1,27,3
18384-08,Ley de protección tarifaria eléctrica,ejecutivo,Minería y energía,period_project,16,16,13,12,12,0.047101,0.044610,0.046512,1,14,1
16743-04,"Modifica diversos cuerpos legales, con el objeto de facilitar la creación de nuevos establecimientos educacionales",parlamentario,Educación,inherited_rollcall_project,11,11,11,11,11,0.039855,0.040892,0.042636,2,9,0
16857-07,"Modifica el Código Penal para autorizar el uso de agentes encubiertos en Internet para la persecución de delitos sexuales contra niños, niñas y adolescentes",parlamentario,Seguridad,inherited_rollcall_project,9,6,6,6,6,0.021739,0.022305,0.023256,1,8,0
16836-06,Modifica la ley N° 21.325 para perfeccionar el procedimiento de expulsión administrativa,ejecutivo,Gobierno interior y descentralización,inherited_rollcall_project,8,7,6,6,6,0.021739,0.022305,0.023256,0,0,8
15347-07,"Modifica la ley N° 20.000, que sustituye la ley Nº 19.366, que sanciona el tráfico ilícito de estupefacientes y sustancias sicotrópicas, con el objeto de incorporar las circunstancias agravantes que se indican.",parlamentario,Seguridad,inherited_rollcall_project,7,7,6,6,5,0.021739,0.022305,0.019380,1,6,0
10634-29,"Modifica la ley N° 20.019, que Regula las Sociedades Anónimas Deportivas Profesionales, en materia de fiscalización, de conflictos de interés, y de fomento de la participación de los hinchas en la propiedad de las mismas",parlamentario,Deportes,inherited_rollcall_project,7,5,5,5,3,0.018116,0.018587,0.011628,0,0,7
18230-13,"Reajusta el monto del ingreso mínimo mensual, así como de la asignación familiar y maternal y del subsidio familiar",ejecutivo,Trabajo y seguridad social,period_project,6,6,5,4,4,0.018116,0.014870,0.015504,2,4,0
14767-03,"Modifica la ley N°17.336, sobre Propiedad Intelectual, con el objeto de regular las medidas tecnológicas de protección",ejecutivo,"Economía, comercio y consumidores",inherited_rollcall_project,5,4,4,3,3,0.014493,0.011152,0.011628,1,4,0
18389-04,Faculta a los establecimientos educacionales a implementar un mecanismo de elección mutua en el proceso de admisión escolar,ejecutivo,Educación,period_project,4,4,4,4,4,0.014493,0.014870,0.015504,1,3,0
17012-14,"Modifica la ley N° 21.442, que aprueba nueva ley de copropiedad inmobiliaria, con el objeto de implementar sistemas de seguridad adicionales para impedir caídas accidentales desde edificaciones en altura",parlamentario,Vivienda y territorio,inherited_rollcall_project,5,3,3,3,2,0.010870,0.011152,0.007752,1,4,0
17818-24,Modifica diversos cuerpos legales para reconocer y promover el circo tradicional chileno,parlamentario,Cultura y comunicaciones,inherited_rollcall_project,4,3,3,3,3,0.010870,0.011152,0.011628,1,3,0
16300-07,"Modifica el Código Penal para extender la legítima defensa privilegiada al funcionario militar o policial que actúe en defensa de su persona o derechos, o de los de un tercero, encontrándose en calidad de franco",parlamentario,Seguridad,inherited_rollcall_project,3,3,3,3,3,0.010870,0.011152,0.011628,1,2,0
17662-07,Aumenta sanciones aplicables al delito de atentado contra la autoridad cometido contra miembros de las Fuerzas de Orden y Seguridad Pública,parlamentario,Seguridad,inherited_rollcall_project,3,3,3,3,3,0.010870,0.011152,0.011628,1,2,0
18258-07,"Modifica la ley N°18.415, orgánica constitucional de los estados de excepción, en materia de control de identidad y otros",ejecutivo,Seguridad,period_project,3,3,3,3,3,0.010870,0.011152,0.011628,1,2,0
18296-05,Autoriza mayor endeudamiento del gobierno central durante el año 2026,ejecutivo,Economía y hacienda,period_project,3,3,3,3,3,0.010870,0.011152,0.011628,1,2,0
18137-05,"Adopta medidas transitorias para contener el precio del kerosene doméstico en el contexto de la emergencia energética internacional, y otras medidas que indica",ejecutivo,Minería y energía,period_project,9,4,2,1,1,0.007246,0.003717,0.003876,1,5,3
14309-04,Establece un sistema de subvenciones para la modalidad educativa de reingreso,ejecutivo,Educación,inherited_rollcall_project,4,2,2,2,2,0.007246,0.007435,0.007752,0,0,4
18525-06,"Modifica la ley N° 21.802, que fortalece la institucionalidad municipal en materia de seguridad pública y prevención del delito",ejecutivo,Gobierno interior y descentralización,period_project,4,4,2,2,2,0.007246,0.007435,0.007752,2,2,0
17170-07,Modifica el Código Penal para agravar la pena y agregar una nueva circunstancia en el delito de robo en lugar no habitado,parlamentario,Seguridad,inherited_rollcall_project,3,3,2,2,0,0.007246,0.007435,0.000000,1,2,0
18189-14,"Modifica la ley N° 20.898, con el objeto de ampliar el régimen excepcional de regularización de viviendas y actualizar la fecha de su aplicación",parlamentario,Vivienda y territorio,period_project,3,2,2,2,2,0.007246,0.007435,0.007752,1,2,0
12786-12,"Modifica la ley N°20.380, sobre Protección de los animales, para regular las carreras de perros",parlamentario,Medio ambiente,inherited_rollcall_project,2,2,2,2,2,0.007246,0.007435,0.007752,2,0,0
17381-03,Prohíbe subcontratar servicios de teleoperadores que funcionen fuera del territorio nacional,parlamentario,"Economía, comercio y consumidores",inherited_rollcall_project,2,2,2,2,2,0.007246,0.007435,0.007752,1,1,0
17474-06,"Modifica la ley Nº 21.325, de Migración y Extranjería, para restringir el acceso de inmigrantes en situación irregular a beneficios de cargo fiscal",parlamentario,Gobierno interior y descentralización,inherited_rollcall_project,2,2,2,2,2,0.007246,0.007435,0.007752,1,1,0
17522-12,Aumenta sanciones aplicables a la incineración de basura y promueve la educación ambiental en manejo de residuos,parlamentario,Medio ambiente,inherited_rollcall_project,2,2,2,2,2,0.007246,0.007435,0.007752,2,0,0
17872-33,"Modifica la ley N° 18.902, que crea la Superintendencia de Servicios Sanitarios, para establecer un estándar mínimo de reducción de aguas no facturadas",parlamentario,Agua y recursos hídricos,inherited_rollcall_project,2,2,2,2,2,0.007246,0.007435,0.007752,1,1,0
17914-13,Modifica el Código del Trabajo para calificar el uso indebido de licencias médicas como falta de probidad del trabajador en el desempeño de sus funciones,parlamentario,Trabajo y seguridad social,inherited_rollcall_project,2,2,2,2,2,0.007246,0.007435,0.007752,1,1,0
18030-12,"Modifica la ley N° 21.600, que crea el Servicio de Biodiversidad y Áreas Protegidas y el Sistema Nacional de Áreas Protegidas, para impedir el establecimiento de nuevos sitios prioritarios mientras no se dicte el reglamento que señala",parlamentario,Medio ambiente,inherited_rollcall_project,2,2,2,2,2,0.007246,0.007435,0.007752,1,1,0
18155-25,Modifica el Código Penal para establecer nuevas agravantes por delitos cometidos contra la comunidad educativa y en recintos educacionales,ejecutivo,Seguridad,period_project,2,2,2,2,2,0.007246,0.007435,0.007752,1,1,0
15936-18,Modifica cuerpos legales que indica para prohibir el porte y tenencia de armas de fuego a personas procesadas o condenadas por violencia intrafamiliar,parlamentario,"Familia, infancia y adolescencia",inherited_rollcall_project,5,2,1,0,0,0.003623,0.000000,0.000000,0,0,5
18401-31,Entrega un bono extraordinario de apoyo a la niñez,ejecutivo,Desarrollo social,period_project,4,3,1,1,1,0.003623,0.003717,0.003876,1,3,0
16851-14,"Modifica la ley N° 21.450 para autorizar la adquisición de terrenos, destinados a viviendas para familias vulnerables, emplazados en comunas distintas de aquellas que registran mayor demanda de estos grupos",parlamentario,Vivienda y territorio,inherited_rollcall_project,3,1,1,1,1,0.003623,0.003717,0.003876,1,2,0
17912-25,Modifica la ley N° 19.913 para incorporar los delitos contra la propiedad industrial al catálogo de precedentes de lavado de activos,parlamentario,Seguridad,inherited_rollcall_project,3,1,1,1,1,0.003623,0.003717,0.003876,1,2,0
18399-06,Declara feriado regional el 10 de agosto de los años 2026 y 2027 en reemplazo de los feriados que indica,parlamentario,Gobierno interior y descentralización,period_project,3,1,1,1,1,0.003623,0.003717,0.003876,1,2,0
15258-25,"Modifica la ley N°20.931, para permitir la aplicación de medidas de control de identidad preventivo en zonas fronterizas, instalaciones estratégicas y sus inmediaciones",parlamentario,Seguridad,inherited_rollcall_project,2,2,1,1,1,0.003623,0.003717,0.003876,1,1,0
16569-25,"Amplía la penalización dispuesta en el artículo 304 bis del Código Penal, para fortalecer la seguridad perimetral de los recintos penales",parlamentario,Seguridad,inherited_rollcall_project,2,1,1,1,1,0.003623,0.003717,0.003876,0,0,2
16725-06,Modifica cuerpos legales que indica para derogar el feriado en días de elecciones y plebiscitos,parlamentario,Gobierno interior y descentralización,inherited_rollcall_project,2,1,1,1,1,0.003623,0.003717,0.003876,2,0,0
16808-25,Modifica la ley N° 19.913 para prevenir y sancionar con mayor rigurosidad el lavado de activos asociado al comercio ilegal,parlamentario,Seguridad,inherited_rollcall_project,2,1,1,1,1,0.003623,0.003717,0.003876,1,1,0
18431-31,"Modifica la ley N° 21.805, que reconoce el derecho al cuidado y crea el Sistema Nacional de Apoyos y Cuidados, y otros cuerpos normativos que indica",ejecutivo,Desarrollo social,period_project,2,1,1,1,1,0.003623,0.003717,0.003876,1,1,0
15295-07,"Modifica el decreto ley N°321, de 1925, a fin de restringir los requisitos necesarios para acceder al beneficio de libertad condicional",parlamentario,Seguridad,inherited_rollcall_project,1,1,1,1,1,0.003623,0.003717,0.003876,1,0,0
15387-12,"Modifica la ley N°21.020, sobre tenencia responsable de mascotas y animales de compañía, para prohibir y sancionar las carreras de perros",parlamentario,Medio ambiente,inherited_rollcall_project,1,1,1,1,1,0.003623,0.003717,0.003876,1,0,0
16487-12,"Modifica la ley N° 20.920, que establece marco para la gestión de residuos, la responsabilidad extendida del productor y fomento al reciclaje, para prohibir temporalmente la importación de plásticos que indica, que sean destinados a la elaboración de productos de un solo uso",parlamentario,Medio ambiente,inherited_rollcall_project,1,1,1,1,1,0.003623,0.003717,0.003876,0,1,0
17112-19,"Establece límites al desarrollo de la inteligencia artificial, en resguardo de los derechos humanos fundamentales",parlamentario,Ciencia y tecnología,inherited_rollcall_project,1,1,1,1,1,0.003623,0.003717,0.003876,1,0,0
17287-14,Modifica textos legales que indica para agilizar la obtención de permisos de urbanización y edificación,parlamentario,Vivienda y territorio,inherited_rollcall_project,1,1,1,1,1,0.003623,0.003717,0.003876,0,0,1
17324-33,"Modifica el Código de Aguas para garantizar la participación de comités y cooperativas de agua potable rural, prestadoras de servicios sanitarios rurales, en los directorios de las comunidades de agua",parlamentario,Agua y recursos hídricos,inherited_rollcall_project,1,1,1,1,1,0.003623,0.003717,0.003876,1,0,0
17354-37,"Autoriza erigir un monumento en memoria del ex Presidente de la República, señor Sebastián Piñera Echenique",parlamentario,"Cultura, patrimonio y deporte",inherited_rollcall_project,1,1,1,1,1,0.003623,0.003717,0.003876,1,0,0
17405-07,"Regula la prestación de servicios de cuidado de vehículos y limpieza de parabrisas en la vía pública, y sanciona el ejercicio no autorizado de dichas actividades",parlamentario,Seguridad,inherited_rollcall_project,1,1,1,1,1,0.003623,0.003717,0.003876,1,0,0
17471-07,Modifica la ley N° 18.119 para tipificar los delitos de robo y receptación de medidores de agua potable,parlamentario,Agua y recursos hídricos,inherited_rollcall_project,1,1,1,1,1,0.003623,0.003717,0.003876,1,0,0
17690-07,Modifica el Código Penal para disponer la intervención de la fiscalía militar en la investigación del delito de espionaje,parlamentario,Constitución y justicia,inherited_rollcall_project,1,1,1,1,1,0.003623,0.003717,0.003876,1,0,0
17757-29,Modifica la ley N° 19.327 para imponer nuevas obligaciones a los organizadores de espectáculos de fútbol profesional,parlamentario,Deportes,inherited_rollcall_project,1,1,1,1,1,0.003623,0.003717,0.003876,1,0,0
17837-13,Modifica el Código del Trabajo y otros cuerpos legales para fortalecer la protección de la salud y seguridad de las personas trabajadoras,parlamentario,Trabajo y seguridad social,inherited_rollcall_project,1,1,1,1,1,0.003623,0.003717,0.003876,1,0,0
18016-13,Modifica el Código del Trabajo en lo tocante a la jornada laboral de los trabajadores del cine y el audiovisual que indica,parlamentario,Trabajo y seguridad social,inherited_rollcall_project,1,1,1,1,1,0.003623,0.003717,0.003876,1,0,0
18107-07,"Modifica la ley N° 18.918, orgánica constitucional del Congreso Nacional, en materia de quórum necesario para revertir la declaración de inadmisibilidad recaída en proyectos de ley e indicaciones",parlamentario,Constitución y justicia,inherited_rollcall_project,1,1,1,1,1,0.003623,0.003717,0.003876,1,0,0
18211-25,"Modifica el código penal, con el objeto de tipificar el delito de ocultamiento de identidad en el contexto de eventos masivos y desórdenes públicos",parlamentario,Seguridad,period_project,1,1,1,1,1,0.003623,0.003717,0.003876,1,0,0
18259-08,"Modifica el Código de Minería y las leyes números 21.420 y 21.649, en materia de amparo minero y otras materias que indica",ejecutivo,Minería y energía,period_project,3,2,0,0,0,0.000000,0.000000,0.000000,1,2,0
16686-19,Dicta normas sobre transferencia de tecnología y conocimiento,ejecutivo,Ciencia y tecnología,inherited_rollcall_project,2,1,0,0,0,0.000000,0.000000,0.000000,0,0,2
10986-24,"Autoriza erigir un monumento, en la comuna de Lota, en memoria del escritor chileno Baldomero Lillo Figueroa",parlamentario,Cultura y comunicaciones,inherited_rollcall_project,1,0,0,0,0,0.000000,0.000000,0.000000,1,0,0
16397-15,"Modifica la ley N° 18.290, de Tránsito, para aumentar las sanciones por no usar sistemas de retención infantil y por trasladar menores de 12 años en asientos delanteros",parlamentario,Transportes y telecomunicaciones,inherited_rollcall_project,1,0,0,0,0,0.000000,0.000000,0.000000,1,0,0
16777-07,"Modifica el Código Penal, en materia de internación al territorio nacional de enfermedades animales o plagas vegetales",parlamentario,Salud,inherited_rollcall_project,1,0,0,0,0,0.000000,0.000000,0.000000,1,0,0
16944-25,Crea el tipo penal especial de daños en infraestructura penitenciaria,parlamentario,Seguridad,inherited_rollcall_project,1,0,0,0,0,0.000000,0.000000,0.000000,1,0,0
16985-06,"Establece, para el personal de Gendarmería de Chile, la obligación de efectuar declaraciones de intereses y patrimonio, en conformidad con lo dispuesto en la ley N° 20.880, sobre probidad en la función pública y prevención de los conflictos de intereses",ejecutivo,Gobierno interior y descentralización,inherited_rollcall_project,1,0,0,0,0,0.000000,0.000000,0.000000,0,0,1
17222-07,"Modifica la ley N° 18.918, orgánica constitucional del Congreso Nacional, para permitir la votación dividida de las acusaciones constitucionales, en los casos que indica",parlamentario,Constitución y justicia,inherited_rollcall_project,1,1,0,0,0,0.000000,0.000000,0.000000,1,0,0
17234-15,"Modifica el decreto ley N° 3.063, de 1979, para exigir la emisión de un permiso de circulación estandarizado en todas las comunas del país",parlamentario,Transportes y telecomunicaciones,inherited_rollcall_project,1,0,0,0,0,0.000000,0.000000,0.000000,0,1,0
17235-07,Modifica el Código Penal para crear el tipo especial de robo cometido por tumulto o multitud,parlamentario,Seguridad,inherited_rollcall_project,1,0,0,0,0,0.000000,0.000000,0.000000,1,0,0
17246-15,Modifica las leyes que indica para mejorar la fiscalización y aumentar las sanciones por evasión del pago de tarifas en el transporte público remunerado de pasajeros,parlamentario,Transportes y telecomunicaciones,inherited_rollcall_project,1,0,0,0,0,0.000000,0.000000,0.000000,0,0,1
17451-15,"Autoriza la circulación en el país de vehículos que participen en competiciones de carácter internacional o federadas, en las formas y condiciones que señala",parlamentario,Transportes y telecomunicaciones,inherited_rollcall_project,1,0,0,0,0,0.000000,0.000000,0.000000,0,0,1
17504-22,Fortalece la transparencia y probidad en la entrega de recursos por parte del Estado,parlamentario,Emergencias y desastres,inherited_rollcall_project,1,0,0,0,0,0.000000,0.000000,0.000000,1,0,0
17630-10,"Aprueba el &quot;Acuerdo entre la República de Chile y la República Federativa de Brasil para el reconocimiento recíproco de licencias de conductor&quot;, hecho en Santiago, República de Chile, el 5 de agosto de 2024.",ejecutivo,Relaciones exteriores,inherited_rollcall_project,1,0,0,0,0,0.000000,0.000000,0.000000,0,0,1
17724-34,"Reemplaza el artículo 5 bis del decreto ley N° 3.500, de 1980",ejecutivo,Mujeres y género,inherited_rollcall_project,1,0,0,0,0,0.000000,0.000000,0.000000,0,0,1
17737-14,"Modifica la ley N° 21.442, que aprueba nueva Ley de Copropiedad Inmobiliaria, a fin de facultar a los administradores de condominios para emitir certificados de residencia",parlamentario,Vivienda y territorio,inherited_rollcall_project,1,0,0,0,0,0.000000,0.000000,0.000000,1,0,0
17795-19,"Regula la creación y difusión de imitaciones digitales realistas de la imagen, cuerpo o voz de las personas, generadas mediante inteligencia artificial",parlamentario,Ciencia y tecnología,inherited_rollcall_project,1,1,0,0,0,0.000000,0.000000,0.000000,1,0,0
17880-13,Crea un nuevo Juzgado de Letras del Trabajo en Santiago y fortalece los juzgados de letras del trabajo que indica,ejecutivo,Trabajo y seguridad social,inherited_rollcall_project,1,0,0,0,0,0.000000,0.000000,0.000000,1,0,0
17956-10,"Aprueba el &quot;Acuerdo sobre transporte aéreo entre la República de Chile y el Reino de España&quot;, suscrito en Montreal, Canadá, el 1 de octubre de 2022",ejecutivo,Relaciones exteriores,inherited_rollcall_project,1,0,0,0,0,0.000000,0.000000,0.000000,0,0,1
17957-10,"Aprueba el &quot;Acuerdo entre el Gobierno de la República de Chile y el Gobierno de la República Helénica en materia de servicios aéreos&quot;, suscrito en Atenas, Grecia, el 27 de mayo de 2021",ejecutivo,Relaciones exteriores,inherited_rollcall_project,1,0,0,0,0,0.000000,0.000000,0.000000,0,0,1
17958-10,"Aprueba el &quot;Acuerdo de servicios aéreos entre el Reino de los Países Bajos y la República de Chile&quot;, suscrito en Santiago, Chile, el 24 de mayo de 2021",ejecutivo,Relaciones exteriores,inherited_rollcall_project,1,1,0,0,0,0.000000,0.000000,0.000000,0,0,1
18003-35,"Modifica la ley N° 18.700, orgánica constitucional sobre Votaciones Populares y Escrutinios, para eximir al Servicio Electoral del deber de denunciar a personas postradas y electrodependientes, por incumplimiento de la obligación de sufragar",parlamentario,Personas mayores y discapacidad,inherited_rollcall_project,1,0,0,0,0,0.000000,0.000000,0.000000,1,0,0
18043-06,"Concede, por especial gracia, la nacionalidad chilena al sacerdote alemán Wolter Josef Tilmann Dütting",parlamentario,Gobierno interior y descentralización,inherited_rollcall_project,1,1,0,0,0,0.000000,0.000000,0.000000,1,0,0
18048-06,"Concede, por especial gracia, la nacionalidad chilena a la destacada deportista juvenil colombiana María Camila Valencia Mosquera",parlamentario,Gobierno interior y descentralización,inherited_rollcall_project,1,0,0,0,0,0.000000,0.000000,0.000000,1,0,0
18157-33,Prorroga el plazo para la regularización e inscripción de derechos de aprovechamiento de aguas hasta el año 2030,parlamentario,Agua y recursos hídricos,period_project,1,0,0,0,0,0.000000,0.000000,0.000000,1,0,0
18178-10,"Aprueba el Acuerdo entre el Gobierno de la República de Chile y el Gobierno de la República de Tayikistán sobre la exención mutua del requisito de visa para titulares de pasaportes diplomáticos oficiales y de servicio, suscrito en Dushanbe, República de Tayikistán, el 9 de marzo de 2023",ejecutivo,Relaciones exteriores,period_project,1,0,0,0,0,0.000000,0.000000,0.000000,0,0,1
18210-06,Concede la nacionalidad chilena por gracia al ciudadano uruguayo Pablo Lemoine,parlamentario,Gobierno interior y descentralización,period_project,1,0,0,0,0,0.000000,0.000000,0.000000,1,0,0
18215-10,"Acuerdo de mutua exención del requisito de visa para los titulares de pasaportes diplomáticos, especiales y oficiales entre el Gobierno de la República de Chile y el Gobierno del Estado de Catar",ejecutivo,Relaciones exteriores,period_project,1,1,0,0,0,0.000000,0.000000,0.000000,0,0,1
18232-25,"Modifica la ley N° 21.659, sobre seguridad privada, para aumentar el plazo de presentación y pronunciamiento sobre los estudios de seguridad que dispone, y extiende la prórroga de vigencia de la última autorización del personal de seguridad privada que indica",ejecutivo,Seguridad,period_project,1,0,0,0,0,0.000000,0.000000,0.000000,1,0,0
18256-10,"Aprueba el Acuerdo entre la República de Chile y la República Helénica sobre el empleo remunerado de dependientes de miembros de una misión diplomática o representación consular, suscrito en Santiago, el 24 de abril de 2024",ejecutivo,Relaciones exteriores,period_project,1,0,0,0,0,0.000000,0.000000,0.000000,0,0,1
18257-10,"Aprueba el Acuerdo general sobre los privilegios e inmunidades de la Organización Internacional de Policía Criminal-INTERPOL, aprobado en Marrakech, Marruecos, el 24 de noviembre de 2025",ejecutivo,Relaciones exteriores,period_project,1,0,0,0,0,0.000000,0.000000,0.000000,0,0,1
18301-10,"Aprueba el Convenio de Transporte Aéreo entre el Gobierno de la República de Chile y el Gobierno de la República de Costa Rica, suscrito en Lima, Perú, el 13 de diciembre de 2023",ejecutivo,Relaciones exteriores,period_project,1,0,0,0,0,0.000000,0.000000,0.000000,0,0,1
18429-10,"Aprueba el Tratado entre la República de Chile y la República Federativa de Brasil sobre Asistencia Jurídica Mutua en Materia Penal, hecho en Brasilia, el 22 de abril de 2025",ejecutivo,Relaciones exteriores,period_project,1,0,0,0,0,0.000000,0.000000,0.000000,0,0,1
18524-05,Extiende vigencia y aumenta cobertura de la ley N° 21.748 y modifica normas que indica,ejecutivo,Economía y hacienda,period_project,1,0,0,0,0,0.000000,0.000000,0.000000,1,0,0
