deputy_id,deputy_name,valid_from,valid_to,party,caucus,alignment,basis,confidence,date_precision,source_url,source_note,official_snapshot_conflict
803,René Alinco Bustos,2026-03-11,,Independientes,"Comité Democracia Cristiana, Federación Regionalista Verde Social e Independientes",oposicion,current_snapshot_assumed_stable,provisional,term_assumption,https://www.camara.cl/diputados/detalle/biografia.aspx?prmId=803,Sin cambio 2026 documentado todavía; se validará contra afiliación electoral de 2025.,0
815,Sergio Bobadilla Muñoz,2026-03-11,,Unión Demócrata Independiente,Unión Demócrata Independiente,oficialismo,current_snapshot_assumed_stable,provisional,term_assumption,https://www.camara.cl/diputados/detalle/biografia.aspx?prmId=815,Sin cambio 2026 documentado todavía; se validará contra afiliación electoral de 2025.,0
843,René Manuel García García,2026-03-11,,Renovación Nacional,"Renovación Nacional, Evopoli e Independientes",oficialismo,current_snapshot_assumed_stable,provisional,term_assumption,https://www.camara.cl/diputados/detalle/biografia.aspx?prmId=843,Sin cambio 2026 documentado todavía; se validará contra afiliación electoral de 2025.,0
872,Jaime Mulet Martínez,2026-03-11,,Federación Regionalista Verde Social,"Comité Democracia Cristiana, Federación Regionalista Verde Social e Independientes",oposicion,current_snapshot_assumed_stable,provisional,term_assumption,https://www.camara.cl/diputados/detalle/biografia.aspx?prmId=872,Sin cambio 2026 documentado todavía; se validará contra afiliación electoral de 2025.,0
915,Germán Verdugo Soto,2026-03-11,,Partido Nacional Libertario,Comité Partido Nacional Libertarios,no_alineado,current_snapshot_assumed_stable,provisional,term_assumption,https://www.camara.cl/diputados/detalle/biografia.aspx?prmId=915,Sin cambio 2026 documentado todavía; se validará contra afiliación electoral de 2025.,0
986,Marcela Hernando Pérez,2026-03-11,,Partido Radical de Chile,"Socialista, Liberal, Radical e Independientes",oposicion,current_snapshot_assumed_stable,provisional,term_assumption,https://www.camara.cl/diputados/detalle/biografia.aspx?prmId=986,Sin cambio 2026 documentado todavía; se validará contra afiliación electoral de 2025.,0
1009,Jorge Alessandri Vergara,2026-03-11,,Unión Demócrata Independiente,Unión Demócrata Independiente,oficialismo,current_snapshot_assumed_stable,provisional,term_assumption,https://www.camara.cl/diputados/detalle/biografia.aspx?prmId=1009,Sin cambio 2026 documentado todavía; se validará contra afiliación electoral de 2025.,0
1012,Boris Barrera Moreno,2026-03-11,,Partido Comunista,Comité Comunista e Independientes,oposicion,current_snapshot_assumed_stable,provisional,term_assumption,https://www.camara.cl/diputados/detalle/biografia.aspx?prmId=1012,Sin cambio 2026 documentado todavía; se validará contra afiliación electoral de 2025.,0
1013,Alejandro Bernales Maldonado,2026-03-11,,Partido Liberal de Chile,"Socialista, Liberal, Radical e Independientes",oposicion,current_snapshot_assumed_stable,provisional,term_assumption,https://www.camara.cl/diputados/detalle/biografia.aspx?prmId=1013,Sin cambio 2026 documentado todavía; se validará contra afiliación electoral de 2025.,0
1015,Jorge Brito Hasbún,2026-03-11,,Frente Amplio,Frente Amplio,oposicion,current_snapshot_assumed_stable,provisional,term_assumption,https://www.camara.cl/diputados/detalle/biografia.aspx?prmId=1015,Sin cambio 2026 documentado todavía; se validará contra afiliación electoral de 2025.,0
1017,Álvaro Carter Fernández,2026-03-11,,Partido Republicano,Comité Partido Republicano,oficialismo,current_snapshot_assumed_stable,provisional,term_assumption,https://www.camara.cl/diputados/detalle/biografia.aspx?prmId=1017,Sin cambio 2026 documentado todavía; se validará contra afiliación electoral de 2025.,0
1021,Andrés Celis Montt,2026-03-11,,Renovación Nacional,"Renovación Nacional, Evopoli e Independientes",oficialismo,current_snapshot_assumed_stable,provisional,term_assumption,https://www.camara.cl/diputados/detalle/biografia.aspx?prmId=1021,Sin cambio 2026 documentado todavía; se validará contra afiliación electoral de 2025.,0
1025,Catalina Del Real Mihovilovic,2026-03-11,,Partido Republicano,Comité Partido Republicano,oficialismo,current_snapshot_assumed_stable,provisional,term_assumption,https://www.camara.cl/diputados/detalle/biografia.aspx?prmId=1025,Sin cambio 2026 documentado todavía; se validará contra afiliación electoral de 2025.,0
1028,Eduardo Durán Salinas,2026-03-11,,Renovación Nacional,"Renovación Nacional, Evopoli e Independientes",oficialismo,current_snapshot_assumed_stable,provisional,term_assumption,https://www.camara.cl/diputados/detalle/biografia.aspx?prmId=1028,Sin cambio 2026 documentado todavía; se validará contra afiliación electoral de 2025.,0
1038,Marcos Ilabaca Cerda,2026-03-11,,Partido Socialista,"Socialista, Liberal, Radical e Independientes",oposicion,current_snapshot_assumed_stable,provisional,term_assumption,https://www.camara.cl/diputados/detalle/biografia.aspx?prmId=1038,Sin cambio 2026 documentado todavía; se validará contra afiliación electoral de 2025.,0
1039,Pamela Jiles Moreno,2026-03-11,,Partido de la Gente,Comité Partido de la Gente,no_alineado,current_snapshot_assumed_stable,provisional,term_assumption,https://www.camara.cl/diputados/detalle/biografia.aspx?prmId=1039,Sin cambio 2026 documentado todavía; se validará contra afiliación electoral de 2025.,0
1044,Raúl Leiva Carvajal,2026-03-11,,Partido Socialista,"Socialista, Liberal, Radical e Independientes",oposicion,current_snapshot_assumed_stable,provisional,term_assumption,https://www.camara.cl/diputados/detalle/biografia.aspx?prmId=1044,Sin cambio 2026 documentado todavía; se validará contra afiliación electoral de 2025.,0
1054,Francesca Muñoz González,2026-03-11,2026-06-05,Partido Social Cristiano,Por definir,oficialismo,documented_event_chain,high,day,https://www.latercera.com/politica/noticia/partido-cristiano-de-chile-realiza-lanzamiento-oficial-tras-reunir-firmas-para-su-inscripcion-ante-el-servel/,Estado anterior reconstruido a partir del primer cambio documentado.,0
1054,Francesca Muñoz González,2026-06-06,,Partido Cristiano de Chile,Por definir,oficialismo,documented_event_chain,high,day,https://www.latercera.com/politica/noticia/partido-cristiano-de-chile-realiza-lanzamiento-oficial-tras-reunir-firmas-para-su-inscripcion-ante-el-servel/,Participa en el lanzamiento del Partido Cristiano de Chile como continuidad política del disuelto Partido Social Cristiano. La ficha de Cámara aún puede conservar la etiqueta anterior. | Conflicto con snapshot oficial: party: Cámara=Partido Social Cristiano / evidencia=Partido Cristiano de Chile,1
1056,Emilia Nuyado Ancapichun,2026-03-11,,Partido Socialista,"Socialista, Liberal, Radical e Independientes",oposicion,current_snapshot_assumed_stable,provisional,term_assumption,https://www.camara.cl/diputados/detalle/biografia.aspx?prmId=1056,Sin cambio 2026 documentado todavía; se validará contra afiliación electoral de 2025.,0
1059,Ximena Ossandón Irarrázabal,2026-03-11,,Renovación Nacional,"Renovación Nacional, Evopoli e Independientes",oficialismo,current_snapshot_assumed_stable,provisional,term_assumption,https://www.camara.cl/diputados/detalle/biografia.aspx?prmId=1059,Sin cambio 2026 documentado todavía; se validará contra afiliación electoral de 2025.,0
1060,Luis Pardo Sáinz,2026-03-11,,Renovación Nacional,"Renovación Nacional, Evopoli e Independientes",oficialismo,current_snapshot_assumed_stable,provisional,term_assumption,https://www.camara.cl/diputados/detalle/biografia.aspx?prmId=1060,Sin cambio 2026 documentado todavía; se validará contra afiliación electoral de 2025.,0
1061,Andrea Parra Sauterel,2026-03-11,,Partido Por la Democracia,Partido Por la Democracia e Independientes,oposicion,current_snapshot_assumed_stable,provisional,term_assumption,https://www.camara.cl/diputados/detalle/biografia.aspx?prmId=1061,Sin cambio 2026 documentado todavía; se validará contra afiliación electoral de 2025.,0
1062,Joanna Pérez Olea,2026-03-11,,Partido Demócratas Chile,"Renovación Nacional, Evopoli e Independientes",oficialismo,current_snapshot_assumed_stable,provisional,term_assumption,https://www.camara.cl/diputados/detalle/biografia.aspx?prmId=1062,Sin cambio 2026 documentado todavía; se validará contra afiliación electoral de 2025.,0
1065,Guillermo Ramírez Diez,2026-03-11,,Unión Demócrata Independiente,Unión Demócrata Independiente,oficialismo,current_snapshot_assumed_stable,provisional,term_assumption,https://www.camara.cl/diputados/detalle/biografia.aspx?prmId=1065,Sin cambio 2026 documentado todavía; se validará contra afiliación electoral de 2025.,0
1073,Juan Santana Castillo,2026-03-11,,Partido Socialista,"Socialista, Liberal, Radical e Independientes",oposicion,current_snapshot_assumed_stable,provisional,term_assumption,https://www.camara.cl/diputados/detalle/biografia.aspx?prmId=1073,Sin cambio 2026 documentado todavía; se validará contra afiliación electoral de 2025.,0
1074,Marisela Santibáñez Novoa,2026-03-11,,Independientes,Comité Comunista e Independientes,oposicion,current_snapshot_assumed_stable,provisional,term_assumption,https://www.camara.cl/diputados/detalle/biografia.aspx?prmId=1074,Sin cambio 2026 documentado todavía; se validará contra afiliación electoral de 2025.,0
1075,Diego Schalper Sepúlveda,2026-03-11,,Renovación Nacional,"Renovación Nacional, Evopoli e Independientes",oficialismo,current_snapshot_assumed_stable,provisional,term_assumption,https://www.camara.cl/diputados/detalle/biografia.aspx?prmId=1075,Sin cambio 2026 documentado todavía; se validará contra afiliación electoral de 2025.,0
1077,Raúl Soto Mardones,2026-03-11,,Partido Por la Democracia,Partido Por la Democracia e Independientes,oposicion,current_snapshot_assumed_stable,provisional,term_assumption,https://www.camara.cl/diputados/detalle/biografia.aspx?prmId=1077,Sin cambio 2026 documentado todavía; se validará contra afiliación electoral de 2025.,0
1082,Cristóbal Urruticoechea Ríos,2026-03-11,,Partido Nacional Libertario,Comité Partido Nacional Libertarios,no_alineado,current_snapshot_assumed_stable,provisional,term_assumption,https://www.camara.cl/diputados/detalle/biografia.aspx?prmId=1082,Sin cambio 2026 documentado todavía; se validará contra afiliación electoral de 2025.,0
1086,Gonzalo Winter Etcheberry,2026-03-11,,Frente Amplio,Frente Amplio,oposicion,current_snapshot_assumed_stable,provisional,term_assumption,https://www.camara.cl/diputados/detalle/biografia.aspx?prmId=1086,Sin cambio 2026 documentado todavía; se validará contra afiliación electoral de 2025.,0
1087,Gael Yeomans Araya,2026-03-11,,Frente Amplio,Frente Amplio,oposicion,current_snapshot_assumed_stable,provisional,term_assumption,https://www.camara.cl/diputados/detalle/biografia.aspx?prmId=1087,Sin cambio 2026 documentado todavía; se validará contra afiliación electoral de 2025.,0
1099,Jaime Araya Guerrero,2026-03-11,,Independientes,Partido Por la Democracia e Independientes,oposicion,current_snapshot_assumed_stable,provisional,term_assumption,https://www.camara.cl/diputados/detalle/biografia.aspx?prmId=1099,Sin cambio 2026 documentado todavía; se validará contra afiliación electoral de 2025.,0
1100,Cristián Araya Lerdo de Tejada,2026-03-11,,Partido Republicano,Comité Partido Republicano,oficialismo,current_snapshot_assumed_stable,provisional,term_assumption,https://www.camara.cl/diputados/detalle/biografia.aspx?prmId=1100,Sin cambio 2026 documentado todavía; se validará contra afiliación electoral de 2025.,0
1102,Roberto Arroyo Muñoz,2026-03-11,2026-08-16,Partido Social Cristiano,Por definir,oficialismo,documented_event_chain,high,day,https://www.latercera.com/politica/noticia/pdg-recupera-sus-14-diputados-tras-el-regreso-de-roberto-arroyo/,Estado anterior reconstruido a partir del primer cambio documentado.,0
1102,Roberto Arroyo Muñoz,2026-08-17,,Partido de la Gente,Comité Partido de la Gente,no_alineado,documented_event_chain,high,day,https://www.latercera.com/politica/noticia/pdg-recupera-sus-14-diputados-tras-el-regreso-de-roberto-arroyo/,Se concretó su reincorporación al PDG y a su bancada. La ficha de Cámara seguía mostrando Partido Social Cristiano / Por definir al momento de la auditoría. | Conflicto con snapshot oficial: party: Cámara=Independientes / evidencia=Partido de la Gente,1
1104,Chiara Barchiesi Chávez,2026-03-11,,Partido Republicano,Comité Partido Republicano,oficialismo,current_snapshot_assumed_stable,provisional,term_assumption,https://www.camara.cl/diputados/detalle/biografia.aspx?prmId=1104,Sin cambio 2026 documentado todavía; se validará contra afiliación electoral de 2025.,0
1105,Héctor Barría Angulo,2026-03-11,,Partido Demócrata Cristiano,"Comité Democracia Cristiana, Federación Regionalista Verde Social e Independientes",oposicion,current_snapshot_assumed_stable,provisional,term_assumption,https://www.camara.cl/diputados/detalle/biografia.aspx?prmId=1105,Sin cambio 2026 documentado todavía; se validará contra afiliación electoral de 2025.,0
1107,María Francisca Bello Campos,2026-03-11,,Frente Amplio,Frente Amplio,oposicion,current_snapshot_assumed_stable,provisional,term_assumption,https://www.camara.cl/diputados/detalle/biografia.aspx?prmId=1107,Sin cambio 2026 documentado todavía; se validará contra afiliación electoral de 2025.,0
1108,Juan Carlos Beltrán Silva,2026-03-11,,Renovación Nacional,"Renovación Nacional, Evopoli e Independientes",oficialismo,current_snapshot_assumed_stable,provisional,term_assumption,https://www.camara.cl/diputados/detalle/biografia.aspx?prmId=1108,Sin cambio 2026 documentado todavía; se validará contra afiliación electoral de 2025.,0
1110,Carlos Bianchi Chelech,2026-03-11,,Independientes,Partido Por la Democracia e Independientes,oposicion,current_snapshot_assumed_stable,provisional,term_assumption,https://www.camara.cl/diputados/detalle/biografia.aspx?prmId=1110,Sin cambio 2026 documentado todavía; se validará contra afiliación electoral de 2025.,0
1114,Félix Bugueño Sotelo,2026-03-11,,Frente Amplio,Frente Amplio,oposicion,current_snapshot_assumed_stable,provisional,term_assumption,https://www.camara.cl/diputados/detalle/biografia.aspx?prmId=1114,Sin cambio 2026 documentado todavía; se validará contra afiliación electoral de 2025.,0
1116,Felipe Camaño Cárdenas,2026-03-11,,Independientes,"Comité Democracia Cristiana, Federación Regionalista Verde Social e Independientes",oposicion,current_snapshot_assumed_stable,provisional,term_assumption,https://www.camara.cl/diputados/detalle/biografia.aspx?prmId=1116,Sin cambio 2026 documentado todavía; se validará contra afiliación electoral de 2025.,0
1117,Nathalie Castillo Rojas,2026-03-11,,Partido Comunista,Comité Comunista e Independientes,oposicion,current_snapshot_assumed_stable,provisional,term_assumption,https://www.camara.cl/diputados/detalle/biografia.aspx?prmId=1117,Sin cambio 2026 documentado todavía; se validará contra afiliación electoral de 2025.,0
1119,Sara Concha Smith,2026-03-11,2026-06-05,Partido Social Cristiano,Por definir,oficialismo,documented_event_chain,high,day,https://www.latercera.com/politica/noticia/partido-cristiano-de-chile-realiza-lanzamiento-oficial-tras-reunir-firmas-para-su-inscripcion-ante-el-servel/,Estado anterior reconstruido a partir del primer cambio documentado.,0
1119,Sara Concha Smith,2026-06-06,,Partido Cristiano de Chile,Por definir,oficialismo,documented_event_chain,high,day,https://www.latercera.com/politica/noticia/partido-cristiano-de-chile-realiza-lanzamiento-oficial-tras-reunir-firmas-para-su-inscripcion-ante-el-servel/,Participa en el lanzamiento del Partido Cristiano de Chile como continuidad política del disuelto Partido Social Cristiano. La ficha de Cámara aún puede conservar la etiqueta anterior. | Conflicto con snapshot oficial: party: Cámara=Partido Social Cristiano / evidencia=Partido Cristiano de Chile,1
1122,Luis Alberto Cuello Peña y Lillo,2026-03-11,,Partido Comunista,Comité Comunista e Independientes,oposicion,current_snapshot_assumed_stable,provisional,term_assumption,https://www.camara.cl/diputados/detalle/biografia.aspx?prmId=1122,Sin cambio 2026 documentado todavía; se validará contra afiliación electoral de 2025.,0
1127,Lorena Fries Monleón,2026-03-11,,Frente Amplio,Frente Amplio,oposicion,current_snapshot_assumed_stable,provisional,term_assumption,https://www.camara.cl/diputados/detalle/biografia.aspx?prmId=1127,Sin cambio 2026 documentado todavía; se validará contra afiliación electoral de 2025.,0
1128,Ana María Gazmuri Vieira,2026-03-11,,Partido Acción Humanista,Comité Comunista e Independientes,oposicion,current_snapshot_assumed_stable,provisional,term_assumption,https://www.camara.cl/diputados/detalle/biografia.aspx?prmId=1128,Sin cambio 2026 documentado todavía; se validará contra afiliación electoral de 2025.,0
1131,Mauro González Villarroel,2026-03-11,,Renovación Nacional,"Renovación Nacional, Evopoli e Independientes",oficialismo,current_snapshot_assumed_stable,provisional,term_assumption,https://www.camara.cl/diputados/detalle/biografia.aspx?prmId=1131,Sin cambio 2026 documentado todavía; se validará contra afiliación electoral de 2025.,0
1132,Jorge Guzmán Zepeda,2026-03-11,,Evolución Política,"Renovación Nacional, Evopoli e Independientes",oficialismo,current_snapshot_assumed_stable,provisional,term_assumption,https://www.camara.cl/diputados/detalle/biografia.aspx?prmId=1132,Sin cambio 2026 documentado todavía; se validará contra afiliación electoral de 2025.,0
1133,Juan Irarrázaval Rossel,2026-03-11,,Partido Republicano,Comité Partido Republicano,oficialismo,current_snapshot_assumed_stable,provisional,term_assumption,https://www.camara.cl/diputados/detalle/biografia.aspx?prmId=1133,Sin cambio 2026 documentado todavía; se validará contra afiliación electoral de 2025.,0
1140,Daniel Lilayu Vivanco,2026-03-11,,Unión Demócrata Independiente,Unión Demócrata Independiente,oficialismo,current_snapshot_assumed_stable,provisional,term_assumption,https://www.camara.cl/diputados/detalle/biografia.aspx?prmId=1140,Sin cambio 2026 documentado todavía; se validará contra afiliación electoral de 2025.,0
1141,Luis Malla Valenzuela,2026-03-11,,Partido Liberal de Chile,"Socialista, Liberal, Radical e Independientes",oposicion,current_snapshot_assumed_stable,provisional,term_assumption,https://www.camara.cl/diputados/detalle/biografia.aspx?prmId=1141,Sin cambio 2026 documentado todavía; se validará contra afiliación electoral de 2025.,0
1142,Daniel Manouchehri Lobos,2026-03-11,,Partido Socialista,"Socialista, Liberal, Radical e Independientes",oposicion,current_snapshot_assumed_stable,provisional,term_assumption,https://www.camara.cl/diputados/detalle/biografia.aspx?prmId=1142,Sin cambio 2026 documentado todavía; se validará contra afiliación electoral de 2025.,0
1143,Cristóbal Martínez Ramírez,2026-03-11,,Unión Demócrata Independiente,Unión Demócrata Independiente,oficialismo,current_snapshot_assumed_stable,provisional,term_assumption,https://www.camara.cl/diputados/detalle/biografia.aspx?prmId=1143,Sin cambio 2026 documentado todavía; se validará contra afiliación electoral de 2025.,0
1146,José Carlos Meza Pereira,2026-03-11,,Partido Republicano,Comité Partido Republicano,oficialismo,current_snapshot_assumed_stable,provisional,term_assumption,https://www.camara.cl/diputados/detalle/biografia.aspx?prmId=1146,Sin cambio 2026 documentado todavía; se validará contra afiliación electoral de 2025.,0
1148,Javiera Morales Alvarado,2026-03-11,,Frente Amplio,Frente Amplio,oposicion,current_snapshot_assumed_stable,provisional,term_assumption,https://www.camara.cl/diputados/detalle/biografia.aspx?prmId=1148,Sin cambio 2026 documentado todavía; se validará contra afiliación electoral de 2025.,0
1150,Benjamín Moreno Bascur,2026-03-11,,Partido Republicano,Comité Partido Republicano,oficialismo,current_snapshot_assumed_stable,provisional,term_assumption,https://www.camara.cl/diputados/detalle/biografia.aspx?prmId=1150,Sin cambio 2026 documentado todavía; se validará contra afiliación electoral de 2025.,0
1152,Gloria Naveillan Arriagada,2026-03-11,,Partido Nacional Libertario,Comité Partido Nacional Libertarios,no_alineado,current_snapshot_assumed_stable,provisional,term_assumption,https://www.camara.cl/diputados/detalle/biografia.aspx?prmId=1152,Sin cambio 2026 documentado todavía; se validará contra afiliación electoral de 2025.,0
1153,Coca Ericka Ñanco Vásquez,2026-03-11,,Frente Amplio,Frente Amplio,oposicion,current_snapshot_assumed_stable,provisional,term_assumption,https://www.camara.cl/diputados/detalle/biografia.aspx?prmId=1153,Sin cambio 2026 documentado todavía; se validará contra afiliación electoral de 2025.,0
1157,Marlene Pérez Cartes,2026-03-11,,Independientes,Unión Demócrata Independiente,oficialismo,current_snapshot_assumed_stable,provisional,term_assumption,https://www.camara.cl/diputados/detalle/biografia.aspx?prmId=1157,Sin cambio 2026 documentado todavía; se validará contra afiliación electoral de 2025.,0
1159,Lorena Pizarro Sierra,2026-03-11,,Partido Comunista,Comité Comunista e Independientes,oposicion,current_snapshot_assumed_stable,provisional,term_assumption,https://www.camara.cl/diputados/detalle/biografia.aspx?prmId=1159,Sin cambio 2026 documentado todavía; se validará contra afiliación electoral de 2025.,0
1165,Agustín Romero Leiva,2026-03-11,,Partido Republicano,Comité Partido Republicano,oficialismo,current_snapshot_assumed_stable,provisional,term_assumption,https://www.camara.cl/diputados/detalle/biografia.aspx?prmId=1165,Sin cambio 2026 documentado todavía; se validará contra afiliación electoral de 2025.,0
1166,Natalia Romero Talguia,2026-03-11,,Independientes,Unión Demócrata Independiente,oficialismo,current_snapshot_assumed_stable,provisional,term_assumption,https://www.camara.cl/diputados/detalle/biografia.aspx?prmId=1166,Sin cambio 2026 documentado todavía; se validará contra afiliación electoral de 2025.,0
1170,Luis Sánchez Ossa,2026-03-11,,Partido Republicano,Comité Partido Republicano,oficialismo,current_snapshot_assumed_stable,provisional,term_assumption,https://www.camara.cl/diputados/detalle/biografia.aspx?prmId=1170,Sin cambio 2026 documentado todavía; se validará contra afiliación electoral de 2025.,0
1171,Emilia Schneider Videla,2026-03-11,,Frente Amplio,Frente Amplio,oposicion,current_snapshot_assumed_stable,provisional,term_assumption,https://www.camara.cl/diputados/detalle/biografia.aspx?prmId=1171,Sin cambio 2026 documentado todavía; se validará contra afiliación electoral de 2025.,0
1172,Stephan Schubert Rubio,2026-03-11,,Partido Republicano,Comité Partido Republicano,oficialismo,current_snapshot_assumed_stable,provisional,term_assumption,https://www.camara.cl/diputados/detalle/biografia.aspx?prmId=1172,Sin cambio 2026 documentado todavía; se validará contra afiliación electoral de 2025.,0
1173,Daniela Serrano Salazar,2026-03-11,,Partido Comunista,Comité Comunista e Independientes,oposicion,current_snapshot_assumed_stable,provisional,term_assumption,https://www.camara.cl/diputados/detalle/biografia.aspx?prmId=1173,Sin cambio 2026 documentado todavía; se validará contra afiliación electoral de 2025.,0
1174,Marco Antonio Sulantay Olivares,2026-03-11,,Unión Demócrata Independiente,Unión Demócrata Independiente,oficialismo,current_snapshot_assumed_stable,provisional,term_assumption,https://www.camara.cl/diputados/detalle/biografia.aspx?prmId=1174,Sin cambio 2026 documentado todavía; se validará contra afiliación electoral de 2025.,0
1175,Cristián Tapia Ramos,2026-03-11,,Independientes,Partido Por la Democracia e Independientes,oposicion,current_snapshot_assumed_stable,provisional,term_assumption,https://www.camara.cl/diputados/detalle/biografia.aspx?prmId=1175,Sin cambio 2026 documentado todavía; se validará contra afiliación electoral de 2025.,0
1176,Hotuiti Teao Drago,2026-03-11,,Independientes,Unión Demócrata Independiente,oficialismo,current_snapshot_assumed_stable,provisional,term_assumption,https://www.camara.cl/diputados/detalle/biografia.aspx?prmId=1176,Sin cambio 2026 documentado todavía; se validará contra afiliación electoral de 2025.,0
1177,Carolina Tello Rojas,2026-03-11,,Frente Amplio,Frente Amplio,oposicion,current_snapshot_assumed_stable,provisional,term_assumption,https://www.camara.cl/diputados/detalle/biografia.aspx?prmId=1177,Sin cambio 2026 documentado todavía; se validará contra afiliación electoral de 2025.,0
1178,Héctor Ulloa Aguilera,2026-03-11,,Independientes,Partido Por la Democracia e Independientes,oposicion,current_snapshot_assumed_stable,provisional,term_assumption,https://www.camara.cl/diputados/detalle/biografia.aspx?prmId=1178,Sin cambio 2026 documentado todavía; se validará contra afiliación electoral de 2025.,0
1180,Consuelo Veloso Ávila,2026-03-11,,Frente Amplio,Frente Amplio,oposicion,current_snapshot_assumed_stable,provisional,term_assumption,https://www.camara.cl/diputados/detalle/biografia.aspx?prmId=1180,Sin cambio 2026 documentado todavía; se validará contra afiliación electoral de 2025.,0
1181,Nelson Venegas Salazar,2026-03-11,,Partido Socialista,"Socialista, Liberal, Radical e Independientes",oposicion,current_snapshot_assumed_stable,provisional,term_assumption,https://www.camara.cl/diputados/detalle/biografia.aspx?prmId=1181,Sin cambio 2026 documentado todavía; se validará contra afiliación electoral de 2025.,0
1182,Sebastián Videla Castillo,2026-03-11,,Independientes,"Socialista, Liberal, Radical e Independientes",oposicion,current_snapshot_assumed_stable,provisional,term_assumption,https://www.camara.cl/diputados/detalle/biografia.aspx?prmId=1182,Sin cambio 2026 documentado todavía; se validará contra afiliación electoral de 2025.,0
1183,Flor Weisse Novoa,2026-03-11,,Unión Demócrata Independiente,Unión Demócrata Independiente,oficialismo,current_snapshot_assumed_stable,provisional,term_assumption,https://www.camara.cl/diputados/detalle/biografia.aspx?prmId=1183,Sin cambio 2026 documentado todavía; se validará contra afiliación electoral de 2025.,0
1184,Roberto Celedón Fernández,2026-03-11,,Independientes,Frente Amplio,oposicion,current_snapshot_assumed_stable,provisional,term_assumption,https://www.camara.cl/diputados/detalle/biografia.aspx?prmId=1184,Sin cambio 2026 documentado todavía; se validará contra afiliación electoral de 2025.,0
1186,Ignacio Achurra Díaz,2026-03-11,,Frente Amplio,Frente Amplio,oposicion,current_snapshot_assumed_stable,provisional,term_assumption,https://www.camara.cl/diputados/detalle/biografia.aspx?prmId=1186,Sin cambio 2026 documentado todavía; se validará contra afiliación electoral de 2025.,0
1187,Carlo Arqueros Pizarro,2026-03-11,,Partido Republicano,Comité Partido Republicano,oficialismo,current_snapshot_assumed_stable,provisional,term_assumption,https://www.camara.cl/diputados/detalle/biografia.aspx?prmId=1187,Sin cambio 2026 documentado todavía; se validará contra afiliación electoral de 2025.,0
1188,Marcos Barraza Gómez,2026-03-11,,Partido Comunista,Comité Comunista e Independientes,oposicion,current_snapshot_assumed_stable,provisional,term_assumption,https://www.camara.cl/diputados/detalle/biografia.aspx?prmId=1188,Sin cambio 2026 documentado todavía; se validará contra afiliación electoral de 2025.,0
1189,Jaime Bassa Mercado,2026-03-11,,Frente Amplio,Frente Amplio,oposicion,current_snapshot_assumed_stable,provisional,term_assumption,https://www.camara.cl/diputados/detalle/biografia.aspx?prmId=1189,Sin cambio 2026 documentado todavía; se validará contra afiliación electoral de 2025.,0
1190,Enrique Bassaletti Riess,2026-03-11,,Independientes,Comité Partido Republicano,oficialismo,current_snapshot_assumed_stable,provisional,term_assumption,https://www.camara.cl/diputados/detalle/biografia.aspx?prmId=1190,Sin cambio 2026 documentado todavía; se validará contra afiliación electoral de 2025.,0
1191,Valentina Becerra Peña,2026-03-11,,Partido Republicano,Comité Partido Republicano,oficialismo,current_snapshot_assumed_stable,provisional,term_assumption,https://www.camara.cl/diputados/detalle/biografia.aspx?prmId=1191,Sin cambio 2026 documentado todavía; se validará contra afiliación electoral de 2025.,0
1192,Lilian Betancurt Delgado,2026-03-11,,Partido de la Gente,Comité Partido de la Gente,no_alineado,current_snapshot_assumed_stable,provisional,term_assumption,https://www.camara.cl/diputados/detalle/biografia.aspx?prmId=1192,Sin cambio 2026 documentado todavía; se validará contra afiliación electoral de 2025.,0
1193,Patricio Briones Moller,2026-03-11,,Partido de la Gente,Comité Partido de la Gente,no_alineado,current_snapshot_assumed_stable,provisional,term_assumption,https://www.camara.cl/diputados/detalle/biografia.aspx?prmId=1193,Sin cambio 2026 documentado todavía; se validará contra afiliación electoral de 2025.,0
1194,Daniel Bustos Leal,2026-03-11,,Partido Republicano,Comité Partido Republicano,oficialismo,current_snapshot_assumed_stable,provisional,term_assumption,https://www.camara.cl/diputados/detalle/biografia.aspx?prmId=1194,Sin cambio 2026 documentado todavía; se validará contra afiliación electoral de 2025.,0
1195,Carlos Carvajal Gallardo,2026-03-11,,Independientes,Partido Por la Democracia e Independientes,oposicion,current_snapshot_assumed_stable,provisional,term_assumption,https://www.camara.cl/diputados/detalle/biografia.aspx?prmId=1195,Sin cambio 2026 documentado todavía; se validará contra afiliación electoral de 2025.,0
1196,Priscilla Castillo Gerli,2026-03-11,,Partido Demócrata Cristiano,"Comité Democracia Cristiana, Federación Regionalista Verde Social e Independientes",oposicion,current_snapshot_assumed_stable,provisional,term_assumption,https://www.camara.cl/diputados/detalle/biografia.aspx?prmId=1196,Sin cambio 2026 documentado todavía; se validará contra afiliación electoral de 2025.,0
1197,Carlos Chandía Alarcón,2026-03-11,,Renovación Nacional,"Renovación Nacional, Evopoli e Independientes",oficialismo,current_snapshot_assumed_stable,provisional,term_assumption,https://www.camara.cl/diputados/detalle/biografia.aspx?prmId=1197,Sin cambio 2026 documentado todavía; se validará contra afiliación electoral de 2025.,0
1198,Paz Charpentier Rajcevich,2026-03-11,,Partido Republicano,Comité Partido Republicano,oficialismo,current_snapshot_assumed_stable,provisional,term_assumption,https://www.camara.cl/diputados/detalle/biografia.aspx?prmId=1198,Sin cambio 2026 documentado todavía; se validará contra afiliación electoral de 2025.,0
1199,Jaime Coloma Álamos,2026-03-11,,Unión Demócrata Independiente,Unión Demócrata Independiente,oficialismo,current_snapshot_assumed_stable,provisional,term_assumption,https://www.camara.cl/diputados/detalle/biografia.aspx?prmId=1199,Sin cambio 2026 documentado todavía; se validará contra afiliación electoral de 2025.,0
1200,Cristian Contreras Radovic,2026-03-11,2026-04-02,Partido de la Gente,Comité Partido de la Gente,no_alineado,documented_event_chain,high,day,https://www.cooperativa.cl/noticias/pais/politica/camara-baja/pdg-saco-a-cristian-dr-file-contreras-de-su-bancada-de-diputados/2026-04-03/171634.html,Estado anterior reconstruido a partir del primer cambio documentado.,0
1200,Cristian Contreras Radovic,2026-04-03,,Partido de la Gente,Fuera del Comité Partido de la Gente,no_alineado,documented_event_chain,high,day,https://www.cooperativa.cl/noticias/pais/politica/camara-baja/pdg-saco-a-cristian-dr-file-contreras-de-su-bancada-de-diputados/2026-04-03/171634.html,El PDG comunicó su exclusión de la bancada; no se interpreta este hecho por sí solo como renuncia o expulsión de la militancia partidaria. | Conflicto con snapshot oficial: caucus: Cámara=Comité Partido de la Gente / evidencia=Fuera del Comité Partido de la Gente,1
1201,Flor Contreras Vivallo,2026-03-11,,Partido de la Gente,Comité Partido de la Gente,no_alineado,current_snapshot_assumed_stable,provisional,term_assumption,https://www.camara.cl/diputados/detalle/biografia.aspx?prmId=1201,Sin cambio 2026 documentado todavía; se validará contra afiliación electoral de 2025.,0
1202,Eduardo Cretton Rebolledo,2026-03-11,,Unión Demócrata Independiente,Unión Demócrata Independiente,oficialismo,current_snapshot_assumed_stable,provisional,term_assumption,https://www.camara.cl/diputados/detalle/biografia.aspx?prmId=1202,Sin cambio 2026 documentado todavía; se validará contra afiliación electoral de 2025.,0
1203,Sebastián Cristoffanini Jaraquemada,2026-03-11,,Partido Republicano,Comité Partido Republicano,oficialismo,current_snapshot_assumed_stable,provisional,term_assumption,https://www.camara.cl/diputados/detalle/biografia.aspx?prmId=1203,Sin cambio 2026 documentado todavía; se validará contra afiliación electoral de 2025.,0
1204,Francisco Crisóstomo Llanos,2026-03-11,,Partido Socialista,"Socialista, Liberal, Radical e Independientes",oposicion,current_snapshot_assumed_stable,provisional,term_assumption,https://www.camara.cl/diputados/detalle/biografia.aspx?prmId=1204,Sin cambio 2026 documentado todavía; se validará contra afiliación electoral de 2025.,0
1205,Carlos Cuadrado Prats,2026-03-11,,Partido Por la Democracia,Partido Por la Democracia e Independientes,oposicion,current_snapshot_assumed_stable,provisional,term_assumption,https://www.camara.cl/diputados/detalle/biografia.aspx?prmId=1205,Sin cambio 2026 documentado todavía; se validará contra afiliación electoral de 2025.,0
1206,Carolina Cucumides Calderón,2026-03-11,,Independientes,"Socialista, Liberal, Radical e Independientes",oposicion,current_snapshot_assumed_stable,provisional,term_assumption,https://www.camara.cl/diputados/detalle/biografia.aspx?prmId=1206,Sin cambio 2026 documentado todavía; se validará contra afiliación electoral de 2025.,0
1207,Valentina Cáceres Monsálvez,2026-03-11,,Independientes,Frente Amplio,oposicion,current_snapshot_assumed_stable,provisional,term_assumption,https://www.camara.cl/diputados/detalle/biografia.aspx?prmId=1207,Sin cambio 2026 documentado todavía; se validará contra afiliación electoral de 2025.,0
1208,Jorge Díaz Ibarra,2026-03-11,,Partido Demócrata Cristiano,"Comité Democracia Cristiana, Federación Regionalista Verde Social e Independientes",oposicion,current_snapshot_assumed_stable,provisional,term_assumption,https://www.camara.cl/diputados/detalle/biografia.aspx?prmId=1208,Sin cambio 2026 documentado todavía; se validará contra afiliación electoral de 2025.,0
1209,Matías Fernández Hartwig,2026-03-11,,Frente Amplio,Frente Amplio,oposicion,current_snapshot_assumed_stable,provisional,term_assumption,https://www.camara.cl/diputados/detalle/biografia.aspx?prmId=1209,Sin cambio 2026 documentado todavía; se validará contra afiliación electoral de 2025.,0
1210,Gustavo Gatica Villarroel,2026-03-11,,Independientes,Comité Comunista e Independientes,oposicion,current_snapshot_assumed_stable,provisional,term_assumption,https://www.camara.cl/diputados/detalle/biografia.aspx?prmId=1210,Sin cambio 2026 documentado todavía; se validará contra afiliación electoral de 2025.,0
1211,Sofía González Cortés,2026-03-11,,Partido Comunista,Comité Comunista e Independientes,oposicion,current_snapshot_assumed_stable,provisional,term_assumption,https://www.camara.cl/diputados/detalle/biografia.aspx?prmId=1211,Sin cambio 2026 documentado todavía; se validará contra afiliación electoral de 2025.,0
1212,Erich Grohs Marín,2026-03-11,,Partido Nacional Libertario,Comité Partido Nacional Libertarios,no_alineado,current_snapshot_assumed_stable,provisional,term_assumption,https://www.camara.cl/diputados/detalle/biografia.aspx?prmId=1212,Sin cambio 2026 documentado todavía; se validará contra afiliación electoral de 2025.,0
1213,Irací Hassler Jacob,2026-03-11,,Partido Comunista,Comité Comunista e Independientes,oposicion,current_snapshot_assumed_stable,provisional,term_assumption,https://www.camara.cl/diputados/detalle/biografia.aspx?prmId=1213,Sin cambio 2026 documentado todavía; se validará contra afiliación electoral de 2025.,0
1214,Constanza Hube Portus,2026-03-11,,Unión Demócrata Independiente,Unión Demócrata Independiente,oficialismo,current_snapshot_assumed_stable,provisional,term_assumption,https://www.camara.cl/diputados/detalle/biografia.aspx?prmId=1214,Sin cambio 2026 documentado todavía; se validará contra afiliación electoral de 2025.,0
1215,Álvaro Jofré Cáceres,2026-03-11,,Partido Nacional Libertario,Comité Partido Nacional Libertarios,no_alineado,current_snapshot_assumed_stable,provisional,term_assumption,https://www.camara.cl/diputados/detalle/biografia.aspx?prmId=1215,Sin cambio 2026 documentado todavía; se validará contra afiliación electoral de 2025.,0
1216,Stephanie Jéldrez Ortiz,2026-03-11,,Partido Republicano,Comité Partido Republicano,oficialismo,current_snapshot_assumed_stable,provisional,term_assumption,https://www.camara.cl/diputados/detalle/biografia.aspx?prmId=1216,Sin cambio 2026 documentado todavía; se validará contra afiliación electoral de 2025.,0
1217,Pier Karlezi Hazleby,2026-03-11,,Partido Nacional Libertario,Comité Partido Nacional Libertarios,no_alineado,current_snapshot_assumed_stable,provisional,term_assumption,https://www.camara.cl/diputados/detalle/biografia.aspx?prmId=1217,Sin cambio 2026 documentado todavía; se validará contra afiliación electoral de 2025.,0
1218,José Antonio Kast Adriasola,2026-03-11,,Partido Republicano,Comité Partido Republicano,oficialismo,current_snapshot_assumed_stable,provisional,term_assumption,https://www.camara.cl/diputados/detalle/biografia.aspx?prmId=1218,Sin cambio 2026 documentado todavía; se validará contra afiliación electoral de 2025.,0
1219,Tomás Kast Sommerhoff,2026-03-11,,Evolución Política,"Renovación Nacional, Evopoli e Independientes",oficialismo,current_snapshot_assumed_stable,provisional,term_assumption,https://www.camara.cl/diputados/detalle/biografia.aspx?prmId=1219,Sin cambio 2026 documentado todavía; se validará contra afiliación electoral de 2025.,0
1220,Leandro Kunstmann Collado,2026-03-11,,Partido Republicano,Comité Partido Republicano,oficialismo,current_snapshot_assumed_stable,provisional,term_assumption,https://www.camara.cl/diputados/detalle/biografia.aspx?prmId=1220,Sin cambio 2026 documentado todavía; se validará contra afiliación electoral de 2025.,0
1221,Benjamín Lorca Inzunza,2026-03-11,,Partido Republicano,Comité Partido Republicano,oficialismo,current_snapshot_assumed_stable,provisional,term_assumption,https://www.camara.cl/diputados/detalle/biografia.aspx?prmId=1221,Sin cambio 2026 documentado todavía; se validará contra afiliación electoral de 2025.,0
1222,Andrea Macías Palma,2026-03-11,,Partido Socialista,"Socialista, Liberal, Radical e Independientes",oposicion,current_snapshot_assumed_stable,provisional,term_assumption,https://www.camara.cl/diputados/detalle/biografia.aspx?prmId=1222,Sin cambio 2026 documentado todavía; se validará contra afiliación electoral de 2025.,0
1223,Hans Marowski Cuevas,2026-03-11,,Partido Nacional Libertario,Comité Partido Nacional Libertarios,no_alineado,current_snapshot_assumed_stable,provisional,term_assumption,https://www.camara.cl/diputados/detalle/biografia.aspx?prmId=1223,Sin cambio 2026 documentado todavía; se validará contra afiliación electoral de 2025.,0
1224,Cristian Mella Andaur,2026-03-11,,Partido Demócrata Cristiano,"Comité Democracia Cristiana, Federación Regionalista Verde Social e Independientes",oposicion,current_snapshot_assumed_stable,provisional,term_assumption,https://www.camara.cl/diputados/detalle/biografia.aspx?prmId=1224,Sin cambio 2026 documentado todavía; se validará contra afiliación electoral de 2025.,0
1225,Cristian Menchaca Pinochet,2026-03-11,,Independientes,Comité Partido Republicano,oficialismo,current_snapshot_assumed_stable,provisional,term_assumption,https://www.camara.cl/diputados/detalle/biografia.aspx?prmId=1225,Sin cambio 2026 documentado todavía; se validará contra afiliación electoral de 2025.,0
1226,José Montalva Feuerhake,2026-03-11,,Independientes,Partido Por la Democracia e Independientes,oposicion,current_snapshot_assumed_stable,provisional,term_assumption,https://www.camara.cl/diputados/detalle/biografia.aspx?prmId=1226,Sin cambio 2026 documentado todavía; se validará contra afiliación electoral de 2025.,0
1227,Claudia Mora Vega,2026-03-11,,Renovación Nacional,"Renovación Nacional, Evopoli e Independientes",oficialismo,current_snapshot_assumed_stable,provisional,term_assumption,https://www.camara.cl/diputados/detalle/biografia.aspx?prmId=1227,Sin cambio 2026 documentado todavía; se validará contra afiliación electoral de 2025.,0
1228,Paulina Muñoz Minte,2026-03-11,,Partido Nacional Libertario,Comité Partido Nacional Libertarios,no_alineado,current_snapshot_assumed_stable,provisional,term_assumption,https://www.camara.cl/diputados/detalle/biografia.aspx?prmId=1228,Sin cambio 2026 documentado todavía; se validará contra afiliación electoral de 2025.,0
1229,Javier Muñoz Riquelme,2026-03-11,,Partido Demócrata Cristiano,"Comité Democracia Cristiana, Federación Regionalista Verde Social e Independientes",oposicion,current_snapshot_assumed_stable,provisional,term_assumption,https://www.camara.cl/diputados/detalle/biografia.aspx?prmId=1229,Sin cambio 2026 documentado todavía; se validará contra afiliación electoral de 2025.,0
1230,Alex Nahuelquin Nahuelquin,2026-03-11,,Partido de la Gente,Comité Partido de la Gente,no_alineado,current_snapshot_assumed_stable,provisional,term_assumption,https://www.camara.cl/diputados/detalle/biografia.aspx?prmId=1230,Sin cambio 2026 documentado todavía; se validará contra afiliación electoral de 2025.,0
1231,Ximena Naranjo Pinto,2026-03-11,,Independientes,Unión Demócrata Independiente,oficialismo,current_snapshot_assumed_stable,provisional,term_assumption,https://www.camara.cl/diputados/detalle/biografia.aspx?prmId=1231,Sin cambio 2026 documentado todavía; se validará contra afiliación electoral de 2025.,0
1232,Cristian Neira Martínez,2026-03-11,,Partido Republicano,Comité Partido Republicano,oficialismo,current_snapshot_assumed_stable,provisional,term_assumption,https://www.camara.cl/diputados/detalle/biografia.aspx?prmId=1232,Sin cambio 2026 documentado todavía; se validará contra afiliación electoral de 2025.,0
1233,Ricardo Neumann Bertín,2026-03-11,,Unión Demócrata Independiente,Unión Demócrata Independiente,oficialismo,current_snapshot_assumed_stable,provisional,term_assumption,https://www.camara.cl/diputados/detalle/biografia.aspx?prmId=1233,Sin cambio 2026 documentado todavía; se validará contra afiliación electoral de 2025.,0
1234,Mario Olavarría Rodríguez,2026-03-11,,Unión Demócrata Independiente,Unión Demócrata Independiente,oficialismo,current_snapshot_assumed_stable,provisional,term_assumption,https://www.camara.cl/diputados/detalle/biografia.aspx?prmId=1234,Sin cambio 2026 documentado todavía; se validará contra afiliación electoral de 2025.,0
1235,Javier Olivares Avendaño,2026-03-11,,Partido de la Gente,Comité Partido de la Gente,no_alineado,current_snapshot_assumed_stable,provisional,term_assumption,https://www.camara.cl/diputados/detalle/biografia.aspx?prmId=1235,Sin cambio 2026 documentado todavía; se validará contra afiliación electoral de 2025.,0
1236,Paula Olmos Contreras,2026-03-11,,Partido de la Gente,Comité Partido de la Gente,no_alineado,current_snapshot_assumed_stable,provisional,term_assumption,https://www.camara.cl/diputados/detalle/biografia.aspx?prmId=1236,Sin cambio 2026 documentado todavía; se validará contra afiliación electoral de 2025.,0
1237,Francisco Orrego Gutiérrez,2026-03-11,,Renovación Nacional,"Renovación Nacional, Evopoli e Independientes",oficialismo,current_snapshot_assumed_stable,provisional,term_assumption,https://www.camara.cl/diputados/detalle/biografia.aspx?prmId=1237,Sin cambio 2026 documentado todavía; se validará contra afiliación electoral de 2025.,0
1238,Álvaro Ortiz Vera,2026-03-11,,Partido Demócrata Cristiano,"Comité Democracia Cristiana, Federación Regionalista Verde Social e Independientes",oposicion,current_snapshot_assumed_stable,provisional,term_assumption,https://www.camara.cl/diputados/detalle/biografia.aspx?prmId=1238,Sin cambio 2026 documentado todavía; se validará contra afiliación electoral de 2025.,0
1239,Fabián Ossandón Briceño,2026-03-11,,Partido de la Gente,Comité Partido de la Gente,no_alineado,current_snapshot_assumed_stable,provisional,term_assumption,https://www.camara.cl/diputados/detalle/biografia.aspx?prmId=1239,Sin cambio 2026 documentado todavía; se validará contra afiliación electoral de 2025.,0
1240,Zandra Parisi Fernández,2026-03-11,,Partido de la Gente,Comité Partido de la Gente,no_alineado,current_snapshot_assumed_stable,provisional,term_assumption,https://www.camara.cl/diputados/detalle/biografia.aspx?prmId=1240,Sin cambio 2026 documentado todavía; se validará contra afiliación electoral de 2025.,0
1241,Patricio Pinilla Valencia,2026-03-11,,Partido Demócrata Cristiano,"Comité Democracia Cristiana, Federación Regionalista Verde Social e Independientes",oposicion,current_snapshot_assumed_stable,provisional,term_assumption,https://www.camara.cl/diputados/detalle/biografia.aspx?prmId=1241,Sin cambio 2026 documentado todavía; se validará contra afiliación electoral de 2025.,0
1242,Rodrigo Ramírez Parra,2026-03-11,,Independientes,"Renovación Nacional, Evopoli e Independientes",oficialismo,current_snapshot_assumed_stable,provisional,term_assumption,https://www.camara.cl/diputados/detalle/biografia.aspx?prmId=1242,Sin cambio 2026 documentado todavía; se validará contra afiliación electoral de 2025.,0
1243,Tamara Ramírez Ramírez,2026-03-11,,Partido de la Gente,Comité Partido de la Gente,no_alineado,current_snapshot_assumed_stable,provisional,term_assumption,https://www.camara.cl/diputados/detalle/biografia.aspx?prmId=1243,Sin cambio 2026 documentado todavía; se validará contra afiliación electoral de 2025.,0
1244,Claudia Reyes Larenas,2026-03-11,,Partido Republicano,Comité Partido Republicano,oficialismo,current_snapshot_assumed_stable,provisional,term_assumption,https://www.camara.cl/diputados/detalle/biografia.aspx?prmId=1244,Sin cambio 2026 documentado todavía; se validará contra afiliación electoral de 2025.,0
1245,Alejandro Riquelme Ducci,2026-03-11,,Partido Republicano,Comité Partido Republicano,oficialismo,current_snapshot_assumed_stable,provisional,term_assumption,https://www.camara.cl/diputados/detalle/biografia.aspx?prmId=1245,Sin cambio 2026 documentado todavía; se validará contra afiliación electoral de 2025.,0
1246,José Antonio Rivas Villalobos,2026-03-11,,Partido Socialista,"Socialista, Liberal, Radical e Independientes",oposicion,current_snapshot_assumed_stable,provisional,term_assumption,https://www.camara.cl/diputados/detalle/biografia.aspx?prmId=1246,Sin cambio 2026 documentado todavía; se validará contra afiliación electoral de 2025.,0
1247,Javiera Rodríguez Pascual,2026-03-11,,Partido Republicano,Comité Partido Republicano,oficialismo,current_snapshot_assumed_stable,provisional,term_assumption,https://www.camara.cl/diputados/detalle/biografia.aspx?prmId=1247,Sin cambio 2026 documentado todavía; se validará contra afiliación electoral de 2025.,0
1248,Felipe Ross Correa,2026-03-11,,Partido Republicano,Comité Partido Republicano,oficialismo,current_snapshot_assumed_stable,provisional,term_assumption,https://www.camara.cl/diputados/detalle/biografia.aspx?prmId=1248,Sin cambio 2026 documentado todavía; se validará contra afiliación electoral de 2025.,0
1249,Omar Sabat Guzmán,2026-03-11,,Independientes,Unión Demócrata Independiente,oficialismo,current_snapshot_assumed_stable,provisional,term_assumption,https://www.camara.cl/diputados/detalle/biografia.aspx?prmId=1249,Sin cambio 2026 documentado todavía; se validará contra afiliación electoral de 2025.,0
1250,Bernardo Salinas Maya,2026-03-11,,Independientes,Comité Comunista e Independientes,oposicion,current_snapshot_assumed_stable,provisional,term_assumption,https://www.camara.cl/diputados/detalle/biografia.aspx?prmId=1250,Sin cambio 2026 documentado todavía; se validará contra afiliación electoral de 2025.,0
1251,Macarena Santelices Cañas,2026-03-11,,Partido Republicano,Comité Partido Republicano,oficialismo,current_snapshot_assumed_stable,provisional,term_assumption,https://www.camara.cl/diputados/detalle/biografia.aspx?prmId=1251,Sin cambio 2026 documentado todavía; se validará contra afiliación electoral de 2025.,0
1252,Constanza Schonhaut Soto,2026-03-11,,Frente Amplio,Frente Amplio,oposicion,current_snapshot_assumed_stable,provisional,term_assumption,https://www.camara.cl/diputados/detalle/biografia.aspx?prmId=1252,Sin cambio 2026 documentado todavía; se validará contra afiliación electoral de 2025.,0
1253,Fernando Ugarte Tejeda,2026-03-11,,Partido Republicano,Comité Partido Republicano,oficialismo,current_snapshot_assumed_stable,provisional,term_assumption,https://www.camara.cl/diputados/detalle/biografia.aspx?prmId=1253,Sin cambio 2026 documentado todavía; se validará contra afiliación electoral de 2025.,0
1254,Ignacio Urcullú Clèment-Lund,2026-03-11,,Partido Republicano,Comité Partido Republicano,oficialismo,current_snapshot_assumed_stable,provisional,term_assumption,https://www.camara.cl/diputados/detalle/biografia.aspx?prmId=1254,Sin cambio 2026 documentado todavía; se validará contra afiliación electoral de 2025.,0
1255,Eileen Urqueta Rojas,2026-03-11,,Partido de la Gente,Comité Partido de la Gente,no_alineado,current_snapshot_assumed_stable,provisional,term_assumption,https://www.camara.cl/diputados/detalle/biografia.aspx?prmId=1255,Sin cambio 2026 documentado todavía; se validará contra afiliación electoral de 2025.,0
1256,Tatiana Urrutia Herrera,2026-03-11,,Frente Amplio,Frente Amplio,oposicion,current_snapshot_assumed_stable,provisional,term_assumption,https://www.camara.cl/diputados/detalle/biografia.aspx?prmId=1256,Sin cambio 2026 documentado todavía; se validará contra afiliación electoral de 2025.,0
1257,Alejandra Valdebenito Torres,2026-03-11,,Unión Demócrata Independiente,Unión Demócrata Independiente,oficialismo,current_snapshot_assumed_stable,provisional,term_assumption,https://www.camara.cl/diputados/detalle/biografia.aspx?prmId=1257,Sin cambio 2026 documentado todavía; se validará contra afiliación electoral de 2025.,0
1258,Guillermo Valdés Carmona,2026-03-11,,Partido de la Gente,Comité Partido de la Gente,no_alineado,current_snapshot_assumed_stable,provisional,term_assumption,https://www.camara.cl/diputados/detalle/biografia.aspx?prmId=1258,Sin cambio 2026 documentado todavía; se validará contra afiliación electoral de 2025.,0
1259,Juan Marcelo Valenzuela Henríquez,2026-03-11,,Partido de la Gente,Comité Partido de la Gente,no_alineado,current_snapshot_assumed_stable,provisional,term_assumption,https://www.camara.cl/diputados/detalle/biografia.aspx?prmId=1259,Sin cambio 2026 documentado todavía; se validará contra afiliación electoral de 2025.,0
1260,César Valenzuela Maass,2026-03-11,,Partido Socialista,"Socialista, Liberal, Radical e Independientes",oposicion,current_snapshot_assumed_stable,provisional,term_assumption,https://www.camara.cl/diputados/detalle/biografia.aspx?prmId=1260,Sin cambio 2026 documentado todavía; se validará contra afiliación electoral de 2025.,0
1261,Daniel Valenzuela Salazar,2026-03-11,,Independientes,"Renovación Nacional, Evopoli e Independientes",oficialismo,current_snapshot_assumed_stable,provisional,term_assumption,https://www.camara.cl/diputados/detalle/biografia.aspx?prmId=1261,Sin cambio 2026 documentado todavía; se validará contra afiliación electoral de 2025.,0
1262,Diego Vergara Rodríguez,2026-03-11,,Partido Republicano,Comité Partido Republicano,oficialismo,current_snapshot_assumed_stable,provisional,term_assumption,https://www.camara.cl/diputados/detalle/biografia.aspx?prmId=1262,Sin cambio 2026 documentado todavía; se validará contra afiliación electoral de 2025.,0
1263,Sebastián Zamora Soto,2026-03-11,,Independientes,Comité Partido Republicano,oficialismo,current_snapshot_assumed_stable,provisional,term_assumption,https://www.camara.cl/diputados/detalle/biografia.aspx?prmId=1263,Sin cambio 2026 documentado todavía; se validará contra afiliación electoral de 2025.,0
1264,Fernando Zamorano Peralta,2026-03-11,,Partido Por la Democracia,Partido Por la Democracia e Independientes,oposicion,current_snapshot_assumed_stable,provisional,term_assumption,https://www.camara.cl/diputados/detalle/biografia.aspx?prmId=1264,Sin cambio 2026 documentado todavía; se validará contra afiliación electoral de 2025.,0
