deputy_id,deputy_name,district,servel_candidate_code,servel_candidate_name,electoral_party,electoral_pact,electoral_subpact,source_url,match_method,match_score,match_confidence
803,René Alinco Bustos,27,66027051,RENE ALINCO BUSTOS,FEDERACION REGIONALISTA VERDE SOCIAL,"VERDES, REGIONALISTAS Y HUMANISTAS",,https://www.servel.cl/wp-content/uploads/2025/11/PRELIMINARES_DIPUTADOS.zip,district_exact_normalized_name,1.0000,high
815,Sergio Bobadilla Muñoz,20,66020094,SERGIO BOBADILLA MUÑOZ,UNION DEMOCRATA INDEPENDIENTE,CHILE GRANDE Y UNIDO,,https://www.servel.cl/wp-content/uploads/2025/11/PRELIMINARES_DIPUTADOS.zip,district_exact_normalized_name,1.0000,high
843,René Manuel García García,23,66023096,RENE MANUEL GARCIA GARCIA,RENOVACION NACIONAL,CHILE GRANDE Y UNIDO,,https://www.servel.cl/wp-content/uploads/2025/11/PRELIMINARES_DIPUTADOS.zip,district_exact_normalized_name,1.0000,high
872,Jaime Mulet Martínez,4,66004051,JAIME MULET MARTINEZ,FEDERACION REGIONALISTA VERDE SOCIAL,"VERDES, REGIONALISTAS Y HUMANISTAS",,https://www.servel.cl/wp-content/uploads/2025/11/PRELIMINARES_DIPUTADOS.zip,district_exact_normalized_name,1.0000,high
915,Germán Verdugo Soto,17,66017085,GERMAN VERDUGO SOTO,PARTIDO NACIONAL LIBERTARIO,CAMBIO POR CHILE,,https://www.servel.cl/wp-content/uploads/2025/11/PRELIMINARES_DIPUTADOS.zip,district_exact_normalized_name,1.0000,high
986,Marcela Hernando Pérez,3,66003060,MARCELA HERNANDO PEREZ,PARTIDO RADICAL DE CHILE,UNIDAD POR CHILE,,https://www.servel.cl/wp-content/uploads/2025/11/PRELIMINARES_DIPUTADOS.zip,district_exact_normalized_name,1.0000,high
1009,Jorge Alessandri Vergara,10,66010104,JORGE ALESSANDRI VERGARA,UNION DEMOCRATA INDEPENDIENTE,CHILE GRANDE Y UNIDO,,https://www.servel.cl/wp-content/uploads/2025/11/PRELIMINARES_DIPUTADOS.zip,district_exact_normalized_name,1.0000,high
1012,Boris Barrera Moreno,9,66009060,BORIS BARRERA MORENO,PARTIDO COMUNISTA DE CHILE,UNIDAD POR CHILE,,https://www.servel.cl/wp-content/uploads/2025/11/PRELIMINARES_DIPUTADOS.zip,district_exact_normalized_name,1.0000,high
1013,Alejandro Bernales Maldonado,26,66026062,ALEJANDRO JAVIER BERNALES MALDONADO,PARTIDO LIBERAL DE CHILE,UNIDAD POR CHILE,,https://www.servel.cl/wp-content/uploads/2025/11/PRELIMINARES_DIPUTADOS.zip,district_fuzzy_name,0.8875,medium
1015,Jorge Brito Hasbún,7,66007061,JORGE BRITO HASBUN,FRENTE AMPLIO,UNIDAD POR CHILE,,https://www.servel.cl/wp-content/uploads/2025/11/PRELIMINARES_DIPUTADOS.zip,district_exact_normalized_name,1.0000,high
1017,Álvaro Carter Fernández,12,66012103,ALVARO CARTER FERNANDEZ,PARTIDO REPUBLICANO DE CHILE,CAMBIO POR CHILE,,https://www.servel.cl/wp-content/uploads/2025/11/PRELIMINARES_DIPUTADOS.zip,district_exact_normalized_name,1.0000,high
1021,Andrés Celis Montt,7,66007088,ANDRES CELIS MONTT,RENOVACION NACIONAL,CHILE GRANDE Y UNIDO,,https://www.servel.cl/wp-content/uploads/2025/11/PRELIMINARES_DIPUTADOS.zip,district_exact_normalized_name,1.0000,high
1025,Catalina Del Real Mihovilovic,11,66011089,CATALINA DEL REAL MIHOVILOVIC,PARTIDO REPUBLICANO DE CHILE,CAMBIO POR CHILE,,https://www.servel.cl/wp-content/uploads/2025/11/PRELIMINARES_DIPUTADOS.zip,district_exact_normalized_name,1.0000,high
1028,Eduardo Durán Salinas,13,66013077,EDUARDO DURAN SALINAS,RENOVACION NACIONAL,CHILE GRANDE Y UNIDO,,https://www.servel.cl/wp-content/uploads/2025/11/PRELIMINARES_DIPUTADOS.zip,district_exact_normalized_name,1.0000,high
1038,Marcos Ilabaca Cerda,24,66024057,MARCOS ILABACA CERDA,PARTIDO SOCIALISTA DE CHILE,UNIDAD POR CHILE,,https://www.servel.cl/wp-content/uploads/2025/11/PRELIMINARES_DIPUTADOS.zip,district_exact_normalized_name,1.0000,high
1039,Pamela Jiles Moreno,12,66012081,PAMELA JILES MORENO,PARTIDO DE LA GENTE,PARTIDO DE LA GENTE,,https://www.servel.cl/wp-content/uploads/2025/11/PRELIMINARES_DIPUTADOS.zip,district_exact_normalized_name,1.0000,high
1044,Raúl Leiva Carvajal,14,66014058,RAUL LEIVA CARVAJAL,PARTIDO SOCIALISTA DE CHILE,UNIDAD POR CHILE,,https://www.servel.cl/wp-content/uploads/2025/11/PRELIMINARES_DIPUTADOS.zip,district_exact_normalized_name,1.0000,high
1054,Francesca Muñoz González,20,66020103,FRANCESCA MUÑOZ GONZALEZ,PARTIDO SOCIAL CRISTIANO,CAMBIO POR CHILE,,https://www.servel.cl/wp-content/uploads/2025/11/PRELIMINARES_DIPUTADOS.zip,district_exact_normalized_name,1.0000,high
1056,Emilia Nuyado Ancapichun,25,66025060,EMILIA  NUYADO ANCAPICHUN,PARTIDO SOCIALISTA DE CHILE,UNIDAD POR CHILE,,https://www.servel.cl/wp-content/uploads/2025/11/PRELIMINARES_DIPUTADOS.zip,district_exact_normalized_name,1.0000,high
1059,Ximena Ossandón Irarrázabal,12,66012088,XIMENA OSSANDON IRARRAZABAL,RENOVACION NACIONAL,CHILE GRANDE Y UNIDO,,https://www.servel.cl/wp-content/uploads/2025/11/PRELIMINARES_DIPUTADOS.zip,district_exact_normalized_name,1.0000,high
1060,Luis Pardo Sáinz,6,66006078,LUIS PARDO SAINZ,RENOVACION NACIONAL,CHILE GRANDE Y UNIDO,,https://www.servel.cl/wp-content/uploads/2025/11/PRELIMINARES_DIPUTADOS.zip,district_exact_normalized_name,1.0000,high
1061,Andrea Parra Sauterel,22,66022058,ANDREA PARRA SAUTEREL,PARTIDO POR LA DEMOCRACIA,UNIDAD POR CHILE,,https://www.servel.cl/wp-content/uploads/2025/11/PRELIMINARES_DIPUTADOS.zip,district_exact_normalized_name,1.0000,high
1062,Joanna Pérez Olea,21,66021073,JOANNA PEREZ OLEA,PARTIDO DEMOCRATAS CHILE,CHILE GRANDE Y UNIDO,,https://www.servel.cl/wp-content/uploads/2025/11/PRELIMINARES_DIPUTADOS.zip,district_exact_normalized_name,1.0000,high
1065,Guillermo Ramírez Diez,9,66009088,GUILLERMO RAMIREZ DIEZ,UNION DEMOCRATA INDEPENDIENTE,CHILE GRANDE Y UNIDO,,https://www.servel.cl/wp-content/uploads/2025/11/PRELIMINARES_DIPUTADOS.zip,district_exact_normalized_name,1.0000,high
1073,Juan Santana Castillo,4,66004061,JUAN SANTANA CASTILLO,PARTIDO SOCIALISTA DE CHILE,UNIDAD POR CHILE,,https://www.servel.cl/wp-content/uploads/2025/11/PRELIMINARES_DIPUTADOS.zip,district_exact_normalized_name,1.0000,high
1074,Marisela Santibáñez Novoa,14,66014060,MARISELA SANTIBAÑEZ NOVOA,PARTIDO COMUNISTA DE CHILE,UNIDAD POR CHILE,,https://www.servel.cl/wp-content/uploads/2025/11/PRELIMINARES_DIPUTADOS.zip,district_exact_normalized_name,1.0000,high
1075,Diego Schalper Sepúlveda,11,66011083,DIEGO SCHALPER SEPULVEDA,RENOVACION NACIONAL,CHILE GRANDE Y UNIDO,,https://www.servel.cl/wp-content/uploads/2025/11/PRELIMINARES_DIPUTADOS.zip,district_exact_normalized_name,1.0000,high
1077,Raúl Soto Mardones,15,66015057,RAUL SOTO MARDONES,PARTIDO POR LA DEMOCRACIA,UNIDAD POR CHILE,,https://www.servel.cl/wp-content/uploads/2025/11/PRELIMINARES_DIPUTADOS.zip,district_exact_normalized_name,1.0000,high
1082,Cristóbal Urruticoechea Ríos,21,66021079,CRISTOBAL URRUTICOECHEA RIOS,PARTIDO NACIONAL LIBERTARIO,CAMBIO POR CHILE,,https://www.servel.cl/wp-content/uploads/2025/11/PRELIMINARES_DIPUTADOS.zip,district_exact_normalized_name,1.0000,high
1086,Gonzalo Winter Etcheberry,10,66010060,GONZALO WINTER ETCHEBERRY,FRENTE AMPLIO,UNIDAD POR CHILE,,https://www.servel.cl/wp-content/uploads/2025/11/PRELIMINARES_DIPUTADOS.zip,district_exact_normalized_name,1.0000,high
1087,Gael Yeomans Araya,13,66013057,GAEL YEOMANS ARAYA,FRENTE AMPLIO,UNIDAD POR CHILE,,https://www.servel.cl/wp-content/uploads/2025/11/PRELIMINARES_DIPUTADOS.zip,district_exact_normalized_name,1.0000,high
1099,Jaime Araya Guerrero,3,66003058,JAIME ARAYA GUERRERO,PARTIDO POR LA DEMOCRACIA,UNIDAD POR CHILE,,https://www.servel.cl/wp-content/uploads/2025/11/PRELIMINARES_DIPUTADOS.zip,district_exact_normalized_name,1.0000,high
1100,Cristián Araya Lerdo de Tejada,11,66011088,CRISTIAN ARAYA LERDO DE TEJADA,PARTIDO REPUBLICANO DE CHILE,CAMBIO POR CHILE,,https://www.servel.cl/wp-content/uploads/2025/11/PRELIMINARES_DIPUTADOS.zip,district_exact_normalized_name,1.0000,high
1102,Roberto Arroyo Muñoz,20,66020104,ROBERTO ARROYO MUÑOZ,PARTIDO SOCIAL CRISTIANO,CAMBIO POR CHILE,,https://www.servel.cl/wp-content/uploads/2025/11/PRELIMINARES_DIPUTADOS.zip,district_exact_normalized_name,1.0000,high
1104,Chiara Barchiesi Chávez,6,66006086,CHIARA BARCHIESI CHAVEZ,PARTIDO REPUBLICANO DE CHILE,CAMBIO POR CHILE,,https://www.servel.cl/wp-content/uploads/2025/11/PRELIMINARES_DIPUTADOS.zip,district_exact_normalized_name,1.0000,high
1105,Héctor Barría Angulo,25,66025056,HECTOR BARRIA ANGULO,PARTIDO DEMOCRATA CRISTIANO,UNIDAD POR CHILE,,https://www.servel.cl/wp-content/uploads/2025/11/PRELIMINARES_DIPUTADOS.zip,district_exact_normalized_name,1.0000,high
1107,María Francisca Bello Campos,6,66006061,FRANCISCA BELLO CAMPOS,FRENTE AMPLIO,UNIDAD POR CHILE,,https://www.servel.cl/wp-content/uploads/2025/11/PRELIMINARES_DIPUTADOS.zip,district_fuzzy_name,0.8835,medium
1108,Juan Carlos Beltrán Silva,22,66022072,JUAN CARLOS BELTRAN SILVA,RENOVACION NACIONAL,CHILE GRANDE Y UNIDO,,https://www.servel.cl/wp-content/uploads/2025/11/PRELIMINARES_DIPUTADOS.zip,district_exact_normalized_name,1.0000,high
1110,Carlos Bianchi Chelech,28,66028067,CARLOS ANTONIO KARIM BIANCHI CHELECH,INDEPENDIENTES,CANDIDATURA INDEPENDIENTE,,https://www.servel.cl/wp-content/uploads/2025/11/PRELIMINARES_DIPUTADOS.zip,district_fuzzy_name,0.7914,medium
1114,Félix Bugueño Sotelo,16,66016056,FELIX BUGUEÑO SOTELO,FRENTE AMPLIO,UNIDAD POR CHILE,,https://www.servel.cl/wp-content/uploads/2025/11/PRELIMINARES_DIPUTADOS.zip,district_exact_normalized_name,1.0000,high
1116,Felipe Camaño Cárdenas,19,66019062,FELIPE CAMAÑO CARDENAS,PARTIDO DEMOCRATA CRISTIANO,UNIDAD POR CHILE,,https://www.servel.cl/wp-content/uploads/2025/11/PRELIMINARES_DIPUTADOS.zip,district_exact_normalized_name,1.0000,high
1117,Nathalie Castillo Rojas,5,66005061,NATHALIE CASTILLO ROJAS,PARTIDO COMUNISTA DE CHILE,UNIDAD POR CHILE,,https://www.servel.cl/wp-content/uploads/2025/11/PRELIMINARES_DIPUTADOS.zip,district_exact_normalized_name,1.0000,high
1119,Sara Concha Smith,19,66019095,SARA CONCHA SMITH,PARTIDO SOCIAL CRISTIANO,CAMBIO POR CHILE,,https://www.servel.cl/wp-content/uploads/2025/11/PRELIMINARES_DIPUTADOS.zip,district_exact_normalized_name,1.0000,high
1122,Luis Alberto Cuello Peña y Lillo,7,66007063,LUIS CUELLO PEÑA Y LILLO,PARTIDO COMUNISTA DE CHILE,UNIDAD POR CHILE,,https://www.servel.cl/wp-content/uploads/2025/11/PRELIMINARES_DIPUTADOS.zip,district_fuzzy_name,0.8857,medium
1127,Lorena Fries Monleón,10,66010062,LORENA FRIES MONLEON,FRENTE AMPLIO,UNIDAD POR CHILE,,https://www.servel.cl/wp-content/uploads/2025/11/PRELIMINARES_DIPUTADOS.zip,district_exact_normalized_name,1.0000,high
1128,Ana María Gazmuri Vieira,12,66012051,ANA MARIA GAZMURI VIEIRA,PARTIDO ACCIÓN HUMANISTA,"VERDES, REGIONALISTAS Y HUMANISTAS",,https://www.servel.cl/wp-content/uploads/2025/11/PRELIMINARES_DIPUTADOS.zip,district_exact_normalized_name,1.0000,high
1131,Mauro González Villarroel,26,66026068,MAURO GONZALEZ VILLARROEL,RENOVACION NACIONAL,CHILE GRANDE Y UNIDO,,https://www.servel.cl/wp-content/uploads/2025/11/PRELIMINARES_DIPUTADOS.zip,district_exact_normalized_name,1.0000,high
1132,Jorge Guzmán Zepeda,17,66017074,JORGE GUZMAN ZEPEDA,EVOLUCION POLITICA,CHILE GRANDE Y UNIDO,,https://www.servel.cl/wp-content/uploads/2025/11/PRELIMINARES_DIPUTADOS.zip,district_exact_normalized_name,1.0000,high
1133,Juan Irarrázaval Rossel,14,66014089,JUAN IRARRAZAVAL ROSSEL,PARTIDO REPUBLICANO DE CHILE,CAMBIO POR CHILE,,https://www.servel.cl/wp-content/uploads/2025/11/PRELIMINARES_DIPUTADOS.zip,district_exact_normalized_name,1.0000,high
1140,Daniel Lilayu Vivanco,25,66025066,DANIEL LILAYU VIVANCO,UNION DEMOCRATA INDEPENDIENTE,CHILE GRANDE Y UNIDO,,https://www.servel.cl/wp-content/uploads/2025/11/PRELIMINARES_DIPUTADOS.zip,district_exact_normalized_name,1.0000,high
1141,Luis Malla Valenzuela,1,66001055,LUIS MALLA VALENZUELA,PARTIDO LIBERAL DE CHILE,UNIDAD POR CHILE,,https://www.servel.cl/wp-content/uploads/2025/11/PRELIMINARES_DIPUTADOS.zip,district_exact_normalized_name,1.0000,high
1142,Daniel Manouchehri Lobos,5,66005060,DANIEL MANOUCHEHRI MOGHADAM KASHAN LOBOS,PARTIDO SOCIALISTA DE CHILE,UNIDAD POR CHILE,,https://www.servel.cl/wp-content/uploads/2025/11/PRELIMINARES_DIPUTADOS.zip,district_fuzzy_name,0.7875,medium
1143,Cristóbal Martínez Ramírez,19,66019089,CRISTOBAL MARTINEZ RAMIREZ,UNION DEMOCRATA INDEPENDIENTE,CHILE GRANDE Y UNIDO,,https://www.servel.cl/wp-content/uploads/2025/11/PRELIMINARES_DIPUTADOS.zip,district_exact_normalized_name,1.0000,high
1146,José Carlos Meza Pereira,9,66009096,JOSE CARLOS MEZA PEREIRA,PARTIDO REPUBLICANO DE CHILE,CAMBIO POR CHILE,,https://www.servel.cl/wp-content/uploads/2025/11/PRELIMINARES_DIPUTADOS.zip,district_exact_normalized_name,1.0000,high
1148,Javiera Morales Alvarado,28,66028053,JAVIERA MORALES ALVARADO,FRENTE AMPLIO,UNIDAD POR CHILE,,https://www.servel.cl/wp-content/uploads/2025/11/PRELIMINARES_DIPUTADOS.zip,district_exact_normalized_name,1.0000,high
1150,Benjamín Moreno Bascur,17,66017081,BENJAMIN MORENO BASCUR,PARTIDO REPUBLICANO DE CHILE,CAMBIO POR CHILE,,https://www.servel.cl/wp-content/uploads/2025/11/PRELIMINARES_DIPUTADOS.zip,district_exact_normalized_name,1.0000,high
1152,Gloria Naveillan Arriagada,22,66022076,GLORIA NAVEILLAN ARRIAGADA,PARTIDO NACIONAL LIBERTARIO,CAMBIO POR CHILE,,https://www.servel.cl/wp-content/uploads/2025/11/PRELIMINARES_DIPUTADOS.zip,district_exact_normalized_name,1.0000,high
1153,Coca Ericka Ñanco Vásquez,23,66023068,COCA ÑANCO VASQUEZ,FRENTE AMPLIO,UNIDAD POR CHILE,,https://www.servel.cl/wp-content/uploads/2025/11/PRELIMINARES_DIPUTADOS.zip,district_fuzzy_name,0.8642,medium
1157,Marlene Pérez Cartes,20,66020095,MARLENE PEREZ CARTES,UNION DEMOCRATA INDEPENDIENTE,CHILE GRANDE Y UNIDO,,https://www.servel.cl/wp-content/uploads/2025/11/PRELIMINARES_DIPUTADOS.zip,district_exact_normalized_name,1.0000,high
1159,Lorena Pizarro Sierra,13,66013056,LORENA PIZARRO SIERRA,PARTIDO COMUNISTA DE CHILE,UNIDAD POR CHILE,,https://www.servel.cl/wp-content/uploads/2025/11/PRELIMINARES_DIPUTADOS.zip,district_exact_normalized_name,1.0000,high
1165,Agustín Romero Leiva,8,66008094,AGUSTIN ROMERO LEIVA,PARTIDO REPUBLICANO DE CHILE,CAMBIO POR CHILE,,https://www.servel.cl/wp-content/uploads/2025/11/PRELIMINARES_DIPUTADOS.zip,district_exact_normalized_name,1.0000,high
1166,Natalia Romero Talguia,15,66015085,NATALIA ROMERO TALGUIA,UNION DEMOCRATA INDEPENDIENTE,CHILE GRANDE Y UNIDO,,https://www.servel.cl/wp-content/uploads/2025/11/PRELIMINARES_DIPUTADOS.zip,district_exact_normalized_name,1.0000,high
1170,Luis Sánchez Ossa,7,66007097,LUIS FERNANDO SANCHEZ OSSA,PARTIDO REPUBLICANO DE CHILE,CAMBIO POR CHILE,,https://www.servel.cl/wp-content/uploads/2025/11/PRELIMINARES_DIPUTADOS.zip,district_fuzzy_name,0.8433,medium
1171,Emilia Schneider Videla,10,66010061,EMILIA SCHNEIDER VIDELA,FRENTE AMPLIO,UNIDAD POR CHILE,,https://www.servel.cl/wp-content/uploads/2025/11/PRELIMINARES_DIPUTADOS.zip,district_exact_normalized_name,1.0000,high
1172,Stephan Schubert Rubio,23,66023098,STEPHAN SCHUBERT RUBIO,PARTIDO REPUBLICANO DE CHILE,CAMBIO POR CHILE,,https://www.servel.cl/wp-content/uploads/2025/11/PRELIMINARES_DIPUTADOS.zip,district_exact_normalized_name,1.0000,high
1173,Daniela Serrano Salazar,12,66012058,DANIELA SERRANO SALAZAR,PARTIDO COMUNISTA DE CHILE,UNIDAD POR CHILE,,https://www.servel.cl/wp-content/uploads/2025/11/PRELIMINARES_DIPUTADOS.zip,district_exact_normalized_name,1.0000,high
1174,Marco Antonio Sulantay Olivares,5,66005089,MARCO ANTONIO SULANTAY OLIVARES,UNION DEMOCRATA INDEPENDIENTE,CHILE GRANDE Y UNIDO,,https://www.servel.cl/wp-content/uploads/2025/11/PRELIMINARES_DIPUTADOS.zip,district_exact_normalized_name,1.0000,high
1175,Cristián Tapia Ramos,4,66004056,CRISTIAN TAPIA RAMOS,PARTIDO POR LA DEMOCRACIA,UNIDAD POR CHILE,,https://www.servel.cl/wp-content/uploads/2025/11/PRELIMINARES_DIPUTADOS.zip,district_exact_normalized_name,1.0000,high
1176,Hotuiti Teao Drago,7,66007096,HOTUITI TEAO DRAGO,UNION DEMOCRATA INDEPENDIENTE,CHILE GRANDE Y UNIDO,,https://www.servel.cl/wp-content/uploads/2025/11/PRELIMINARES_DIPUTADOS.zip,district_exact_normalized_name,1.0000,high
1177,Carolina Tello Rojas,5,66005059,CAROLINA TELLO ROJAS,FRENTE AMPLIO,UNIDAD POR CHILE,,https://www.servel.cl/wp-content/uploads/2025/11/PRELIMINARES_DIPUTADOS.zip,district_exact_normalized_name,1.0000,high
1178,Héctor Ulloa Aguilera,26,66026057,HECTOR ULLOA AGUILERA,PARTIDO POR LA DEMOCRACIA,UNIDAD POR CHILE,,https://www.servel.cl/wp-content/uploads/2025/11/PRELIMINARES_DIPUTADOS.zip,district_exact_normalized_name,1.0000,high
1180,Consuelo Veloso Ávila,18,66018056,CONSUELO VELOSO AVILA,PARTIDO RADICAL DE CHILE,UNIDAD POR CHILE,,https://www.servel.cl/wp-content/uploads/2025/11/PRELIMINARES_DIPUTADOS.zip,district_exact_normalized_name,1.0000,high
1181,Nelson Venegas Salazar,6,66006062,NELSON VENEGAS SALAZAR,PARTIDO SOCIALISTA DE CHILE,UNIDAD POR CHILE,,https://www.servel.cl/wp-content/uploads/2025/11/PRELIMINARES_DIPUTADOS.zip,district_exact_normalized_name,1.0000,high
1182,Sebastián Videla Castillo,3,66003057,SEBASTIAN PATRICIO VIDELA CASTILLO,PARTIDO LIBERAL DE CHILE,UNIDAD POR CHILE,,https://www.servel.cl/wp-content/uploads/2025/11/PRELIMINARES_DIPUTADOS.zip,district_fuzzy_name,0.8689,medium
1183,Flor Weisse Novoa,21,66021078,FLOR WEISSE NOVOA,UNION DEMOCRATA INDEPENDIENTE,CHILE GRANDE Y UNIDO,,https://www.servel.cl/wp-content/uploads/2025/11/PRELIMINARES_DIPUTADOS.zip,district_exact_normalized_name,1.0000,high
1184,Roberto Celedón Fernández,17,66017058,ROBERTO CELEDON FERNANDEZ,FRENTE AMPLIO,UNIDAD POR CHILE,,https://www.servel.cl/wp-content/uploads/2025/11/PRELIMINARES_DIPUTADOS.zip,district_exact_normalized_name,1.0000,high
1186,Ignacio Achurra Díaz,14,66014061,IGNACIO ACHURRA DIAZ,FRENTE AMPLIO,UNIDAD POR CHILE,,https://www.servel.cl/wp-content/uploads/2025/11/PRELIMINARES_DIPUTADOS.zip,district_exact_normalized_name,1.0000,high
1187,Carlo Arqueros Pizarro,3,66003086,CARLO ARQUEROS PIZARRO,PARTIDO REPUBLICANO DE CHILE,CAMBIO POR CHILE,,https://www.servel.cl/wp-content/uploads/2025/11/PRELIMINARES_DIPUTADOS.zip,district_exact_normalized_name,1.0000,high
1188,Marcos Barraza Gómez,8,66008063,MARCOS BARRAZA GOMEZ,PARTIDO COMUNISTA DE CHILE,UNIDAD POR CHILE,,https://www.servel.cl/wp-content/uploads/2025/11/PRELIMINARES_DIPUTADOS.zip,district_exact_normalized_name,1.0000,high
1189,Jaime Bassa Mercado,7,66007062,JAIME BASSA MERCADO,FRENTE AMPLIO,UNIDAD POR CHILE,,https://www.servel.cl/wp-content/uploads/2025/11/PRELIMINARES_DIPUTADOS.zip,district_exact_normalized_name,1.0000,high
1190,Enrique Bassaletti Riess,8,66008095,ENRIQUE BASSALETTI RIESS,PARTIDO REPUBLICANO DE CHILE,CAMBIO POR CHILE,,https://www.servel.cl/wp-content/uploads/2025/11/PRELIMINARES_DIPUTADOS.zip,district_exact_normalized_name,1.0000,high
1191,Valentina Becerra Peña,13,66013084,VALENTINA BECERRA PEÑA,PARTIDO REPUBLICANO DE CHILE,CAMBIO POR CHILE,,https://www.servel.cl/wp-content/uploads/2025/11/PRELIMINARES_DIPUTADOS.zip,district_exact_normalized_name,1.0000,high
1192,Lilian Betancurt Delgado,21,66021067,LILIAN ALEJANDRA BETANCURT DELGADO,PARTIDO DE LA GENTE,PARTIDO DE LA GENTE,,https://www.servel.cl/wp-content/uploads/2025/11/PRELIMINARES_DIPUTADOS.zip,district_fuzzy_name,0.8599,medium
1193,Patricio Briones Moller,20,66020085,PATRICIO ANTONIO BRIONES MOLLER,PARTIDO DE LA GENTE,PARTIDO DE LA GENTE,,https://www.servel.cl/wp-content/uploads/2025/11/PRELIMINARES_DIPUTADOS.zip,district_fuzzy_name,0.8708,medium
1194,Daniel Bustos Leal,18,66018073,DANIEL BUSTOS LEAL,PARTIDO REPUBLICANO DE CHILE,CAMBIO POR CHILE,,https://www.servel.cl/wp-content/uploads/2025/11/PRELIMINARES_DIPUTADOS.zip,district_exact_normalized_name,1.0000,high
1195,Carlos Carvajal Gallardo,2,66002056,CARLOS JOSE CARVAJAL GALLARDO,PARTIDO POR LA DEMOCRACIA,UNIDAD POR CHILE,,https://www.servel.cl/wp-content/uploads/2025/11/PRELIMINARES_DIPUTADOS.zip,district_fuzzy_name,0.8950,medium
1196,Priscilla Castillo Gerli,17,66017060,PRISCILLA CASTILLO GERLI,PARTIDO DEMOCRATA CRISTIANO,UNIDAD POR CHILE,,https://www.servel.cl/wp-content/uploads/2025/11/PRELIMINARES_DIPUTADOS.zip,district_exact_normalized_name,1.0000,high
1197,Carlos Chandía Alarcón,19,66019092,CARLOS CHANDIA ALARCON,RENOVACION NACIONAL,CHILE GRANDE Y UNIDO,,https://www.servel.cl/wp-content/uploads/2025/11/PRELIMINARES_DIPUTADOS.zip,district_exact_normalized_name,1.0000,high
1198,Paz Charpentier Rajcevich,20,66020111,PAZ CHARPENTIER RAJCEVICH,PARTIDO REPUBLICANO DE CHILE,CAMBIO POR CHILE,,https://www.servel.cl/wp-content/uploads/2025/11/PRELIMINARES_DIPUTADOS.zip,district_exact_normalized_name,1.0000,high
1199,Jaime Coloma Álamos,14,66014082,JAIME COLOMA ALAMOS,UNION DEMOCRATA INDEPENDIENTE,CHILE GRANDE Y UNIDO,,https://www.servel.cl/wp-content/uploads/2025/11/PRELIMINARES_DIPUTADOS.zip,district_exact_normalized_name,1.0000,high
1200,Cristian Contreras Radovic,8,66008077,CRISTIAN CONTRERAS RADOVIC,PARTIDO DE LA GENTE,PARTIDO DE LA GENTE,,https://www.servel.cl/wp-content/uploads/2025/11/PRELIMINARES_DIPUTADOS.zip,district_exact_normalized_name,1.0000,high
1201,Flor Contreras Vivallo,23,66023082,FLOR ROSSANY CONTRERAS VIVALLO,PARTIDO DE LA GENTE,PARTIDO DE LA GENTE,,https://www.servel.cl/wp-content/uploads/2025/11/PRELIMINARES_DIPUTADOS.zip,district_fuzzy_name,0.8683,medium
1202,Eduardo Cretton Rebolledo,22,66022073,EDUARDO CRETTON REBOLLEDO,UNION DEMOCRATA INDEPENDIENTE,CHILE GRANDE Y UNIDO,,https://www.servel.cl/wp-content/uploads/2025/11/PRELIMINARES_DIPUTADOS.zip,district_exact_normalized_name,1.0000,high
1203,Sebastián Cristoffanini Jaraquemada,16,66016071,SEBASTIAN CRISTOFFANINI JARAQUEMADA,PARTIDO REPUBLICANO DE CHILE,CAMBIO POR CHILE,,https://www.servel.cl/wp-content/uploads/2025/11/PRELIMINARES_DIPUTADOS.zip,district_exact_normalized_name,1.0000,high
1204,Francisco Crisóstomo Llanos,19,66019066,FRANCISCO CRISOSTOMO LLANOS,PARTIDO SOCIALISTA DE CHILE,UNIDAD POR CHILE,,https://www.servel.cl/wp-content/uploads/2025/11/PRELIMINARES_DIPUTADOS.zip,district_exact_normalized_name,1.0000,high
1205,Carlos Cuadrado Prats,9,66009064,CARLOS CUADRADO PRATS,PARTIDO POR LA DEMOCRACIA,UNIDAD POR CHILE,,https://www.servel.cl/wp-content/uploads/2025/11/PRELIMINARES_DIPUTADOS.zip,district_exact_normalized_name,1.0000,high
1206,Carolina Cucumides Calderón,16,66016058,CAROLINA CUCUMIDES CALDERON,PARTIDO SOCIALISTA DE CHILE,UNIDAD POR CHILE,,https://www.servel.cl/wp-content/uploads/2025/11/PRELIMINARES_DIPUTADOS.zip,district_exact_normalized_name,1.0000,high
1207,Valentina Cáceres Monsálvez,15,66015060,VALENTINA CACERES MONSALVEZ,FRENTE AMPLIO,UNIDAD POR CHILE,,https://www.servel.cl/wp-content/uploads/2025/11/PRELIMINARES_DIPUTADOS.zip,district_exact_normalized_name,1.0000,high
1208,Jorge Díaz Ibarra,1,66001056,JORGE DIAZ IBARRA,PARTIDO DEMOCRATA CRISTIANO,UNIDAD POR CHILE,,https://www.servel.cl/wp-content/uploads/2025/11/PRELIMINARES_DIPUTADOS.zip,district_exact_normalized_name,1.0000,high
1209,Matías Fernández Hartwig,24,66024058,MATIAS FERNANDEZ HARTWIG,FRENTE AMPLIO,UNIDAD POR CHILE,,https://www.servel.cl/wp-content/uploads/2025/11/PRELIMINARES_DIPUTADOS.zip,district_exact_normalized_name,1.0000,high
1210,Gustavo Gatica Villarroel,8,66008062,GUSTAVO GATICA VILLARROEL,PARTIDO COMUNISTA DE CHILE,UNIDAD POR CHILE,,https://www.servel.cl/wp-content/uploads/2025/11/PRELIMINARES_DIPUTADOS.zip,district_exact_normalized_name,1.0000,high
1211,Sofía González Cortés,6,66006066,SOFIA GONZALEZ CORTES,PARTIDO COMUNISTA DE CHILE,UNIDAD POR CHILE,,https://www.servel.cl/wp-content/uploads/2025/11/PRELIMINARES_DIPUTADOS.zip,district_exact_normalized_name,1.0000,high
1212,Erich Grohs Marín,5,66005100,ERICH GROHS MARIN,PARTIDO NACIONAL LIBERTARIO,CAMBIO POR CHILE,,https://www.servel.cl/wp-content/uploads/2025/11/PRELIMINARES_DIPUTADOS.zip,district_exact_normalized_name,1.0000,high
1213,Irací Hassler Jacob,10,66010064,IRACI HASSLER JACOB,PARTIDO COMUNISTA DE CHILE,UNIDAD POR CHILE,,https://www.servel.cl/wp-content/uploads/2025/11/PRELIMINARES_DIPUTADOS.zip,district_exact_normalized_name,1.0000,high
1214,Constanza Hube Portus,11,66011087,CONSTANZA HUBE PORTUS,UNION DEMOCRATA INDEPENDIENTE,CHILE GRANDE Y UNIDO,,https://www.servel.cl/wp-content/uploads/2025/11/PRELIMINARES_DIPUTADOS.zip,district_exact_normalized_name,1.0000,high
1215,Álvaro Jofré Cáceres,2,66002068,ALVARO JOFRE CACERES,PARTIDO NACIONAL LIBERTARIO,CAMBIO POR CHILE,,https://www.servel.cl/wp-content/uploads/2025/11/PRELIMINARES_DIPUTADOS.zip,district_exact_normalized_name,1.0000,high
1216,Stephanie Jéldrez Ortiz,1,66001074,STEPHANIE JELDREZ ORTIZ,PARTIDO REPUBLICANO DE CHILE,CAMBIO POR CHILE,,https://www.servel.cl/wp-content/uploads/2025/11/PRELIMINARES_DIPUTADOS.zip,district_exact_normalized_name,1.0000,high
1217,Pier Karlezi Hazleby,8,66008102,PIER KARLEZI HAZLEBY,PARTIDO NACIONAL LIBERTARIO,CAMBIO POR CHILE,,https://www.servel.cl/wp-content/uploads/2025/11/PRELIMINARES_DIPUTADOS.zip,district_exact_normalized_name,1.0000,high
1218,José Antonio Kast Adriasola,10,66010121,JOSE ANTONIO KAST ADRIASOLA,PARTIDO REPUBLICANO DE CHILE,CAMBIO POR CHILE,,https://www.servel.cl/wp-content/uploads/2025/11/PRELIMINARES_DIPUTADOS.zip,district_exact_normalized_name,1.0000,high
1219,Tomás Kast Sommerhoff,23,66023090,TOMAS KAST SOMMERHOFF,EVOLUCION POLITICA,CHILE GRANDE Y UNIDO,,https://www.servel.cl/wp-content/uploads/2025/11/PRELIMINARES_DIPUTADOS.zip,district_exact_normalized_name,1.0000,high
1220,Leandro Kunstmann Collado,24,66024075,LEANDRO KUNSTMANN COLLADO,PARTIDO REPUBLICANO DE CHILE,CAMBIO POR CHILE,,https://www.servel.cl/wp-content/uploads/2025/11/PRELIMINARES_DIPUTADOS.zip,district_exact_normalized_name,1.0000,high
1221,Benjamín Lorca Inzunza,6,66006087,BENJAMIN LORCA INZUNZA,PARTIDO REPUBLICANO DE CHILE,CAMBIO POR CHILE,,https://www.servel.cl/wp-content/uploads/2025/11/PRELIMINARES_DIPUTADOS.zip,district_exact_normalized_name,1.0000,high
1222,Andrea Macías Palma,27,66027055,ANDREA MACIAS PALMA,PARTIDO SOCIALISTA DE CHILE,UNIDAD POR CHILE,,https://www.servel.cl/wp-content/uploads/2025/11/PRELIMINARES_DIPUTADOS.zip,district_exact_normalized_name,1.0000,high
1223,Hans Marowski Cuevas,10,66010113,HANS MAROWSKI CUEVAS,PARTIDO NACIONAL LIBERTARIO,CAMBIO POR CHILE,,https://www.servel.cl/wp-content/uploads/2025/11/PRELIMINARES_DIPUTADOS.zip,district_exact_normalized_name,1.0000,high
1224,Cristian Mella Andaur,6,66006067,CRISTIAN MELLA ANDAUR,PARTIDO DEMOCRATA CRISTIANO,UNIDAD POR CHILE,,https://www.servel.cl/wp-content/uploads/2025/11/PRELIMINARES_DIPUTADOS.zip,district_exact_normalized_name,1.0000,high
1225,Cristian Menchaca Pinochet,18,66018074,CRISTIAN MENCHACA PINOCHET,PARTIDO REPUBLICANO DE CHILE,CAMBIO POR CHILE,,https://www.servel.cl/wp-content/uploads/2025/11/PRELIMINARES_DIPUTADOS.zip,district_exact_normalized_name,1.0000,high
1226,José Montalva Feuerhake,23,66023067,JOSE MONTALVA FEUERHAKE,PARTIDO POR LA DEMOCRACIA,UNIDAD POR CHILE,,https://www.servel.cl/wp-content/uploads/2025/11/PRELIMINARES_DIPUTADOS.zip,district_exact_normalized_name,1.0000,high
1227,Claudia Mora Vega,11,66011084,CLAUDIA MORA VEGA,RENOVACION NACIONAL,CHILE GRANDE Y UNIDO,,https://www.servel.cl/wp-content/uploads/2025/11/PRELIMINARES_DIPUTADOS.zip,district_exact_normalized_name,1.0000,high
1228,Paulina Muñoz Minte,25,66025072,PAULINA MUÑOZ MINTE,PARTIDO NACIONAL LIBERTARIO,CAMBIO POR CHILE,,https://www.servel.cl/wp-content/uploads/2025/11/PRELIMINARES_DIPUTADOS.zip,district_exact_normalized_name,1.0000,high
1229,Javier Muñoz Riquelme,17,66017061,JAVIER MUÑOZ RIQUELME,PARTIDO DEMOCRATA CRISTIANO,UNIDAD POR CHILE,,https://www.servel.cl/wp-content/uploads/2025/11/PRELIMINARES_DIPUTADOS.zip,district_exact_normalized_name,1.0000,high
1230,Alex Nahuelquin Nahuelquin,26,66026063,ALEX MANUEL NAHUELQUIN NAHUELQUIN,PARTIDO DE LA GENTE,PARTIDO DE LA GENTE,,https://www.servel.cl/wp-content/uploads/2025/11/PRELIMINARES_DIPUTADOS.zip,district_fuzzy_name,0.8633,medium
1231,Ximena Naranjo Pinto,2,66002062,XIMENA NARANJO PINTO,UNION DEMOCRATA INDEPENDIENTE,CHILE GRANDE Y UNIDO,,https://www.servel.cl/wp-content/uploads/2025/11/PRELIMINARES_DIPUTADOS.zip,district_exact_normalized_name,1.0000,high
1232,Cristian Neira Martínez,23,66023099,CRISTIAN NEIRA MARTINEZ,PARTIDO REPUBLICANO DE CHILE,CAMBIO POR CHILE,,https://www.servel.cl/wp-content/uploads/2025/11/PRELIMINARES_DIPUTADOS.zip,district_exact_normalized_name,1.0000,high
1233,Ricardo Neumann Bertín,16,66016069,RICARDO NEUMANN BERTIN,UNION DEMOCRATA INDEPENDIENTE,CHILE GRANDE Y UNIDO,,https://www.servel.cl/wp-content/uploads/2025/11/PRELIMINARES_DIPUTADOS.zip,district_exact_normalized_name,1.0000,high
1234,Mario Olavarría Rodríguez,8,66008093,MARIO OLAVARRIA RODRIGUEZ,UNION DEMOCRATA INDEPENDIENTE,CHILE GRANDE Y UNIDO,,https://www.servel.cl/wp-content/uploads/2025/11/PRELIMINARES_DIPUTADOS.zip,district_exact_normalized_name,1.0000,high
1235,Javier Olivares Avendaño,6,66006069,JAVIER OLIVARES AVENDAÑO,PARTIDO DE LA GENTE,PARTIDO DE LA GENTE,,https://www.servel.cl/wp-content/uploads/2025/11/PRELIMINARES_DIPUTADOS.zip,district_exact_normalized_name,1.0000,high
1236,Paula Olmos Contreras,4,66004067,PAULA ANDREA OLMOS CONTRERAS,PARTIDO DE LA GENTE,PARTIDO DE LA GENTE,,https://www.servel.cl/wp-content/uploads/2025/11/PRELIMINARES_DIPUTADOS.zip,district_fuzzy_name,0.8732,medium
1237,Francisco Orrego Gutiérrez,10,66010112,FRANCISCO ORREGO GUTIERREZ,RENOVACION NACIONAL,CHILE GRANDE Y UNIDO,,https://www.servel.cl/wp-content/uploads/2025/11/PRELIMINARES_DIPUTADOS.zip,district_exact_normalized_name,1.0000,high
1238,Álvaro Ortiz Vera,20,66020075,ALVARO ORTIZ VERA,PARTIDO DEMOCRATA CRISTIANO,UNIDAD POR CHILE,,https://www.servel.cl/wp-content/uploads/2025/11/PRELIMINARES_DIPUTADOS.zip,district_exact_normalized_name,1.0000,high
1239,Fabián Ossandón Briceño,3,66003070,FABIAN OSSANDON BRICEÑO,PARTIDO DE LA GENTE,PARTIDO DE LA GENTE,,https://www.servel.cl/wp-content/uploads/2025/11/PRELIMINARES_DIPUTADOS.zip,district_exact_normalized_name,1.0000,high
1240,Zandra Parisi Fernández,12,66012083,ZANDRA PARISI FERNANDEZ,PARTIDO DE LA GENTE,PARTIDO DE LA GENTE,,https://www.servel.cl/wp-content/uploads/2025/11/PRELIMINARES_DIPUTADOS.zip,district_exact_normalized_name,1.0000,high
1241,Patricio Pinilla Valencia,21,66021064,PATRICIO PINILLA VALENCIA,PARTIDO DEMOCRATA CRISTIANO,UNIDAD POR CHILE,,https://www.servel.cl/wp-content/uploads/2025/11/PRELIMINARES_DIPUTADOS.zip,district_exact_normalized_name,1.0000,high
1242,Rodrigo Ramírez Parra,18,66018069,RODRIGO RAMIREZ PARRA,RENOVACION NACIONAL,CHILE GRANDE Y UNIDO,,https://www.servel.cl/wp-content/uploads/2025/11/PRELIMINARES_DIPUTADOS.zip,district_exact_normalized_name,1.0000,high
1243,Tamara Ramírez Ramírez,9,66009080,TAMARA ALEJANDRA RAMIREZ RAMIREZ,PARTIDO DE LA GENTE,PARTIDO DE LA GENTE,,https://www.servel.cl/wp-content/uploads/2025/11/PRELIMINARES_DIPUTADOS.zip,district_fuzzy_name,0.8333,medium
1244,Claudia Reyes Larenas,26,66026074,CLAUDIA REYES LARENAS,PARTIDO REPUBLICANO DE CHILE,CAMBIO POR CHILE,,https://www.servel.cl/wp-content/uploads/2025/11/PRELIMINARES_DIPUTADOS.zip,district_exact_normalized_name,1.0000,high
1245,Alejandro Riquelme Ducci,28,66028063,ALEJANDRO RIQUELME DUCCI,PARTIDO REPUBLICANO DE CHILE,CAMBIO POR CHILE,,https://www.servel.cl/wp-content/uploads/2025/11/PRELIMINARES_DIPUTADOS.zip,district_exact_normalized_name,1.0000,high
1246,José Antonio Rivas Villalobos,20,66020074,ANTONIO RIVAS VILLALOBOS,PARTIDO SOCIALISTA DE CHILE,UNIDAD POR CHILE,,https://www.servel.cl/wp-content/uploads/2025/11/PRELIMINARES_DIPUTADOS.zip,district_fuzzy_name,0.8950,medium
1247,Javiera Rodríguez Pascual,9,66009098,JAVIERA RODRIGUEZ PASCUAL,PARTIDO REPUBLICANO DE CHILE,CAMBIO POR CHILE,,https://www.servel.cl/wp-content/uploads/2025/11/PRELIMINARES_DIPUTADOS.zip,district_exact_normalized_name,1.0000,high
1248,Felipe Ross Correa,13,66013083,FELIPE ROSS CORREA,PARTIDO REPUBLICANO DE CHILE,CAMBIO POR CHILE,,https://www.servel.cl/wp-content/uploads/2025/11/PRELIMINARES_DIPUTADOS.zip,district_exact_normalized_name,1.0000,high
1249,Omar Sabat Guzmán,24,66024068,OMAR SABAT GUZMAN,UNION DEMOCRATA INDEPENDIENTE,CHILE GRANDE Y UNIDO,,https://www.servel.cl/wp-content/uploads/2025/11/PRELIMINARES_DIPUTADOS.zip,district_exact_normalized_name,1.0000,high
1250,Bernardo Salinas Maya,5,66005062,BERNARDO SALINAS MAYA,PARTIDO COMUNISTA DE CHILE,UNIDAD POR CHILE,,https://www.servel.cl/wp-content/uploads/2025/11/PRELIMINARES_DIPUTADOS.zip,district_exact_normalized_name,1.0000,high
1251,Macarena Santelices Cañas,12,66012102,MACARENA SANTELICES CAÑAS,PARTIDO REPUBLICANO DE CHILE,CAMBIO POR CHILE,,https://www.servel.cl/wp-content/uploads/2025/11/PRELIMINARES_DIPUTADOS.zip,district_exact_normalized_name,1.0000,high
1252,Constanza Schonhaut Soto,11,66011060,CONSTANZA SCHONHAUT SOTO,FRENTE AMPLIO,UNIDAD POR CHILE,,https://www.servel.cl/wp-content/uploads/2025/11/PRELIMINARES_DIPUTADOS.zip,district_exact_normalized_name,1.0000,high
1253,Fernando Ugarte Tejeda,15,66015088,FERNANDO UGARTE TEJEDA,PARTIDO REPUBLICANO DE CHILE,CAMBIO POR CHILE,,https://www.servel.cl/wp-content/uploads/2025/11/PRELIMINARES_DIPUTADOS.zip,district_exact_normalized_name,1.0000,high
1254,Ignacio Urcullú Clèment-Lund,4,66004078,IGNACIO URCULLU CLEMENT-LUND,PARTIDO REPUBLICANO DE CHILE,CAMBIO POR CHILE,,https://www.servel.cl/wp-content/uploads/2025/11/PRELIMINARES_DIPUTADOS.zip,district_exact_normalized_name,1.0000,high
1255,Eileen Urqueta Rojas,5,66005082,EILEEN PATRICIA URQUETA ROJAS,PARTIDO DE LA GENTE,PARTIDO DE LA GENTE,,https://www.servel.cl/wp-content/uploads/2025/11/PRELIMINARES_DIPUTADOS.zip,district_fuzzy_name,0.8548,medium
1256,Tatiana Urrutia Herrera,8,66008066,TATIANA URRUTIA HERRERA,FRENTE AMPLIO,UNIDAD POR CHILE,,https://www.servel.cl/wp-content/uploads/2025/11/PRELIMINARES_DIPUTADOS.zip,district_exact_normalized_name,1.0000,high
1257,Alejandra Valdebenito Torres,27,66027061,ALEJANDRA VALDEBENITO TORRES,UNION DEMOCRATA INDEPENDIENTE,CHILE GRANDE Y UNIDO,,https://www.servel.cl/wp-content/uploads/2025/11/PRELIMINARES_DIPUTADOS.zip,district_exact_normalized_name,1.0000,high
1258,Guillermo Valdés Carmona,17,66017066,GUILLERMO VICTORIANO VALDES CARMONA,PARTIDO DE LA GENTE,PARTIDO DE LA GENTE,,https://www.servel.cl/wp-content/uploads/2025/11/PRELIMINARES_DIPUTADOS.zip,district_fuzzy_name,0.8536,medium
1259,Juan Marcelo Valenzuela Henríquez,7,66007081,JUAN MARCELO VALENZUELA HENRIQUEZ,PARTIDO DE LA GENTE,PARTIDO DE LA GENTE,,https://www.servel.cl/wp-content/uploads/2025/11/PRELIMINARES_DIPUTADOS.zip,district_exact_normalized_name,1.0000,high
1260,César Valenzuela Maass,9,66009062,CESAR VALENZUELA MAASS,PARTIDO SOCIALISTA DE CHILE,UNIDAD POR CHILE,,https://www.servel.cl/wp-content/uploads/2025/11/PRELIMINARES_DIPUTADOS.zip,district_exact_normalized_name,1.0000,high
1261,Daniel Valenzuela Salazar,24,66024072,DANIEL VALENZUELA SALAZAR,RENOVACION NACIONAL,CHILE GRANDE Y UNIDO,,https://www.servel.cl/wp-content/uploads/2025/11/PRELIMINARES_DIPUTADOS.zip,district_exact_normalized_name,1.0000,high
1262,Diego Vergara Rodríguez,14,66014090,DIEGO VERGARA RODRIGUEZ,PARTIDO REPUBLICANO DE CHILE,CAMBIO POR CHILE,,https://www.servel.cl/wp-content/uploads/2025/11/PRELIMINARES_DIPUTADOS.zip,district_exact_normalized_name,1.0000,high
1263,Sebastián Zamora Soto,7,66007100,SEBASTIAN ZAMORA SOTO,PARTIDO REPUBLICANO DE CHILE,CAMBIO POR CHILE,,https://www.servel.cl/wp-content/uploads/2025/11/PRELIMINARES_DIPUTADOS.zip,district_exact_normalized_name,1.0000,high
1264,Fernando Zamorano Peralta,15,66015058,FERNANDO ZAMORANO PERALTA,PARTIDO POR LA DEMOCRACIA,UNIDAD POR CHILE,,https://www.servel.cl/wp-content/uploads/2025/11/PRELIMINARES_DIPUTADOS.zip,district_exact_normalized_name,1.0000,high
