"spec_id","diputado_id","diputado_nombre","binary_votes_selected","included_by_minvotes","dimension_1_raw","dimension_1_aligned_to_full","dimension_1_z","rank_aligned","gmp","correctly_classified"
"early_raw","803","René Alinco Bustos",120,TRUE,0.250327616930008,0.250327616930008,0.496248879908782,89,0.62762713432312,0.766666666666667
"early_raw","815","Sergio Bobadilla Muñoz",135,TRUE,-0.532981514930725,-0.532981514930725,-0.871251830868479,55,0.929449617862701,0.985185185185185
"early_raw","843","René Manuel García García",98,TRUE,-0.453910112380981,-0.453910112380981,-0.733209013810968,66,0.882064819335938,0.969387755102041
"early_raw","872","Jaime Mulet Martínez",128,TRUE,0.249677941203117,0.249677941203117,0.495114676333002,88,0.626611590385437,0.7890625
"early_raw","915","Germán Verdugo Soto",134,TRUE,-0.663631319999695,-0.663631319999695,-1.09934019857372,12,0.946394860744476,0.985074626865672
"early_raw","986","Marcela Hernando Pérez",117,TRUE,0.340689539909363,0.340689539909363,0.65400268217575,103,0.812520503997803,0.914529914529915
"early_raw","1009","Jorge Alessandri Vergara",124,TRUE,-0.535761833190918,-0.535761833190918,-0.876105709168058,52,0.961206793785095,1
"early_raw","1012","Boris Barrera Moreno",133,TRUE,1,1,1.80502657060544,152,0.976638495922089,0.984962406015038
"early_raw","1013","Alejandro Bernales Maldonado",121,TRUE,0.262183159589767,0.262183159589767,0.516946280659567,91,0.71543687582016,0.809917355371901
"early_raw","1015","Jorge Brito Hasbún",131,TRUE,0.693673253059387,0.693673253059387,1.27024148112706,137,0.899722754955292,0.954198473282443
"early_raw","1017","Álvaro Carter Fernández",137,TRUE,-0.561306297779083,-0.561306297779083,-0.920701223327021,24,0.962832868099213,1
"early_raw","1021","Andrés Celis Montt",128,TRUE,-0.597802221775055,-0.597802221775055,-0.984415790124434,16,0.876733899116516,0.9375
"early_raw","1025","Catalina Del Real Mihovilovic",130,TRUE,-0.550691425800323,-0.550691425800323,-0.902169784862514,49,0.965324223041534,1
"early_raw","1028","Eduardo Durán Salinas",127,TRUE,-0.449647545814514,-0.449647545814514,-0.725767427121518,68,0.941384732723236,0.984251968503937
"early_raw","1038","Marcos Ilabaca Cerda",97,TRUE,0.56050431728363,0.56050431728363,1.03775521622906,121,0.922122120857239,0.969072164948454
"early_raw","1039","Pamela Jiles Moreno",131,TRUE,0.262582510709763,0.262582510709763,0.517643467655391,93,0.708755373954773,0.816793893129771
"early_raw","1044","Raúl Leiva Carvajal",128,TRUE,0.531200528144836,0.531200528144836,0.986596675053147,118,0.934920012950897,0.984375
"early_raw","1054","Francesca Muñoz González",124,TRUE,-0.401989221572876,-0.401989221572876,-0.642565547270996,74,0.924968302249908,0.959677419354839
"early_raw","1056","Emilia Nuyado Ancapichun",134,TRUE,0.58714234828949,0.58714234828949,1.08425987812122,123,0.894684433937073,0.962686567164179
"early_raw","1059","Ximena Ossandón Irarrázabal",124,TRUE,-0.535754859447479,-0.535754859447479,-0.876093534410071,53,0.814809620380402,0.911290322580645
"early_raw","1060","Luis Pardo Sáinz",134,TRUE,-0.514074921607971,-0.514074921607971,-0.838244709215467,60,0.922838747501373,0.955223880597015
"early_raw","1061","Andrea Parra Sauterel",125,TRUE,0.453779131174088,0.453779131174088,0.851434436952632,112,0.895032227039337,0.96
"early_raw","1062","Joanna Pérez Olea",113,TRUE,-0.402916789054871,-0.402916789054871,-0.644184894140996,73,0.914605021476746,0.982300884955752
"early_raw","1065","Guillermo Ramírez Diez",132,TRUE,-0.569862723350525,-0.569862723350525,-0.935639027030221,21,0.977326452732086,0.992424242424242
"early_raw","1073","Juan Santana Castillo",125,TRUE,0.636974990367889,0.636974990367889,1.17125768101959,129,0.935080111026764,0.984
"early_raw","1074","Marisela Santibáñez Novoa",126,TRUE,0.760957956314087,0.760957956314087,1.38770708414725,143,0.938829898834229,0.976190476190476
"early_raw","1075","Diego Schalper Sepúlveda",131,TRUE,-0.575414955615997,-0.575414955615997,-0.945332111485138,19,0.911271154880524,0.931297709923664
"early_raw","1077","Raúl Soto Mardones",126,TRUE,0.441071391105652,0.441071391105652,0.829249270370088,110,0.897575080394745,0.96031746031746
"early_raw","1082","Cristóbal Urruticoechea Ríos",127,TRUE,-0.778586804866791,-0.778586804866791,-1.30002942951639,8,0.961173593997955,0.984251968503937
"early_raw","1086","Gonzalo Winter Etcheberry",95,TRUE,0.610576033592224,0.610576033592224,1.12517039480509,125,0.867894232273102,0.968421052631579
"early_raw","1087","Gael Yeomans Araya",126,TRUE,0.660609364509583,0.660609364509583,1.21251856018331,131,0.918874025344849,0.976190476190476
"early_raw","1099","Jaime Araya Guerrero",125,TRUE,0.488098949193954,0.488098949193954,0.911349958969371,113,0.940899670124054,0.984
"early_raw","1100","Cristián Araya Lerdo de Tejada",138,TRUE,-0.561234354972839,-0.561234354972839,-0.920575625610012,27,0.963022530078888,1
"early_raw","1102","Roberto Arroyo Muñoz",121,TRUE,-0.386532127857208,-0.386532127857208,-0.615580560395489,75,0.937231361865997,0.966942148760331
"early_raw","1104","Chiara Barchiesi Chávez",134,TRUE,-0.559784173965454,-0.559784173965454,-0.918043900295328,47,0.962425172328949,1
"early_raw","1105","Héctor Barría Angulo",129,TRUE,0.306023597717285,0.306023597717285,0.593482896743377,100,0.734601676464081,0.829457364341085
"early_raw","1107","María Francisca Bello Campos",0,FALSE,NA,NA,NA,NA,NA,NA
"early_raw","1108","Juan Carlos Beltrán Silva",118,TRUE,-0.439991474151611,-0.439991474151611,-0.70890986179355,70,0.946050047874451,0.983050847457627
"early_raw","1110","Carlos Bianchi Chelech",123,TRUE,0.370016396045685,0.370016396045685,0.705201493705006,105,0.821435451507568,0.910569105691057
"early_raw","1114","Félix Bugueño Sotelo",131,TRUE,0.611623883247375,0.611623883247375,1.12699973023592,126,0.909318029880524,0.961832061068702
"early_raw","1116","Felipe Camaño Cárdenas",135,TRUE,0.259539574384689,0.259539574384689,0.512331110862738,90,0.684136629104614,0.844444444444444
"early_raw","1117","Nathalie Castillo Rojas",122,TRUE,0.877074658870697,0.877074658870697,1.59042356838135,147,0.955617606639862,0.991803278688525
"early_raw","1119","Sara Concha Smith",131,TRUE,-0.420243054628372,-0.420243054628372,-0.674433080359118,72,0.920446693897247,0.961832061068702
"early_raw","1122","Luis Alberto Cuello Peña y Lillo",132,TRUE,0.995389759540558,0.995389759540558,1.79697801499859,151,0.976633131504059,1
"early_raw","1127","Lorena Fries Monleón",129,TRUE,0.687570154666901,0.687570154666901,1.25958669484895,134,0.946079671382904,0.984496124031008
"early_raw","1128","Ana María Gazmuri Vieira",133,TRUE,0.838926374912262,0.838926374912262,1.5238243123454,144,0.921371579170227,0.992481203007519
"early_raw","1131","Mauro González Villarroel",119,TRUE,-0.439566671848297,-0.439566671848297,-0.708168242133963,71,0.940953016281128,0.983193277310924
"early_raw","1132","Jorge Guzmán Zepeda",127,TRUE,-0.487671494483948,-0.487671494483948,-0.79214961866892,63,0.8109050989151,0.913385826771654
"early_raw","1133","Juan Irarrázaval Rossel",137,TRUE,-0.561306297779083,-0.561306297779083,-0.920701223327021,25,0.962832868099213,1
"early_raw","1140","Daniel Lilayu Vivanco",132,TRUE,-0.696673691272736,-0.696673691272736,-1.15702555466591,11,0.972394585609436,0.992424242424242
"early_raw","1141","Luis Malla Valenzuela",117,TRUE,0.321951866149902,0.321951866149902,0.621290460216195,102,0.790525496006012,0.914529914529915
"early_raw","1142","Daniel Manouchehri Lobos",118,TRUE,0.496557265520096,0.496557265520096,0.926116483598671,115,0.950176060199738,0.991525423728814
"early_raw","1143","Cristóbal Martínez Ramírez",136,TRUE,-0.5135378241539,-0.5135378241539,-0.837307044734965,61,0.926638066768646,0.985294117647059
"early_raw","1146","José Carlos Meza Pereira",130,TRUE,-0.544570982456207,-0.544570982456207,-0.891484717776077,50,0.967096209526062,1
"early_raw","1148","Javiera Morales Alvarado",73,TRUE,0.605722606182098,0.605722606182098,1.1166972835351,124,0.957083523273468,0.972602739726027
"early_raw","1150","Benjamín Moreno Bascur",138,TRUE,-0.561234354972839,-0.561234354972839,-0.920575625610012,28,0.963022530078888,1
"early_raw","1152","Gloria Naveillan Arriagada",126,TRUE,-0.603803336620331,-0.603803336620331,-0.994892533574209,15,0.880362927913666,0.952380952380952
"early_raw","1153","Coca Ericka Ñanco Vásquez",131,TRUE,0.695946753025055,0.695946753025055,1.27421055628851,139,0.935047268867493,0.969465648854962
"early_raw","1157","Marlene Pérez Cartes",128,TRUE,-0.495924562215805,-0.495924562215805,-0.806557820399695,62,0.961152017116547,0.9921875
"early_raw","1159","Lorena Pizarro Sierra",133,TRUE,0.875881910324097,0.875881910324097,1.58834126853458,146,0.933709263801575,0.992481203007519
"early_raw","1165","Agustín Romero Leiva",138,TRUE,-0.561234354972839,-0.561234354972839,-0.920575625610012,29,0.963022530078888,1
"early_raw","1166","Natalia Romero Talguia",137,TRUE,-0.342336744070053,-0.342336744070053,-0.538424280347481,76,0.806709229946136,0.905109489051095
"early_raw","1170","Luis Sánchez Ossa",138,TRUE,-0.561234354972839,-0.561234354972839,-0.920575625610012,30,0.963022530078888,1
"early_raw","1171","Emilia Schneider Videla",132,TRUE,0.699603736400604,0.699603736400604,1.28059491613056,140,0.943895637989044,0.984848484848485
"early_raw","1172","Stephan Schubert Rubio",103,TRUE,-0.540381371974945,-0.540381371974945,-0.884170497785566,51,0.961330413818359,1
"early_raw","1173","Daniela Serrano Salazar",133,TRUE,1,1,1.80502657060544,153,0.976638495922089,0.984962406015038
"early_raw","1174","Marco Antonio Sulantay Olivares",131,TRUE,-0.531120300292969,-0.531120300292969,-0.8680025232369,57,0.963438808917999,1
"early_raw","1175","Cristián Tapia Ramos",128,TRUE,0.409759700298309,0.409759700298309,0.774585335413829,107,0.851173520088196,0.9375
"early_raw","1176","Hotuiti Teao Drago",125,TRUE,-0.521100401878357,-0.521100401878357,-0.850509789338409,58,0.967546582221985,1
"early_raw","1177","Carolina Tello Rojas",133,TRUE,0.704432368278503,0.704432368278503,1.28902473937215,141,0.942985832691193,0.969924812030075
"early_raw","1178","Héctor Ulloa Aguilera",125,TRUE,0.387101054191589,0.387101054191589,0.735027881790655,106,0.82331109046936,0.928
"early_raw","1180","Consuelo Veloso Ávila",130,TRUE,0.642423033714294,0.642423033714294,1.18076887250903,130,0.923140227794647,0.961538461538462
"early_raw","1181","Nelson Venegas Salazar",128,TRUE,0.562400341033936,0.562400341033936,1.04106529359281,122,0.91462516784668,0.9765625
"early_raw","1182","Sebastián Videla Castillo",129,TRUE,0.280966907739639,0.280966907739639,0.549738939268044,96,0.698286414146423,0.813953488372093
"early_raw","1183","Flor Weisse Novoa",74,TRUE,-0.532857358455658,-0.532857358455658,-0.87103507855321,56,0.960005819797516,1
"early_raw","1184","Roberto Celedón Fernández",131,TRUE,0.636429786682129,0.636429786682129,1.17030586468365,128,0.945572912693024,0.984732824427481
"early_raw","1186","Ignacio Achurra Díaz",130,TRUE,0.669151306152344,0.669151306152344,1.22743107785069,132,0.945433855056763,0.984615384615385
"early_raw","1187","Carlo Arqueros Pizarro",138,TRUE,-0.561234354972839,-0.561234354972839,-0.920575625610012,31,0.963022530078888,1
"early_raw","1188","Marcos Barraza Gómez",133,TRUE,0.884099125862122,0.884099125862122,1.60268687952237,148,0.970981657505035,1
"early_raw","1189","Jaime Bassa Mercado",135,TRUE,0.716522753238678,0.716522753238678,1.31013212769959,142,0.900563418865204,0.977777777777778
"early_raw","1190","Enrique Bassaletti Riess",138,TRUE,-0.561234354972839,-0.561234354972839,-0.920575625610012,32,0.963022530078888,1
"early_raw","1191","Valentina Becerra Peña",138,TRUE,-0.561234354972839,-0.561234354972839,-0.920575625610012,33,0.963022530078888,1
"early_raw","1192","Lilian Betancurt Delgado",128,TRUE,0.106202453374863,0.106202453374863,0.244635237751484,84,0.691708922386169,0.8046875
"early_raw","1193","Patricio Briones Moller",133,TRUE,0.0952171683311462,0.0952171683311462,0.225457132333911,82,0.743832528591156,0.842105263157895
"early_raw","1194","Daniel Bustos Leal",138,TRUE,-0.561234354972839,-0.561234354972839,-0.920575625610012,34,0.963022530078888,1
"early_raw","1195","Carlos Carvajal Gallardo",126,TRUE,0.429591149091721,0.429591149091721,0.809207069308736,109,0.886485695838928,0.952380952380952
"early_raw","1196","Priscilla Castillo Gerli",137,TRUE,0.235896646976471,0.235896646976471,0.47105529941038,87,0.71664696931839,0.861313868613139
"early_raw","1197","Carlos Chandía Alarcón",125,TRUE,-0.453455686569214,-0.453455686569214,-0.732415677444377,67,0.935788571834564,0.968
"early_raw","1198","Paz Charpentier Rajcevich",138,TRUE,-0.561234354972839,-0.561234354972839,-0.920575625610012,35,0.963022530078888,1
"early_raw","1199","Jaime Coloma Álamos",131,TRUE,-0.609385430812836,-0.609385430812836,-1.00463775096717,14,0.978562235832214,0.99236641221374
"early_raw","1200","Cristian Contreras Radovic",131,TRUE,-0.220214620232582,-0.220214620232582,-0.325223534490401,78,0.705554962158203,0.877862595419847
"early_raw","1201","Flor Contreras Vivallo",133,TRUE,0.0766544863581657,0.0766544863581657,0.193050410952171,80,0.774512410163879,0.887218045112782
"early_raw","1202","Eduardo Cretton Rebolledo",133,TRUE,-0.697887241840363,-0.697887241840363,-1.15914417067113,10,0.972496151924133,0.992481203007519
"early_raw","1203","Sebastián Cristoffanini Jaraquemada",138,TRUE,-0.561234354972839,-0.561234354972839,-0.920575625610012,36,0.963022530078888,1
"early_raw","1204","Francisco Crisóstomo Llanos",130,TRUE,0.520435154438019,0.520435154438019,0.967802490743199,117,0.948127746582031,1
"early_raw","1205","Carlos Cuadrado Prats",128,TRUE,0.491562515497208,0.491562515497208,0.917396651378371,114,0.935837924480438,0.984375
"early_raw","1206","Carolina Cucumides Calderón",134,TRUE,0.549303293228149,0.549303293228149,1.0182004737471,120,0.932403385639191,0.985074626865672
"early_raw","1207","Valentina Cáceres Monsálvez",130,TRUE,0.630983293056488,0.630983293056488,1.16079737869599,127,0.93502151966095,0.976923076923077
"early_raw","1208","Jorge Díaz Ibarra",136,TRUE,0.282354950904846,0.282354950904846,0.552162184367333,97,0.723611652851105,0.852941176470588
"early_raw","1209","Matías Fernández Hartwig",130,TRUE,0.676305532455444,0.676305532455444,1.23992092273647,133,0.943478047847748,0.984615384615385
"early_raw","1210","Gustavo Gatica Villarroel",130,TRUE,0.894623398780823,0.894623398780823,1.62106015019081,150,0.960140228271484,0.984615384615385
"early_raw","1211","Sofía González Cortés",133,TRUE,1,1,1.80502657060544,154,0.976638495922089,0.984962406015038
"early_raw","1212","Erich Grohs Marín",138,TRUE,-0.779169201850891,-0.779169201850891,-1.30104617789493,3,0.964142203330994,0.985507246376812
"early_raw","1213","Irací Hassler Jacob",133,TRUE,0.884099125862122,0.884099125862122,1.60268687952237,149,0.970981657505035,1
"early_raw","1214","Constanza Hube Portus",131,TRUE,-0.69848507642746,-0.69848507642746,-1.16018787000965,9,0.972077012062073,0.99236641221374
"early_raw","1215","Álvaro Jofré Cáceres",138,TRUE,-0.779169201850891,-0.779169201850891,-1.30104617789493,4,0.964142203330994,0.985507246376812
"early_raw","1216","Stephanie Jéldrez Ortiz",137,TRUE,-0.561266899108887,-0.561266899108887,-0.920632441147284,26,0.96277928352356,1
"early_raw","1217","Pier Karlezi Hazleby",136,TRUE,-0.778706192970276,-0.778706192970276,-1.30023785721081,7,0.963659048080444,0.985294117647059
"early_raw","1218","José Antonio Kast Adriasola",137,TRUE,-0.557616055011749,-0.557616055011749,-0.914258799254571,48,0.963780045509338,1
"early_raw","1219","Tomás Kast Sommerhoff",129,TRUE,-0.448170036077499,-0.448170036077499,-0.723187991323612,69,0.942574799060822,0.984496124031008
"early_raw","1220","Leandro Kunstmann Collado",137,TRUE,-0.560403883457184,-0.560403883457184,-0.919125788831982,46,0.963005363941193,1
"early_raw","1221","Benjamín Lorca Inzunza",138,TRUE,-0.561234354972839,-0.561234354972839,-0.920575625610012,37,0.963022530078888,1
"early_raw","1222","Andrea Macías Palma",129,TRUE,0.690165042877197,0.690165042877197,1.2641168494554,135,0.93864381313324,0.976744186046512
"early_raw","1223","Hans Marowski Cuevas",138,TRUE,-0.779169201850891,-0.779169201850891,-1.30104617789493,5,0.964142203330994,0.985507246376812
"early_raw","1224","Cristian Mella Andaur",130,TRUE,0.291417121887207,0.291417121887207,0.567982918168974,99,0.751597583293915,0.838461538461538
"early_raw","1225","Cristian Menchaca Pinochet",138,TRUE,-0.561234354972839,-0.561234354972839,-0.920575625610012,38,0.963022530078888,1
"early_raw","1226","José Montalva Feuerhake",130,TRUE,0.429311871528625,0.429311871528625,0.808719506671582,108,0.822624862194061,0.915384615384615
"early_raw","1227","Claudia Mora Vega",130,TRUE,-0.574001789093018,-0.574001789093018,-0.942865006039768,20,0.911207914352417,0.930769230769231
"early_raw","1228","Paulina Muñoz Minte",138,TRUE,-0.779169201850891,-0.779169201850891,-1.30104617789493,6,0.964142203330994,0.985507246376812
"early_raw","1229","Javier Muñoz Riquelme",136,TRUE,0.277126401662827,0.277126401662827,0.543034185581195,95,0.72216260433197,0.845588235294118
"early_raw","1230","Alex Nahuelquin Nahuelquin",131,TRUE,0.0861084908246994,0.0861084908246994,0.209555207464584,81,0.732946574687958,0.83969465648855
"early_raw","1231","Ximena Naranjo Pinto",132,TRUE,-0.486434280872345,-0.486434280872345,-0.789989691732755,64,0.951969921588898,0.992424242424242
"early_raw","1232","Cristian Neira Martínez",137,TRUE,-0.56131786108017,-0.56131786108017,-0.920721410532572,23,0.96275806427002,1
"early_raw","1233","Ricardo Neumann Bertín",130,TRUE,-0.59666383266449,-0.59666383266449,-0.982428390955295,17,0.981114506721497,0.992307692307692
"early_raw","1234","Mario Olavarría Rodríguez",120,TRUE,-0.998841762542725,-0.998841762542725,-1.68455043013152,2,0.994485020637512,1
"early_raw","1235","Javier Olivares Avendaño",137,TRUE,-0.235261604189873,-0.235261604189873,-0.351492551944301,77,0.753910899162292,0.868613138686131
"early_raw","1236","Paula Olmos Contreras",127,TRUE,0.163529604673386,0.163529604673386,0.344716951290736,85,0.691862106323242,0.818897637795276
"early_raw","1237","Francisco Orrego Gutiérrez",134,TRUE,-0.520017504692078,-0.520017504692078,-0.848619267944361,59,0.965430498123169,0.992537313432836
"early_raw","1238","Álvaro Ortiz Vera",133,TRUE,0.312239468097687,0.312239468097687,0.604334560304488,101,0.753434836864471,0.842105263157895
"early_raw","1239","Fabián Ossandón Briceño",131,TRUE,0.289032429456711,0.289032429456711,0.563819723255183,98,0.770692050457001,0.877862595419847
"early_raw","1240","Zandra Parisi Fernández",122,TRUE,0.100074738264084,0.100074738264084,0.233937475618257,83,0.739756524562836,0.844262295081967
"early_raw","1241","Patricio Pinilla Valencia",133,TRUE,0.356135725975037,0.356135725975037,0.680968626481072,104,0.79443746805191,0.887218045112782
"early_raw","1242","Rodrigo Ramírez Parra",132,TRUE,-0.575419664382935,-0.575419664382935,-0.945340332048223,18,0.911891400814056,0.931818181818182
"early_raw","1243","Tamara Ramírez Ramírez",131,TRUE,0.271494835615158,0.271494835615158,0.533202600246958,94,0.734135031700134,0.824427480916031
"early_raw","1244","Claudia Reyes Larenas",137,TRUE,-0.534788429737091,-0.534788429737091,-0.874406341880179,54,0.944917917251587,0.985401459854015
"early_raw","1245","Alejandro Riquelme Ducci",138,TRUE,-0.561234354972839,-0.561234354972839,-0.920575625610012,39,0.963022530078888,1
"early_raw","1246","José Antonio Rivas Villalobos",122,TRUE,0.533235669136047,0.533235669136047,0.990149623230071,119,0.888900995254517,0.967213114754098
"early_raw","1247","Javiera Rodríguez Pascual",138,TRUE,-0.561234354972839,-0.561234354972839,-0.920575625610012,40,0.963022530078888,1
"early_raw","1248","Felipe Ross Correa",132,TRUE,-1,-1,-1.68657248053493,1,0.994846761226654,1
"early_raw","1249","Omar Sabat Guzmán",131,TRUE,-0.640075445175171,-0.640075445175171,-1.05821636348068,13,0.977224767208099,0.99236641221374
"early_raw","1250","Bernardo Salinas Maya",134,TRUE,0.869398295879364,0.869398295879364,1.57702217751298,145,0.91581803560257,0.992537313432836
"early_raw","1251","Macarena Santelices Cañas",138,TRUE,-0.561234354972839,-0.561234354972839,-0.920575625610012,41,0.963022530078888,1
"early_raw","1252","Constanza Schonhaut Soto",132,TRUE,0.694994688034058,0.694994688034058,1.27254844167892,138,0.945234894752502,0.984848484848485
"early_raw","1253","Fernando Ugarte Tejeda",138,TRUE,-0.561234354972839,-0.561234354972839,-0.920575625610012,42,0.963022530078888,1
"early_raw","1254","Ignacio Urcullú Clèment-Lund",138,TRUE,-0.561234354972839,-0.561234354972839,-0.920575625610012,43,0.963022530078888,1
"early_raw","1255","Eileen Urqueta Rojas",133,TRUE,0.262387722730637,0.262387722730637,0.517303406893846,92,0.728537678718567,0.827067669172932
"early_raw","1256","Tatiana Urrutia Herrera",133,TRUE,0.693641245365143,0.693641245365143,1.27018560210964,136,0.945338368415833,0.984962406015038
"early_raw","1257","Alejandra Valdebenito Torres",137,TRUE,-0.470293581485748,-0.470293581485748,-0.761811266401263,65,0.871159195899963,0.934306569343066
"early_raw","1258","Guillermo Valdés Carmona",134,TRUE,0.166114658117294,0.166114658117294,0.349229936366685,86,0.701347589492798,0.813432835820896
"early_raw","1259","Juan Marcelo Valenzuela Henríquez",131,TRUE,-0.000198646608623676,-0.000198646608623676,0.058880247880168,79,0.799832403659821,0.916030534351145
"early_raw","1260","César Valenzuela Maass",128,TRUE,0.504378616809845,0.504378616809845,0.939770994969633,116,0.934827744960785,0.9921875
"early_raw","1261","Daniel Valenzuela Salazar",131,TRUE,-0.564065873622894,-0.564065873622894,-0.925518889525922,22,0.963528096675873,0.977099236641221
"early_raw","1262","Diego Vergara Rodríguez",138,TRUE,-0.561234354972839,-0.561234354972839,-0.920575625610012,44,0.963022530078888,1
"early_raw","1263","Sebastián Zamora Soto",138,TRUE,-0.561234354972839,-0.561234354972839,-0.920575625610012,45,0.963022530078888,1
"early_raw","1264","Fernando Zamorano Peralta",129,TRUE,0.451135396957397,0.451135396957397,0.846819007011401,111,0.894899606704712,0.953488372093023
"late_raw","803","René Alinco Bustos",100,TRUE,0.509706318378448,0.509706318378448,0.744110903725925,106,0.594140470027924,0.8
"late_raw","815","Sergio Bobadilla Muñoz",132,TRUE,-0.485555022954941,-0.485555022954941,-0.655470234273721,49,0.940107583999634,0.977272727272727
"late_raw","843","René Manuel García García",129,TRUE,-0.52070689201355,-0.52070689201355,-0.704902369188104,38,0.938959836959839,0.976744186046512
"late_raw","872","Jaime Mulet Martínez",120,TRUE,0.416079103946686,0.416079103946686,0.612448115390767,91,0.632365584373474,0.841666666666667
"late_raw","915","Germán Verdugo Soto",123,TRUE,-0.446972668170929,-0.446972668170929,-0.601213996466906,54,0.897461414337158,0.951219512195122
"late_raw","986","Marcela Hernando Pérez",95,TRUE,0.521294295787811,0.521294295787811,0.760406437307066,108,0.827148854732513,0.947368421052632
"late_raw","1009","Jorge Alessandri Vergara",127,TRUE,-0.521712720394135,-0.521712720394135,-0.706316810170656,37,0.95467883348465,0.984251968503937
"late_raw","1012","Boris Barrera Moreno",134,TRUE,0.9619140625,0.9619140625,1.38002571609267,142,0.935748994350433,0.985074626865672
"late_raw","1013","Alejandro Bernales Maldonado",121,TRUE,0.480334281921387,0.480334281921387,0.70280662865495,101,0.799585461616516,0.958677685950413
"late_raw","1015","Jorge Brito Hasbún",106,TRUE,0.925269722938538,0.925269722938538,1.32849480221635,137,0.967781126499176,1
"late_raw","1017","Álvaro Carter Fernández",118,TRUE,-0.932315289974213,-0.932315289974213,-1.28372456000705,30,0.985443592071533,0.991525423728814
"late_raw","1021","Andrés Celis Montt",113,TRUE,-0.367820501327515,-0.367820501327515,-0.489906669290481,73,0.913798093795776,0.964601769911504
"late_raw","1025","Catalina Del Real Mihovilovic",97,TRUE,-0.958829760551453,-0.958829760551453,-1.32101039776926,26,0.982205927371979,0.989690721649485
"late_raw","1028","Eduardo Durán Salinas",128,TRUE,-0.386364072561264,-0.386364072561264,-0.51598347088225,68,0.93689101934433,0.984375
"late_raw","1038","Marcos Ilabaca Cerda",130,TRUE,0.715087831020355,0.715087831020355,1.03292759864783,116,0.856980204582214,0.953846153846154
"late_raw","1039","Pamela Jiles Moreno",126,TRUE,0.320934385061264,0.320934385061264,0.478651344229223,90,0.643305897712708,0.817460317460317
"late_raw","1044","Raúl Leiva Carvajal",103,TRUE,0.653538167476654,0.653538167476654,0.946373701125213,115,0.893904626369476,0.961165048543689
"late_raw","1054","Francesca Muñoz González",130,TRUE,-0.416465759277344,-0.416465759277344,-0.558313812873989,62,0.951218724250793,0.992307692307692
"late_raw","1056","Emilia Nuyado Ancapichun",135,TRUE,0.834201812744141,0.834201812744141,1.2004310222906,123,0.940032601356506,0.985185185185185
"late_raw","1059","Ximena Ossandón Irarrázabal",129,TRUE,-0.440266311168671,-0.440266311168671,-0.591783216454415,55,0.918411254882812,0.968992248062015
"late_raw","1060","Luis Pardo Sáinz",127,TRUE,-0.405396550893784,-0.405396550893784,-0.542747795564945,65,0.953109502792358,1
"late_raw","1061","Andrea Parra Sauterel",127,TRUE,0.531654596328735,0.531654596328735,0.774975556611608,109,0.830488443374634,0.937007874015748
"late_raw","1062","Joanna Pérez Olea",110,TRUE,-0.369044601917267,-0.369044601917267,-0.491628054443587,71,0.892905831336975,0.963636363636364
"late_raw","1065","Guillermo Ramírez Diez",117,TRUE,-0.486422955989838,-0.486422955989838,-0.656690760636235,48,0.965271592140198,0.982905982905983
"late_raw","1073","Juan Santana Castillo",125,TRUE,0.991548001766205,0.991548001766205,1.42169829064082,152,0.964100122451782,1
"late_raw","1074","Marisela Santibáñez Novoa",112,TRUE,0.929789066314697,0.929789066314697,1.33485010557511,138,0.905568540096283,0.991071428571429
"late_raw","1075","Diego Schalper Sepúlveda",117,TRUE,-0.4593465924263,-0.4593465924263,-0.618614763754473,52,0.962294399738312,0.991452991452991
"late_raw","1077","Raúl Soto Mardones",111,TRUE,0.539470314979553,0.539470314979553,0.785966370731789,112,0.842898488044739,0.936936936936937
"late_raw","1082","Cristóbal Urruticoechea Ríos",112,TRUE,-0.517928183078766,-0.517928183078766,-0.700994824052367,40,0.928430318832397,0.982142857142857
"late_raw","1086","Gonzalo Winter Etcheberry",133,TRUE,0.960903167724609,0.960903167724609,1.3786041505185,141,0.933847188949585,0.992481203007519
"late_raw","1087","Gael Yeomans Araya",127,TRUE,0.894439160823822,0.894439160823822,1.28513948294727,129,0.954827010631561,0.992125984251969
"late_raw","1099","Jaime Araya Guerrero",105,TRUE,0.562383234500885,0.562383234500885,0.818187545861124,113,0.851633250713348,0.961904761904762
"late_raw","1100","Cristián Araya Lerdo de Tejada",130,TRUE,-1,-1,-1.37890583506407,1,0.985555410385132,0.992307692307692
"late_raw","1102","Roberto Arroyo Muñoz",101,TRUE,-0.375850260257721,-0.375850260257721,-0.501198476451748,70,0.829372823238373,0.940594059405941
"late_raw","1104","Chiara Barchiesi Chávez",125,TRUE,-0.947750627994537,-0.947750627994537,-1.30543042464252,27,0.994574189186096,1
"late_raw","1105","Héctor Barría Angulo",118,TRUE,0.473669111728668,0.473669111728668,0.693433767381359,100,0.741023123264313,0.855932203389831
"late_raw","1107","María Francisca Bello Campos",0,FALSE,NA,NA,NA,NA,NA,NA
"late_raw","1108","Juan Carlos Beltrán Silva",133,TRUE,-0.427367120981216,-0.427367120981216,-0.573643796653738,57,0.869096577167511,0.93984962406015
"late_raw","1110","Carlos Bianchi Chelech",128,TRUE,0.489138126373291,0.489138126373291,0.715186989596389,102,0.786478936672211,0.8984375
"late_raw","1114","Félix Bugueño Sotelo",113,TRUE,0.86848521232605,0.86848521232605,1.24864187647395,126,0.959513187408447,1
"late_raw","1116","Felipe Camaño Cárdenas",120,TRUE,0.421759426593781,0.421759426593781,0.620436039872969,92,0.760419189929962,0.858333333333333
"late_raw","1117","Nathalie Castillo Rojas",109,TRUE,0.962571144104004,0.962571144104004,1.38094973371587,148,0.930708527565002,0.981651376146789
"late_raw","1119","Sara Concha Smith",131,TRUE,-0.410440534353256,-0.410440534353256,-0.5498408713402,63,0.954730987548828,1
"late_raw","1122","Luis Alberto Cuello Peña y Lillo",131,TRUE,0.96195375919342,0.96195375919342,1.38008153936344,146,0.934331595897675,0.984732824427481
"late_raw","1127","Lorena Fries Monleón",125,TRUE,0.908204019069672,0.908204019069672,1.30449624399891,133,0.961608469486237,0.992
"late_raw","1128","Ana María Gazmuri Vieira",101,TRUE,1,1,1.43358386964922,153,0.941230654716492,0.98019801980198
"late_raw","1131","Mauro González Villarroel",125,TRUE,-0.424737125635147,-0.424737125635147,-0.569945379236606,59,0.921831130981445,0.96
"late_raw","1132","Jorge Guzmán Zepeda",133,TRUE,-0.397676408290863,-0.397676408290863,-0.531891384770128,67,0.932632863521576,0.984962406015038
"late_raw","1133","Juan Irarrázaval Rossel",130,TRUE,-0.979928553104401,-0.979928553104401,-1.35068046618778,23,0.985522985458374,0.992307692307692
"late_raw","1140","Daniel Lilayu Vivanco",132,TRUE,-0.494688838720322,-0.494688838720322,-0.668314615676161,44,0.952541589736938,0.992424242424242
"late_raw","1141","Luis Malla Valenzuela",124,TRUE,0.534904181957245,0.534904181957245,0.779545269673992,110,0.833021402359009,0.935483870967742
"late_raw","1142","Daniel Manouchehri Lobos",115,TRUE,0.779068887233734,0.779068887233734,1.12290062959623,119,0.938910961151123,0.991304347826087
"late_raw","1143","Cristóbal Martínez Ramírez",131,TRUE,-0.41905477643013,-0.41905477643013,-0.561954604917758,61,0.921209156513214,0.984732824427481
"late_raw","1146","José Carlos Meza Pereira",119,TRUE,-1,-1,-1.37890583506407,2,0.915995001792908,0.983193277310924
"late_raw","1148","Javiera Morales Alvarado",14,FALSE,NA,NA,NA,NA,NA,NA
"late_raw","1150","Benjamín Moreno Bascur",133,TRUE,-1,-1,-1.37890583506407,3,0.98565673828125,0.992481203007519
"late_raw","1152","Gloria Naveillan Arriagada",118,TRUE,-0.502759039402008,-0.502759039402008,-0.679663293842268,42,0.939669966697693,0.983050847457627
"late_raw","1153","Coca Ericka Ñanco Vásquez",32,TRUE,0.86012077331543,0.86012077331543,1.23687942717241,124,0.979222178459167,1
"late_raw","1157","Marlene Pérez Cartes",90,TRUE,-0.356156468391418,-0.356156468391418,-0.473504183016377,75,0.900057435035706,0.977777777777778
"late_raw","1159","Lorena Pizarro Sierra",124,TRUE,0.954351246356964,0.954351246356964,1.3693905448222,140,0.932295978069305,0.983870967741935
"late_raw","1165","Agustín Romero Leiva",132,TRUE,-0.999998807907104,-0.999998807907104,-1.37890415868957,10,0.985548853874207,0.992424242424242
"late_raw","1166","Natalia Romero Talguia",128,TRUE,-0.288200616836548,-0.288200616836548,-0.377941616579828,76,0.789446711540222,0.9296875
"late_raw","1170","Luis Sánchez Ossa",121,TRUE,-0.963755488395691,-0.963755488395691,-1.32793717719433,25,0.985545694828033,0.991735537190083
"late_raw","1171","Emilia Schneider Videla",135,TRUE,0.904238641262054,0.904238641262054,1.2989199518693,131,0.955343008041382,0.992592592592593
"late_raw","1172","Stephan Schubert Rubio",121,TRUE,-0.963908135890961,-0.963908135890961,-1.32815183694877,24,0.985545694828033,0.991735537190083
"late_raw","1173","Daniela Serrano Salazar",134,TRUE,0.9619140625,0.9619140625,1.38002571609267,143,0.935748994350433,0.985074626865672
"late_raw","1174","Marco Antonio Sulantay Olivares",130,TRUE,-0.469195157289505,-0.469195157289505,-0.632464257396455,50,0.946917653083801,0.984615384615385
"late_raw","1175","Cristián Tapia Ramos",96,TRUE,0.44047424197197,0.44047424197197,0.646753652661352,97,0.662320077419281,0.833333333333333
"late_raw","1176","Hotuiti Teao Drago",95,TRUE,-0.41018271446228,-0.41018271446228,-0.54947831344568,64,0.89436274766922,0.957894736842105
"late_raw","1177","Carolina Tello Rojas",130,TRUE,0.881985783576965,0.881985783576965,1.26762698529942,127,0.942753195762634,0.992307692307692
"late_raw","1178","Héctor Ulloa Aguilera",116,TRUE,0.508907079696655,0.508907079696655,0.742986978443849,105,0.814438283443451,0.931034482758621
"late_raw","1180","Consuelo Veloso Ávila",132,TRUE,0.949828803539276,0.949828803539276,1.36303088288975,139,0.961397469043732,1
"late_raw","1181","Nelson Venegas Salazar",130,TRUE,0.806944847106934,0.806944847106934,1.16210105467242,122,0.902409315109253,0.953846153846154
"late_raw","1182","Sebastián Videla Castillo",126,TRUE,0.497950851917267,0.497950851917267,0.727579839527837,103,0.831254541873932,0.936507936507937
"late_raw","1183","Flor Weisse Novoa",119,TRUE,-0.399929732084274,-0.399929732084274,-0.535060109755306,66,0.90665203332901,0.966386554621849
"late_raw","1184","Roberto Celedón Fernández",134,TRUE,0.895946860313416,0.895946860313416,1.28725967759341,130,0.941902160644531,0.985074626865672
"late_raw","1186","Ignacio Achurra Díaz",135,TRUE,0.90434342622757,0.90434342622757,1.29906730518766,132,0.955355525016785,0.992592592592593
"late_raw","1187","Carlo Arqueros Pizarro",130,TRUE,-0.980079650878906,-0.980079650878906,-1.35089294665538,20,0.985522985458374,0.992307692307692
"late_raw","1188","Marcos Barraza Gómez",134,TRUE,0.9619140625,0.9619140625,1.38002571609267,144,0.935748994350433,0.985074626865672
"late_raw","1189","Jaime Bassa Mercado",126,TRUE,0.970551371574402,0.970551371574402,1.39217188751676,150,0.914944410324097,0.992063492063492
"late_raw","1190","Enrique Bassaletti Riess",133,TRUE,-1,-1,-1.37890583506407,4,0.98565673828125,0.992481203007519
"late_raw","1191","Valentina Becerra Peña",126,TRUE,-1,-1,-1.37890583506407,5,0.985087692737579,0.992063492063492
"late_raw","1192","Lilian Betancurt Delgado",33,TRUE,-0.0233111847192049,-0.0233111847192049,-0.00544221622114082,80,0.750819146633148,0.909090909090909
"late_raw","1193","Patricio Briones Moller",129,TRUE,0.0697924718260765,0.0697924718260765,0.125484321531242,84,0.757740914821625,0.86046511627907
"late_raw","1194","Daniel Bustos Leal",133,TRUE,-0.999992966651917,-0.999992966651917,-1.37889594445453,11,0.98565673828125,0.992481203007519
"late_raw","1195","Carlos Carvajal Gallardo",123,TRUE,0.463134825229645,0.463134825229645,0.678619981218857,99,0.783389270305634,0.853658536585366
"late_raw","1196","Priscilla Castillo Gerli",128,TRUE,0.421922951936722,0.421922951936722,0.62066599654471,93,0.766673684120178,0.8984375
"late_raw","1197","Carlos Chandía Alarcón",129,TRUE,-0.365647792816162,-0.365647792816162,-0.48685130913072,74,0.82910680770874,0.930232558139535
"late_raw","1198","Paz Charpentier Rajcevich",132,TRUE,-0.999806821346283,-0.999806821346283,-1.37863417857669,17,0.985549807548523,0.992424242424242
"late_raw","1199","Jaime Coloma Álamos",133,TRUE,-0.453325301408768,-0.453325301408768,-0.610147354256527,53,0.929688453674316,0.977443609022556
"late_raw","1200","Cristian Contreras Radovic",129,TRUE,-0.16437354683876,-0.16437354683876,-0.203810436813034,77,0.668701827526093,0.837209302325581
"late_raw","1201","Flor Contreras Vivallo",128,TRUE,0.105829514563084,0.105829514563084,0.176161227374314,85,0.734948635101318,0.84375
"late_raw","1202","Eduardo Cretton Rebolledo",133,TRUE,-0.491154044866562,-0.491154044866562,-0.66334383001517,45,0.940688014030457,0.984962406015038
"late_raw","1203","Sebastián Cristoffanini Jaraquemada",130,TRUE,-0.980079650878906,-0.980079650878906,-1.35089294665538,21,0.985522985458374,0.992307692307692
"late_raw","1204","Francisco Crisóstomo Llanos",132,TRUE,0.774413645267487,0.774413645267487,1.11635421954472,117,0.91272634267807,0.984848484848485
"late_raw","1205","Carlos Cuadrado Prats",114,TRUE,0.617899000644684,0.617899000644684,0.896256306225476,114,0.847860276699066,0.903508771929825
"late_raw","1206","Carolina Cucumides Calderón",133,TRUE,0.776926577091217,0.776926577091217,1.11988801698617,118,0.918761134147644,0.984962406015038
"late_raw","1207","Valentina Cáceres Monsálvez",119,TRUE,0.891861021518707,0.891861021518707,1.28151398782079,128,0.946478366851807,0.991596638655462
"late_raw","1208","Jorge Díaz Ibarra",119,TRUE,0.424384832382202,0.424384832382202,0.624128003248284,94,0.780920922756195,0.915966386554622
"late_raw","1209","Matías Fernández Hartwig",136,TRUE,0.90985369682312,0.90985369682312,1.30681609484775,136,0.940288364887238,0.992647058823529
"late_raw","1210","Gustavo Gatica Villarroel",133,TRUE,0.961966335773468,0.961966335773468,1.3800992251144,147,0.935286343097687,0.984962406015038
"late_raw","1211","Sofía González Cortés",132,TRUE,0.974169433116913,0.974169433116913,1.39725976793642,151,0.947574853897095,0.992424242424242
"late_raw","1212","Erich Grohs Marín",126,TRUE,-0.522148668766022,-0.522148668766022,-0.706929860324515,36,0.959015727043152,0.984126984126984
"late_raw","1213","Irací Hassler Jacob",134,TRUE,0.9619140625,0.9619140625,1.38002571609267,145,0.935748994350433,0.985074626865672
"late_raw","1214","Constanza Hube Portus",133,TRUE,-0.515313327312469,-0.515313327312469,-0.697317696591358,41,0.949032306671143,0.984962406015038
"late_raw","1215","Álvaro Jofré Cáceres",137,TRUE,-0.530557334423065,-0.530557334423065,-0.718754503119921,35,0.904584884643555,0.963503649635037
"late_raw","1216","Stephanie Jéldrez Ortiz",132,TRUE,-0.999806821346283,-0.999806821346283,-1.37863417857669,18,0.985549807548523,0.992424242424242
"late_raw","1217","Pier Karlezi Hazleby",122,TRUE,-0.55456405878067,-0.55456405878067,-0.752513835669748,32,0.900950372219086,0.959016393442623
"late_raw","1218","José Antonio Kast Adriasola",133,TRUE,-0.999992966651917,-0.999992966651917,-1.37889594445453,12,0.98565673828125,0.992481203007519
"late_raw","1219","Tomás Kast Sommerhoff",131,TRUE,-0.487117826938629,-0.487117826938629,-0.657667919331025,47,0.927614092826843,0.961832061068702
"late_raw","1220","Leandro Kunstmann Collado",133,TRUE,-0.999992966651917,-0.999992966651917,-1.37889594445453,13,0.98565673828125,0.992481203007519
"late_raw","1221","Benjamín Lorca Inzunza",130,TRUE,-1,-1,-1.37890583506407,6,0.986258387565613,0.992307692307692
"late_raw","1222","Andrea Macías Palma",125,TRUE,0.86176723241806,0.86176723241806,1.2391947518101,125,0.944496214389801,0.984
"late_raw","1223","Hans Marowski Cuevas",118,TRUE,-0.539870202541351,-0.539870202541351,-0.731850675971937,33,0.931832432746887,0.966101694915254
"late_raw","1224","Cristian Mella Andaur",130,TRUE,0.429670661687851,0.429670661687851,0.631561173499788,96,0.819143772125244,0.923076923076923
"late_raw","1225","Cristian Menchaca Pinochet",122,TRUE,-1,-1,-1.37890583506407,7,0.984937250614166,0.991803278688525
"late_raw","1226","José Montalva Feuerhake",133,TRUE,0.506687462329865,0.506687462329865,0.739865652947598,104,0.827756524085999,0.93984962406015
"late_raw","1227","Claudia Mora Vega",133,TRUE,-0.368251174688339,-0.368251174688339,-0.490512301487188,72,0.929245829582214,0.977443609022556
"late_raw","1228","Paulina Muñoz Minte",136,TRUE,-0.539281666278839,-0.539281666278839,-0.731023049882354,34,0.920096695423126,0.963235294117647
"late_raw","1229","Javier Muñoz Riquelme",115,TRUE,0.424938648939133,0.424938648939133,0.624906804930617,95,0.817758083343506,0.921739130434783
"late_raw","1230","Alex Nahuelquin Nahuelquin",126,TRUE,0.061592698097229,0.061592698097229,0.113953431934561,82,0.73508632183075,0.841269841269841
"late_raw","1231","Ximena Naranjo Pinto",126,TRUE,-0.385220468044281,-0.385220468044281,-0.51437528291711,69,0.916514694690704,0.976190476190476
"late_raw","1232","Cristian Neira Martínez",129,TRUE,-0.979983985424042,-0.979983985424042,-1.35075841760193,22,0.985411584377289,0.992248062015504
"late_raw","1233","Ricardo Neumann Bertín",132,TRUE,-0.490323394536972,-0.490323394536972,-0.662175732265076,46,0.940897703170776,0.977272727272727
"late_raw","1234","Mario Olavarría Rodríguez",103,TRUE,-0.425936937332153,-0.425936937332153,-0.571632608259318,58,0.935919344425201,0.980582524271845
"late_raw","1235","Javier Olivares Avendaño",131,TRUE,-0.106279693543911,-0.106279693543911,-0.12211625466359,78,0.743305921554565,0.862595419847328
"late_raw","1236","Paula Olmos Contreras",85,TRUE,0.165825381875038,0.165825381875038,0.260530106944423,87,0.74681031703949,0.858823529411765
"late_raw","1237","Francisco Orrego Gutiérrez",126,TRUE,-0.499481707811356,-0.499481707811356,-0.675054563163447,43,0.956880927085876,0.976190476190476
"late_raw","1238","Álvaro Ortiz Vera",130,TRUE,0.459397971630096,0.459397971630096,0.673365050080482,98,0.775388896465302,0.884615384615385
"late_raw","1239","Fabián Ossandón Briceño",117,TRUE,0.277891129255295,0.277891129255295,0.418121987323408,89,0.773621320724487,0.871794871794872
"late_raw","1240","Zandra Parisi Fernández",87,TRUE,-0.0146541465073824,-0.0146541465073824,0.00673169920088933,81,0.772130370140076,0.908045977011494
"late_raw","1241","Patricio Pinilla Valencia",121,TRUE,0.519675552845001,0.519675552845001,0.758130088376451,107,0.761818885803223,0.84297520661157
"late_raw","1242","Rodrigo Ramírez Parra",131,TRUE,-0.424390465021133,-0.424390465021133,-0.569457889532634,60,0.942746460437775,0.977099236641221
"late_raw","1243","Tamara Ramírez Ramírez",126,TRUE,0.270105212926865,0.270105212926865,0.407173082565674,88,0.744219779968262,0.865079365079365
"late_raw","1244","Claudia Reyes Larenas",124,TRUE,-0.947374761104584,-0.947374761104584,-1.30490186376335,28,0.994539201259613,1
"late_raw","1245","Alejandro Riquelme Ducci",124,TRUE,-1,-1,-1.37890583506407,8,0.984940469264984,0.991935483870968
"late_raw","1246","José Antonio Rivas Villalobos",129,TRUE,0.802883982658386,0.802883982658386,1.15639048494553,121,0.90579354763031,0.968992248062015
"late_raw","1247","Javiera Rodríguez Pascual",133,TRUE,-0.999992966651917,-0.999992966651917,-1.37889594445453,14,0.98565673828125,0.992481203007519
"late_raw","1248","Felipe Ross Correa",133,TRUE,-1,-1,-1.37890583506407,9,0.98565673828125,0.992481203007519
"late_raw","1249","Omar Sabat Guzmán",128,TRUE,-0.467278242111206,-0.467278242111206,-0.629768605294568,51,0.935483336448669,0.9765625
"late_raw","1250","Bernardo Salinas Maya",78,TRUE,0.969730734825134,0.969730734825134,1.39101787131244,149,0.92541629076004,0.987179487179487
"late_raw","1251","Macarena Santelices Cañas",127,TRUE,-0.921191334724426,-0.921191334724426,-1.26808155519919,31,0.986524760723114,0.992125984251969
"late_raw","1252","Constanza Schonhaut Soto",129,TRUE,0.908382475376129,0.908382475376129,1.30474719726124,135,0.962702035903931,0.992248062015504
"late_raw","1253","Fernando Ugarte Tejeda",133,TRUE,-0.999948084354401,-0.999948084354401,-1.37883282895468,16,0.98565673828125,0.992481203007519
"late_raw","1254","Ignacio Urcullú Clèment-Lund",133,TRUE,-0.999992966651917,-0.999992966651917,-1.37889594445453,15,0.98565673828125,0.992481203007519
"late_raw","1255","Eileen Urqueta Rojas",130,TRUE,0.123645067214966,0.123645067214966,0.201214256582913,86,0.75133490562439,0.876923076923077
"late_raw","1256","Tatiana Urrutia Herrera",125,TRUE,0.908286392688751,0.908286392688751,1.30461208147672,134,0.961595058441162,0.992
"late_raw","1257","Alejandra Valdebenito Torres",130,TRUE,-0.438582479953766,-0.438582479953766,-0.589415337476217,56,0.901408910751343,0.953846153846154
"late_raw","1258","Guillermo Valdés Carmona",128,TRUE,0.0634890273213387,0.0634890273213387,0.116620135144339,83,0.728861033916473,0.8359375
"late_raw","1259","Juan Marcelo Valenzuela Henríquez",125,TRUE,-0.0452285297214985,-0.0452285297214985,-0.0362633698079407,79,0.761786222457886,0.88
"late_raw","1260","César Valenzuela Maass",134,TRUE,0.802284717559814,0.802284717559814,1.15554777148547,120,0.927034139633179,0.970149253731343
"late_raw","1261","Daniel Valenzuela Salazar",119,TRUE,-0.518589437007904,-0.518589437007904,-0.701924708986318,39,0.951205193996429,0.974789915966387
"late_raw","1262","Diego Vergara Rodríguez",132,TRUE,-0.999479711055756,-0.999479711055756,-1.37817418141448,19,0.985549807548523,0.992424242424242
"late_raw","1263","Sebastián Zamora Soto",120,TRUE,-0.944936454296112,-0.944936454296112,-1.30147300736547,29,0.985559821128845,0.991666666666667
"late_raw","1264","Fernando Zamorano Peralta",126,TRUE,0.537669897079468,0.537669897079468,0.783434542327703,111,0.82155430316925,0.952380952380952
"early_cap20","803","René Alinco Bustos",63,TRUE,0.511487901210785,0.511487901210785,0.456172133668713,85,0.648945808410645,0.80952380952381
"early_cap20","815","Sergio Bobadilla Muñoz",75,TRUE,-0.104382015764713,-0.104382015764713,-0.690759773407,65,0.904843986034393,0.973333333333333
"early_cap20","843","René Manuel García García",48,TRUE,-0.0605347231030464,-0.0605347231030464,-0.609103148190553,71,0.818306505680084,0.916666666666667
"early_cap20","872","Jaime Mulet Martínez",72,TRUE,0.596513628959656,0.596513628959656,0.614515182078061,93,0.63628351688385,0.805555555555556
"early_cap20","915","Germán Verdugo Soto",74,TRUE,-0.212206646800041,-0.212206646800041,-0.89156112170212,19,0.913728535175323,0.986486486486487
"early_cap20","986","Marcela Hernando Pérez",68,TRUE,0.668789505958557,0.668789505958557,0.74911423807517,104,0.930508136749268,0.970588235294118
"early_cap20","1009","Jorge Alessandri Vergara",65,TRUE,-0.124896034598351,-0.124896034598351,-0.728962942768147,54,0.962945997714996,1
"early_cap20","1012","Boris Barrera Moreno",73,TRUE,1,1,1.36592612172747,142,0.991574466228485,0.986301369863014
"early_cap20","1013","Alejandro Bernales Maldonado",70,TRUE,0.66302627325058,0.66302627325058,0.738381394501411,101,0.881547331809998,0.942857142857143
"early_cap20","1015","Jorge Brito Hasbún",72,TRUE,0.985944092273712,0.985944092273712,1.33974986500533,141,0.960563480854034,0.958333333333333
"early_cap20","1017","Álvaro Carter Fernández",77,TRUE,-0.136368215084076,-0.136368215084076,-0.750327535322735,47,0.963311910629272,0.987012987012987
"early_cap20","1021","Andrés Celis Montt",73,TRUE,-0.317229717969894,-0.317229717969894,-1.08714513706584,9,0.892202377319336,0.972602739726027
"early_cap20","1025","Catalina Del Real Mihovilovic",70,TRUE,-0.128244757652283,-0.128244757652283,-0.735199255360547,53,0.96931791305542,0.985714285714286
"early_cap20","1028","Eduardo Durán Salinas",70,TRUE,-0.0990557670593262,-0.0990557670593262,-0.680840723268572,66,0.932953655719757,0.971428571428571
"early_cap20","1038","Marcos Ilabaca Cerda",45,TRUE,0.750168859958649,0.750168859958649,0.900666660278685,121,0.91686487197876,0.977777777777778
"early_cap20","1039","Pamela Jiles Moreno",73,TRUE,0.552130043506622,0.552130043506622,0.531859821094533,89,0.873157858848572,0.958904109589041
"early_cap20","1044","Raúl Leiva Carvajal",69,TRUE,0.708775222301483,0.708775222301483,0.823579466261993,116,0.958929181098938,1
"early_cap20","1054","Francesca Muñoz González",65,TRUE,-0.0870035216212273,-0.0870035216212273,-0.658395878239044,69,0.948046922683716,0.969230769230769
"early_cap20","1056","Emilia Nuyado Ancapichun",75,TRUE,0.760188400745392,0.760188400745392,0.91932600814714,123,0.911391317844391,0.973333333333333
"early_cap20","1059","Ximena Ossandón Irarrázabal",67,TRUE,-0.244410753250122,-0.244410753250122,-0.951534691133552,18,0.736240744590759,0.925373134328358
"early_cap20","1060","Luis Pardo Sáinz",75,TRUE,-0.190764784812927,-0.190764784812927,-0.85163003401252,23,0.927604138851166,0.96
"early_cap20","1061","Andrea Parra Sauterel",72,TRUE,0.676808416843414,0.676808416843414,0.764047821451033,105,0.898122131824493,0.944444444444444
"early_cap20","1062","Joanna Pérez Olea",58,TRUE,-0.048554852604866,-0.048554852604866,-0.586793086701473,72,0.854621946811676,0.982758620689655
"early_cap20","1065","Guillermo Ramírez Diez",73,TRUE,-0.16498638689518,-0.16498638689518,-0.803623034043508,25,0.978319585323334,0.986301369863014
"early_cap20","1073","Juan Santana Castillo",67,TRUE,0.971274673938751,0.971274673938751,1.31243107010586,138,0.981517672538757,1
"early_cap20","1074","Marisela Santibáñez Novoa",66,TRUE,0.888219356536865,0.888219356536865,1.15775750844152,129,0.945585787296295,0.96969696969697
"early_cap20","1075","Diego Schalper Sepúlveda",73,TRUE,-0.284575909376144,-0.284575909376144,-1.02633408925945,15,0.94444352388382,0.972602739726027
"early_cap20","1077","Raúl Soto Mardones",73,TRUE,0.692913293838501,0.692913293838501,0.794039864861605,111,0.950081467628479,0.986301369863014
"early_cap20","1082","Cristóbal Urruticoechea Ríos",67,TRUE,-1,-1,-2.35866530728153,1,0.964310526847839,0.985074626865672
"early_cap20","1086","Gonzalo Winter Etcheberry",46,TRUE,0.845939338207245,0.845939338207245,1.07901961149709,125,0.946130573749542,0.978260869565217
"early_cap20","1087","Gael Yeomans Araya",68,TRUE,1,1,1.36592612172747,143,0.98060667514801,0.970588235294118
"early_cap20","1099","Jaime Araya Guerrero",68,TRUE,0.694090664386749,0.694090664386749,0.796232476987991,112,0.952554523944855,0.985294117647059
"early_cap20","1100","Cristián Araya Lerdo de Tejada",78,TRUE,-0.136532932519913,-0.136532932519913,-0.750634287897598,26,0.963613629341125,0.987179487179487
"early_cap20","1102","Roberto Arroyo Muñoz",68,TRUE,-0.0224299766123295,-0.0224299766123295,-0.53814084209861,75,0.933127760887146,0.985294117647059
"early_cap20","1104","Chiara Barchiesi Chávez",74,TRUE,-0.135129615664482,-0.135129615664482,-0.748020896931638,51,0.962304770946503,0.986486486486487
"early_cap20","1105","Héctor Barría Angulo",69,TRUE,0.627800464630127,0.627800464630127,0.672780522067586,97,0.751984357833862,0.855072463768116
"early_cap20","1107","María Francisca Bello Campos",0,FALSE,NA,NA,NA,NA,NA,NA
"early_cap20","1108","Juan Carlos Beltrán Silva",61,TRUE,-0.0272957533597946,-0.0272957533597946,-0.54720235728315,74,0.953621089458466,1
"early_cap20","1110","Carlos Bianchi Chelech",70,TRUE,0.685573279857635,0.685573279857635,0.780370588280636,108,0.952840030193329,0.985714285714286
"early_cap20","1114","Félix Bugueño Sotelo",74,TRUE,0.828244745731354,0.828244745731354,1.04606704775934,124,0.918115198612213,0.945945945945946
"early_cap20","1116","Felipe Camaño Cárdenas",75,TRUE,0.599586069583893,0.599586069583893,0.620236975085648,94,0.761255979537964,0.826666666666667
"early_cap20","1117","Nathalie Castillo Rojas",64,TRUE,1,1,1.36592612172747,144,0.964398443698883,0.96875
"early_cap20","1119","Sara Concha Smith",72,TRUE,-0.111761376261711,-0.111761376261711,-0.704502324836342,63,0.945531904697418,0.972222222222222
"early_cap20","1122","Luis Alberto Cuello Peña y Lillo",73,TRUE,1,1,1.36592612172747,145,0.991574466228485,0.986301369863014
"early_cap20","1127","Lorena Fries Monleón",71,TRUE,0.941457152366638,0.941457152366638,1.25690202746497,131,0.978619992733002,1
"early_cap20","1128","Ana María Gazmuri Vieira",73,TRUE,1,1,1.36592612172747,146,0.991574466228485,0.986301369863014
"early_cap20","1131","Mauro González Villarroel",62,TRUE,-0.0906629785895348,-0.0906629785895348,-0.665210869268537,68,0.926626443862915,0.967741935483871
"early_cap20","1132","Jorge Guzmán Zepeda",71,TRUE,-0.19870625436306,-0.19870625436306,-0.866419398722601,20,0.711592257022858,0.887323943661972
"early_cap20","1133","Juan Irarrázaval Rossel",77,TRUE,-0.136368215084076,-0.136368215084076,-0.750327535322735,48,0.963311910629272,0.987012987012987
"early_cap20","1140","Daniel Lilayu Vivanco",73,TRUE,-0.311273545026779,-0.311273545026779,-1.07605298171903,13,0.973387122154236,0.986301369863014
"early_cap20","1141","Luis Malla Valenzuela",68,TRUE,0.664763689041138,0.664763689041138,0.74161697648248,102,0.927572309970856,0.955882352941177
"early_cap20","1142","Daniel Manouchehri Lobos",68,TRUE,0.704287886619568,0.704287886619568,0.815222720252019,115,0.94772469997406,0.985294117647059
"early_cap20","1143","Cristóbal Martínez Ramírez",77,TRUE,-0.106651283800602,-0.106651283800602,-0.694985821545297,64,0.911458432674408,0.974025974025974
"early_cap20","1146","José Carlos Meza Pereira",70,TRUE,-0.119922332465649,-0.119922332465649,-0.719700438601194,58,0.974183142185211,1
"early_cap20","1148","Javiera Morales Alvarado",23,TRUE,1,1,1.36592612172747,147,0.99955815076828,1
"early_cap20","1150","Benjamín Moreno Bascur",78,TRUE,-0.136532932519913,-0.136532932519913,-0.750634287897598,27,0.963613629341125,0.987179487179487
"early_cap20","1152","Gloria Naveillan Arriagada",67,TRUE,-0.316559612751007,-0.316559612751007,-1.08589720298844,10,0.924515724182129,0.985074626865672
"early_cap20","1153","Coca Ericka Ñanco Vásquez",75,TRUE,0.963567852973938,0.963567852973938,1.29807869045063,137,0.966751337051392,0.986666666666667
"early_cap20","1157","Marlene Pérez Cartes",72,TRUE,-0.123676985502243,-0.123676985502243,-0.726692712860695,56,0.96996283531189,1
"early_cap20","1159","Lorena Pizarro Sierra",73,TRUE,1,1,1.36592612172747,148,0.914116442203522,0.972602739726027
"early_cap20","1165","Agustín Romero Leiva",78,TRUE,-0.136526182293892,-0.136526182293892,-0.750621716980608,42,0.963613629341125,0.987179487179487
"early_cap20","1166","Natalia Romero Talguia",77,TRUE,-0.019071077927947,-0.019071077927947,-0.53188557947323,76,0.799407362937927,0.935064935064935
"early_cap20","1170","Luis Sánchez Ossa",78,TRUE,-0.136526182293892,-0.136526182293892,-0.750621716980608,43,0.963613629341125,0.987179487179487
"early_cap20","1171","Emilia Schneider Videla",74,TRUE,0.960594594478607,0.960594594478607,1.29254160389667,135,0.976576089859009,1
"early_cap20","1172","Stephan Schubert Rubio",51,TRUE,-0.116223998367786,-0.116223998367786,-0.71281304685994,60,0.968193113803864,1
"early_cap20","1173","Daniela Serrano Salazar",73,TRUE,1,1,1.36592612172747,149,0.991574466228485,0.986301369863014
"early_cap20","1174","Marco Antonio Sulantay Olivares",72,TRUE,-0.121870189905167,-0.121870189905167,-0.723327925163274,57,0.968776285648346,1
"early_cap20","1175","Cristián Tapia Ramos",73,TRUE,0.694454371929169,0.694454371929169,0.796909807985572,113,0.940712571144104,0.972602739726027
"early_cap20","1176","Hotuiti Teao Drago",66,TRUE,-0.114903569221497,-0.114903569221497,-0.710354017319497,61,0.974708318710327,1
"early_cap20","1177","Carolina Tello Rojas",73,TRUE,0.985528171062469,0.985528171062469,1.33897529671606,140,0.961009800434113,0.958904109589041
"early_cap20","1178","Héctor Ulloa Aguilera",72,TRUE,0.684593975543976,0.684593975543976,0.778546834054112,107,0.937873840332031,0.972222222222222
"early_cap20","1180","Consuelo Veloso Ávila",72,TRUE,0.857033491134644,0.857033491134644,1.09968020494984,128,0.935794115066528,0.972222222222222
"early_cap20","1181","Nelson Venegas Salazar",70,TRUE,0.716581523418427,0.716581523418427,0.838117107378209,118,0.956719279289246,1
"early_cap20","1182","Sebastián Videla Castillo",73,TRUE,0.642776012420654,0.642776012420654,0.700669420540243,99,0.811642706394196,0.904109589041096
"early_cap20","1183","Flor Weisse Novoa",53,TRUE,-0.123935870826244,-0.123935870826244,-0.727174833890131,55,0.973843455314636,1
"early_cap20","1184","Roberto Celedón Fernández",72,TRUE,0.850970983505249,0.850970983505249,1.08839002297247,126,0.959972023963928,1
"early_cap20","1186","Ignacio Achurra Díaz",71,TRUE,0.92979097366333,0.92979097366333,1.23517615286115,130,0.980616211891174,1
"early_cap20","1187","Carlo Arqueros Pizarro",78,TRUE,-0.136532932519913,-0.136532932519913,-0.750634287897598,28,0.963613629341125,0.987179487179487
"early_cap20","1188","Marcos Barraza Gómez",73,TRUE,1,1,1.36592612172747,150,0.991574466228485,0.986301369863014
"early_cap20","1189","Jaime Bassa Mercado",75,TRUE,0.960920929908752,0.960920929908752,1.29314933696972,136,0.976827681064606,1
"early_cap20","1190","Enrique Bassaletti Riess",78,TRUE,-0.136532932519913,-0.136532932519913,-0.750634287897598,29,0.963613629341125,0.987179487179487
"early_cap20","1191","Valentina Becerra Peña",78,TRUE,-0.136532932519913,-0.136532932519913,-0.750634287897598,30,0.963613629341125,0.987179487179487
"early_cap20","1192","Lilian Betancurt Delgado",70,TRUE,0.486036390066147,0.486036390066147,0.40877389353639,83,0.806649744510651,0.9
"early_cap20","1193","Patricio Briones Moller",76,TRUE,0.478869199752808,0.478869199752808,0.39542646573082,81,0.807380259037018,0.881578947368421
"early_cap20","1194","Daniel Bustos Leal",78,TRUE,-0.136532932519913,-0.136532932519913,-0.750634287897598,31,0.963613629341125,0.987179487179487
"early_cap20","1195","Carlos Carvajal Gallardo",72,TRUE,0.688784956932068,0.688784956932068,0.786351680732724,110,0.94262170791626,0.972222222222222
"early_cap20","1196","Priscilla Castillo Gerli",78,TRUE,0.536788046360016,0.536788046360016,0.503288485556467,88,0.756843209266663,0.858974358974359
"early_cap20","1197","Carlos Chandía Alarcón",67,TRUE,-0.0465441197156906,-0.0465441197156906,-0.583048507458948,73,0.938389182090759,0.985074626865672
"early_cap20","1198","Paz Charpentier Rajcevich",78,TRUE,-0.136532932519913,-0.136532932519913,-0.750634287897598,32,0.963613629341125,0.987179487179487
"early_cap20","1199","Jaime Coloma Álamos",72,TRUE,-0.190946996212006,-0.190946996212006,-0.851969365520158,21,0.980104506015778,0.986111111111111
"early_cap20","1200","Cristian Contreras Radovic",71,TRUE,0.0811468735337257,0.0811468735337257,-0.345250117949737,77,0.846506595611572,0.929577464788732
"early_cap20","1201","Flor Contreras Vivallo",75,TRUE,0.499472469091415,0.499472469091415,0.433795845924891,84,0.807904779911041,0.906666666666667
"early_cap20","1202","Eduardo Cretton Rebolledo",75,TRUE,-0.312018364667892,-0.312018364667892,-1.07744005614475,11,0.974058628082275,0.986666666666667
"early_cap20","1203","Sebastián Cristoffanini Jaraquemada",78,TRUE,-0.136532932519913,-0.136532932519913,-0.750634287897598,33,0.963613629341125,0.987179487179487
"early_cap20","1204","Francisco Crisóstomo Llanos",71,TRUE,0.712599694728851,0.712599694728851,0.830701764873722,117,0.955651938915253,1
"early_cap20","1205","Carlos Cuadrado Prats",73,TRUE,0.697141766548157,0.697141766548157,0.801914531467696,114,0.945566952228546,0.986301369863014
"early_cap20","1206","Carolina Cucumides Calderón",75,TRUE,0.759515166282654,0.759515166282654,0.918072246492326,122,0.9110027551651,0.96
"early_cap20","1207","Valentina Cáceres Monsálvez",72,TRUE,0.85330331325531,0.85330331325531,1.09273351067082,127,0.958986580371857,1
"early_cap20","1208","Jorge Díaz Ibarra",77,TRUE,0.608116805553436,0.608116805553436,0.636123728123298,95,0.777049422264099,0.857142857142857
"early_cap20","1209","Matías Fernández Hartwig",72,TRUE,0.941538453102112,0.941538453102112,1.25705343347623,132,0.978909075260162,1
"early_cap20","1210","Gustavo Gatica Villarroel",72,TRUE,1,1,1.36592612172747,151,0.991458237171173,0.986111111111111
"early_cap20","1211","Sofía González Cortés",73,TRUE,1,1,1.36592612172747,152,0.991574466228485,0.986301369863014
"early_cap20","1212","Erich Grohs Marín",78,TRUE,-0.991832733154297,-0.991832733154297,-2.34345544123557,5,0.969194114208221,0.987179487179487
"early_cap20","1213","Irací Hassler Jacob",73,TRUE,1,1,1.36592612172747,153,0.991574466228485,0.986301369863014
"early_cap20","1214","Constanza Hube Portus",74,TRUE,-0.311897605657578,-0.311897605657578,-1.07721516715735,12,0.973763048648834,0.986486486486487
"early_cap20","1215","Álvaro Jofré Cáceres",78,TRUE,-0.991840958595276,-0.991840958595276,-2.34347075943905,3,0.969194114208221,0.987179487179487
"early_cap20","1216","Stephanie Jéldrez Ortiz",77,TRUE,-0.1364786028862,-0.1364786028862,-0.750533110053565,46,0.963197529315948,0.987012987012987
"early_cap20","1217","Pier Karlezi Hazleby",76,TRUE,-0.995897710323334,-0.995897710323334,-2.35102563079702,2,0.968429863452911,0.986842105263158
"early_cap20","1218","José Antonio Kast Adriasola",77,TRUE,-0.12875397503376,-0.12875397503376,-0.736147568707824,52,0.965585649013519,0.987012987012987
"early_cap20","1219","Tomás Kast Sommerhoff",71,TRUE,-0.0914275348186493,-0.0914275348186493,-0.666634699057514,67,0.942640364170074,0.971830985915493
"early_cap20","1220","Leandro Kunstmann Collado",77,TRUE,-0.135740846395493,-0.135740846395493,-0.749159189302572,49,0.963403046131134,0.987012987012987
"early_cap20","1221","Benjamín Lorca Inzunza",78,TRUE,-0.136532932519913,-0.136532932519913,-0.750634287897598,34,0.963613629341125,0.987179487179487
"early_cap20","1222","Andrea Macías Palma",69,TRUE,0.975334644317627,0.975334644317627,1.31999193554345,139,0.93496710062027,0.971014492753623
"early_cap20","1223","Hans Marowski Cuevas",78,TRUE,-0.991293251514435,-0.991293251514435,-2.3424507668896,6,0.969194114208221,0.987179487179487
"early_cap20","1224","Cristian Mella Andaur",70,TRUE,0.647845089435577,0.647845089435577,0.710109540941627,100,0.849239766597748,0.914285714285714
"early_cap20","1225","Cristian Menchaca Pinochet",78,TRUE,-0.136532932519913,-0.136532932519913,-0.750634287897598,35,0.963613629341125,0.987179487179487
"early_cap20","1226","José Montalva Feuerhake",71,TRUE,0.678620636463165,0.678620636463165,0.767422710282636,106,0.900764226913452,0.943661971830986
"early_cap20","1227","Claudia Mora Vega",73,TRUE,-0.283967852592468,-0.283967852592468,-1.02520170771703,16,0.944807887077332,0.972602739726027
"early_cap20","1228","Paulina Muñoz Minte",78,TRUE,-0.991840839385986,-0.991840839385986,-2.3434705374361,4,0.969194114208221,0.987179487179487
"early_cap20","1229","Javier Muñoz Riquelme",77,TRUE,0.615959286689758,0.615959286689758,0.650728747134553,96,0.773163020610809,0.857142857142857
"early_cap20","1230","Alex Nahuelquin Nahuelquin",73,TRUE,0.469610631465912,0.469610631465912,0.378184273687687,80,0.817972540855408,0.904109589041096
"early_cap20","1231","Ximena Naranjo Pinto",75,TRUE,-0.0644501373171806,-0.0644501373171806,-0.616394807302045,70,0.950893819332123,0.986666666666667
"early_cap20","1232","Cristian Neira Martínez",78,TRUE,-0.136532932519913,-0.136532932519913,-0.750634287897598,36,0.963613629341125,0.987179487179487
"early_cap20","1233","Ricardo Neumann Bertín",72,TRUE,-0.190946996212006,-0.190946996212006,-0.851969365520158,22,0.980104506015778,0.986111111111111
"early_cap20","1234","Mario Olavarría Rodríguez",60,TRUE,-0.577751398086548,-0.577751398086548,-1.57231354548259,7,0.991687059402466,1
"early_cap20","1235","Javier Olivares Avendaño",78,TRUE,0.299885600805283,0.299885600805283,0.0621060764442521,78,0.782360315322876,0.897435897435897
"early_cap20","1236","Paula Olmos Contreras",69,TRUE,0.519069373607635,0.519069373607635,0.470291077223002,86,0.802078247070312,0.942028985507246
"early_cap20","1237","Francisco Orrego Gutiérrez",75,TRUE,-0.119327209889889,-0.119327209889889,-0.718592144378752,59,0.975467920303345,1
"early_cap20","1238","Álvaro Ortiz Vera",74,TRUE,0.634918034076691,0.634918034076691,0.68603554114561,98,0.823168277740479,0.891891891891892
"early_cap20","1239","Fabián Ossandón Briceño",75,TRUE,0.567700624465942,0.567700624465942,0.56085684728742,92,0.866651296615601,0.933333333333333
"early_cap20","1240","Zandra Parisi Fernández",67,TRUE,0.480105668306351,0.480105668306351,0.397729135819203,82,0.846625447273254,0.955223880597015
"early_cap20","1241","Patricio Pinilla Valencia",74,TRUE,0.667055487632751,0.667055487632751,0.74588498317815,103,0.85362982749939,0.932432432432432
"early_cap20","1242","Rodrigo Ramírez Parra",74,TRUE,-0.284625709056854,-0.284625709056854,-1.02642683099142,14,0.945118844509125,0.972972972972973
"early_cap20","1243","Tamara Ramírez Ramírez",75,TRUE,0.553707003593445,0.553707003593445,0.534796587106167,90,0.871561646461487,0.96
"early_cap20","1244","Claudia Reyes Larenas",77,TRUE,-0.135695278644562,-0.135695278644562,-0.749074328675294,50,0.964128613471985,0.987012987012987
"early_cap20","1245","Alejandro Riquelme Ducci",78,TRUE,-0.136532932519913,-0.136532932519913,-0.750634287897598,37,0.963613629341125,0.987179487179487
"early_cap20","1246","José Antonio Rivas Villalobos",73,TRUE,0.727893769741058,0.727893769741058,0.859183855226265,120,0.873230695724487,0.958904109589041
"early_cap20","1247","Javiera Rodríguez Pascual",78,TRUE,-0.136532932519913,-0.136532932519913,-0.750634287897598,38,0.963613629341125,0.987179487179487
"early_cap20","1248","Felipe Ross Correa",72,TRUE,-0.576214075088501,-0.576214075088501,-1.56945059545152,8,0.992879509925842,1
"early_cap20","1249","Omar Sabat Guzmán",73,TRUE,-0.252812683582306,-0.252812683582306,-0.967181569984743,17,0.977049231529236,0.986301369863014
"early_cap20","1250","Bernardo Salinas Maya",74,TRUE,1,1,1.36592612172747,154,0.895118176937103,0.972972972972973
"early_cap20","1251","Macarena Santelices Cañas",78,TRUE,-0.136526182293892,-0.136526182293892,-0.750621716980608,44,0.963613629341125,0.987179487179487
"early_cap20","1252","Constanza Schonhaut Soto",73,TRUE,0.955303132534027,0.955303132534027,1.28268733699381,133,0.977560460567474,1
"early_cap20","1253","Fernando Ugarte Tejeda",78,TRUE,-0.136532932519913,-0.136532932519913,-0.750634287897598,39,0.963613629341125,0.987179487179487
"early_cap20","1254","Ignacio Urcullú Clèment-Lund",78,TRUE,-0.136526182293892,-0.136526182293892,-0.750621716980608,45,0.963613629341125,0.987179487179487
"early_cap20","1255","Eileen Urqueta Rojas",75,TRUE,0.553707003593445,0.553707003593445,0.534796587106167,91,0.871561646461487,0.96
"early_cap20","1256","Tatiana Urrutia Herrera",73,TRUE,0.955303132534027,0.955303132534027,1.28268733699381,134,0.977560460567474,1
"early_cap20","1257","Alejandra Valdebenito Torres",77,TRUE,-0.1123036891222,-0.1123036891222,-0.705512271752352,62,0.896361231803894,0.961038961038961
"early_cap20","1258","Guillermo Valdés Carmona",76,TRUE,0.531940877437592,0.531940877437592,0.494261623644757,87,0.839113175868988,0.960526315789474
"early_cap20","1259","Juan Marcelo Valenzuela Henríquez",73,TRUE,0.426993280649185,0.426993280649185,0.298818163898162,79,0.821526288986206,0.931506849315068
"early_cap20","1260","César Valenzuela Maass",71,TRUE,0.717882215976715,0.717882215976715,0.840539381555397,119,0.95290744304657,1
"early_cap20","1261","Daniel Valenzuela Salazar",71,TRUE,-0.181742787361145,-0.181742787361145,-0.834828406821796,24,0.959723591804504,0.971830985915493
"early_cap20","1262","Diego Vergara Rodríguez",78,TRUE,-0.136532932519913,-0.136532932519913,-0.750634287897598,40,0.963613629341125,0.987179487179487
"early_cap20","1263","Sebastián Zamora Soto",78,TRUE,-0.136532932519913,-0.136532932519913,-0.750634287897598,41,0.963613629341125,0.987179487179487
"early_cap20","1264","Fernando Zamorano Peralta",71,TRUE,0.68630063533783,0.68630063533783,0.781725139274323,109,0.929268777370453,0.971830985915493
"late_cap20","803","René Alinco Bustos",77,TRUE,0.56969827413559,0.56969827413559,0.813985530868244,112,0.576523959636688,0.857142857142857
"late_cap20","815","Sergio Bobadilla Muñoz",108,TRUE,-0.419339418411255,-0.419339418411255,-0.611806349050518,49,0.930240511894226,0.972222222222222
"late_cap20","843","René Manuel García García",105,TRUE,-0.457198768854141,-0.457198768854141,-0.666384202702854,39,0.928816378116608,0.971428571428571
"late_cap20","872","Jaime Mulet Martínez",97,TRUE,0.402149081230164,0.402149081230164,0.572447437293329,91,0.638627886772156,0.824742268041237
"late_cap20","915","Germán Verdugo Soto",99,TRUE,-0.384997457265854,-0.384997457265854,-0.562299146533785,54,0.879546582698822,0.939393939393939
"late_cap20","986","Marcela Hernando Pérez",93,TRUE,0.509976804256439,0.509976804256439,0.727891353212348,108,0.820844054222107,0.946236559139785
"late_cap20","1009","Jorge Alessandri Vergara",103,TRUE,-0.459891885519028,-0.459891885519028,-0.670266586459717,37,0.947604954242706,0.980582524271845
"late_cap20","1012","Boris Barrera Moreno",110,TRUE,0.960234224796295,0.960234224796295,1.37698023922413,142,0.930355608463287,0.981818181818182
"late_cap20","1013","Alejandro Bernales Maldonado",99,TRUE,0.476193100214005,0.476193100214005,0.679188931393374,101,0.813008248806,0.95959595959596
"late_cap20","1015","Jorge Brito Hasbún",83,TRUE,0.924625992774963,0.924625992774963,1.32564758683194,138,0.969818890094757,1
"late_cap20","1017","Álvaro Carter Fernández",94,TRUE,-0.912577509880066,-0.912577509880066,-1.322855959174,30,0.983576714992523,0.98936170212766
"late_cap20","1021","Andrés Celis Montt",89,TRUE,-0.30492502450943,-0.30492502450943,-0.446867120747727,72,0.897071003913879,0.955056179775281
"late_cap20","1025","Catalina Del Real Mihovilovic",73,TRUE,-0.941021203994751,-0.941021203994751,-1.36386024890858,26,0.978788435459137,0.986301369863014
"late_cap20","1028","Eduardo Durán Salinas",104,TRUE,-0.321704596281052,-0.321704596281052,-0.471056469000862,69,0.928334951400757,0.980769230769231
"late_cap20","1038","Marcos Ilabaca Cerda",106,TRUE,0.697600960731506,0.697600960731506,0.998369415671113,116,0.840846121311188,0.943396226415094
"late_cap20","1039","Pamela Jiles Moreno",103,TRUE,0.272308111190796,0.272308111190796,0.385269332598257,90,0.684227526187897,0.83495145631068
"late_cap20","1044","Raúl Leiva Carvajal",79,TRUE,0.640339136123657,0.640339136123657,0.915821050557782,115,0.881280541419983,0.936708860759494
"late_cap20","1054","Francesca Muñoz González",106,TRUE,-0.352993667125702,-0.352993667125702,-0.516162639854297,61,0.945244312286377,0.990566037735849
"late_cap20","1056","Emilia Nuyado Ancapichun",111,TRUE,0.822713732719421,0.822713732719421,1.17873137327775,123,0.935360312461853,0.981981981981982
"late_cap20","1059","Ximena Ossandón Irarrázabal",105,TRUE,-0.375968217849731,-0.375968217849731,-0.549282639338595,55,0.903408050537109,0.961904761904762
"late_cap20","1060","Luis Pardo Sáinz",103,TRUE,-0.341215759515762,-0.341215759515762,-0.499183666090979,65,0.946610510349274,1
"late_cap20","1061","Andrea Parra Sauterel",103,TRUE,0.488718241453171,0.488718241453171,0.697245113486548,103,0.827114164829254,0.932038834951456
"late_cap20","1062","Joanna Pérez Olea",87,TRUE,-0.307075053453445,-0.307075053453445,-0.449966591913557,71,0.870006501674652,0.954022988505747
"late_cap20","1065","Guillermo Ramírez Diez",93,TRUE,-0.421010315418243,-0.421010315418243,-0.614215105969185,48,0.95988517999649,0.978494623655914
"late_cap20","1073","Juan Santana Castillo",102,TRUE,1,1,1.43430638544826,153,0.965165793895721,1
"late_cap20","1074","Marisela Santibáñez Novoa",88,TRUE,0.924102663993835,0.924102663993835,1.3248931586314,137,0.888219237327576,0.988636363636364
"late_cap20","1075","Diego Schalper Sepúlveda",93,TRUE,-0.395481556653976,-0.395481556653976,-0.577412972719068,52,0.957398593425751,0.989247311827957
"late_cap20","1077","Raúl Soto Mardones",87,TRUE,0.496079385280609,0.496079385280609,0.707856902273939,106,0.839176058769226,0.919540229885057
"late_cap20","1082","Cristóbal Urruticoechea Ríos",90,TRUE,-0.454791516065598,-0.454791516065598,-0.662913918906107,41,0.913304507732391,0.977777777777778
"late_cap20","1086","Gonzalo Winter Etcheberry",109,TRUE,0.958853960037231,0.958853960037231,1.37499045632663,141,0.927739322185516,0.990825688073395
"late_cap20","1087","Gael Yeomans Araya",103,TRUE,0.885499656200409,0.885499656200409,1.26924325219499,129,0.952992916107178,0.990291262135922
"late_cap20","1099","Jaime Araya Guerrero",81,TRUE,0.521701753139496,0.521701753139496,0.744793981935098,111,0.834583163261414,0.91358024691358
"late_cap20","1100","Cristián Araya Lerdo de Tejada",107,TRUE,-0.992911279201508,-0.992911279201508,-1.43866472646863,4,0.984232187271118,0.990654205607477
"late_cap20","1102","Roberto Arroyo Muñoz",77,TRUE,-0.308784872293472,-0.308784872293472,-0.452431458355568,70,0.78944206237793,0.922077922077922
"late_cap20","1104","Chiara Barchiesi Chávez",101,TRUE,-0.928880751132965,-0.928880751132965,-1.34635863169084,28,0.995197355747223,1
"late_cap20","1105","Héctor Barría Angulo",95,TRUE,0.519988477230072,0.519988477230072,0.742324131798824,110,0.779899418354034,0.894736842105263
"late_cap20","1107","María Francisca Bello Campos",0,FALSE,NA,NA,NA,NA,NA,NA
"late_cap20","1108","Juan Carlos Beltrán Silva",109,TRUE,-0.360839337110519,-0.360839337110519,-0.527472919170417,58,0.843198299407959,0.935779816513762
"late_cap20","1110","Carlos Bianchi Chelech",104,TRUE,0.451594531536102,0.451594531536102,0.643727755603134,94,0.801470041275024,0.894230769230769
"late_cap20","1114","Félix Bugueño Sotelo",90,TRUE,0.859858751296997,0.859858751296997,1.23227944962149,126,0.957323908805847,1
"late_cap20","1116","Felipe Camaño Cárdenas",97,TRUE,0.452777236700058,0.452777236700058,0.645432737558638,95,0.798554420471191,0.876288659793814
"late_cap20","1117","Nathalie Castillo Rojas",86,TRUE,0.961789965629578,0.961789965629578,1.37922298756837,148,0.922431528568268,0.976744186046512
"late_cap20","1119","Sara Concha Smith",107,TRUE,-0.34724822640419,-0.34724822640419,-0.507880040728887,63,0.949395060539246,1
"late_cap20","1122","Luis Alberto Cuello Peña y Lillo",107,TRUE,0.960384726524353,0.960384726524353,1.37719720177611,147,0.928477585315704,0.981308411214953
"late_cap20","1127","Lorena Fries Monleón",101,TRUE,0.901040554046631,0.901040554046631,1.29164693420102,134,0.961057186126709,0.99009900990099
"late_cap20","1128","Ana María Gazmuri Vieira",98,TRUE,0.985297560691833,0.985297560691833,1.41311142115261,152,0.941114008426666,0.979591836734694
"late_cap20","1131","Mauro González Villarroel",101,TRUE,-0.36178857088089,-0.36178857088089,-0.528841329911623,57,0.908586502075195,0.96039603960396
"late_cap20","1132","Jorge Guzmán Zepeda",109,TRUE,-0.333836674690247,-0.333836674690247,-0.488546013648877,66,0.923028647899628,0.981651376146789
"late_cap20","1133","Juan Irarrázaval Rossel",106,TRUE,-0.962202906608582,-0.962202906608582,-1.39439568736278,20,0.984131097793579,0.990566037735849
"late_cap20","1140","Daniel Lilayu Vivanco",108,TRUE,-0.429085403680801,-0.429085403680801,-0.625856113547707,44,0.944571375846863,0.981481481481482
"late_cap20","1141","Luis Malla Valenzuela",103,TRUE,0.518315434455872,0.518315434455872,0.739912281552684,109,0.822209894657135,0.941747572815534
"late_cap20","1142","Daniel Manouchehri Lobos",92,TRUE,0.758611798286438,0.758611798286438,1.08632233943569,117,0.935299694538116,0.989130434782609
"late_cap20","1143","Cristóbal Martínez Ramírez",107,TRUE,-0.352875649929047,-0.352875649929047,-0.51599250684324,62,0.906248509883881,0.981308411214953
"late_cap20","1146","José Carlos Meza Pereira",95,TRUE,-1,-1,-1.4488837915555,1,0.897221922874451,0.978947368421053
"late_cap20","1148","Javiera Morales Alvarado",12,FALSE,NA,NA,NA,NA,NA,NA
"late_cap20","1150","Benjamín Moreno Bascur",109,TRUE,-0.982294619083405,-0.982294619083405,-1.42335980138608,10,0.984373211860657,0.990825688073395
"late_cap20","1152","Gloria Naveillan Arriagada",94,TRUE,-0.456800162792206,-0.456800162792206,-0.665809574161721,40,0.965700805187225,0.98936170212766
"late_cap20","1153","Coca Ericka Ñanco Vásquez",30,TRUE,0.853945255279541,0.853945255279541,1.22375458280685,125,0.979550898075104,1
"late_cap20","1157","Marlene Pérez Cartes",68,TRUE,-0.295224636793137,-0.295224636793137,-0.432883089459355,75,0.871077299118042,0.970588235294118
"late_cap20","1159","Lorena Pizarro Sierra",101,TRUE,0.953716814517975,0.953716814517975,1.36758477257715,140,0.92576140165329,0.98019801980198
"late_cap20","1165","Agustín Romero Leiva",108,TRUE,-0.982293784618378,-0.982293784618378,-1.42335859842539,11,0.984229683876038,0.990740740740741
"late_cap20","1166","Natalia Romero Talguia",104,TRUE,-0.220699444413185,-0.220699444413185,-0.325447938154759,76,0.748018860816956,0.913461538461538
"late_cap20","1170","Luis Sánchez Ossa",97,TRUE,-0.945752084255219,-0.945752084255219,-1.37068026265636,24,0.983819007873535,0.989690721649485
"late_cap20","1171","Emilia Schneider Videla",111,TRUE,0.897192060947418,0.897192060947418,1.28609896545106,131,0.953569173812866,0.990990990990991
"late_cap20","1172","Stephan Schubert Rubio",97,TRUE,-0.943852365016937,-0.943852365016937,-1.36794163673292,25,0.98381906747818,0.989690721649485
"late_cap20","1173","Daniela Serrano Salazar",110,TRUE,0.960234224796295,0.960234224796295,1.37698023922413,143,0.930355608463287,0.981818181818182
"late_cap20","1174","Marco Antonio Sulantay Olivares",106,TRUE,-0.404629558324814,-0.404629558324814,-0.590600686997354,50,0.938181757926941,0.981132075471698
"late_cap20","1175","Cristián Tapia Ramos",93,TRUE,0.418996900320053,0.418996900320053,0.596735170545281,93,0.668578386306763,0.838709677419355
"late_cap20","1176","Hotuiti Teao Drago",93,TRUE,-0.347233235836029,-0.347233235836029,-0.507858430399452,64,0.895130515098572,0.956989247311828
"late_cap20","1177","Carolina Tello Rojas",106,TRUE,0.87480503320694,0.87480503320694,1.25382593621423,127,0.936886429786682,0.990566037735849
"late_cap20","1178","Héctor Ulloa Aguilera",93,TRUE,0.463569492101669,0.463569492101669,0.660990799939459,99,0.815296471118927,0.913978494623656
"late_cap20","1180","Consuelo Veloso Ávila",108,TRUE,0.951404571533203,0.951404571533203,1.36425145444688,139,0.96158492565155,1
"late_cap20","1181","Nelson Venegas Salazar",106,TRUE,0.795732378959656,0.795732378959656,1.13983518621654,122,0.891582369804382,0.943396226415094
"late_cap20","1182","Sebastián Videla Castillo",104,TRUE,0.490094482898712,0.490094482898712,0.699229096395033,104,0.831733047962189,0.942307692307692
"late_cap20","1183","Flor Weisse Novoa",97,TRUE,-0.333713114261627,-0.333713114261627,-0.488367889541846,67,0.889291524887085,0.958762886597938
"late_cap20","1184","Roberto Celedón Fernández",110,TRUE,0.887909770011902,0.887909770011902,1.27271766042837,130,0.937197268009186,0.981818181818182
"late_cap20","1186","Ignacio Achurra Díaz",111,TRUE,0.897257626056671,0.897257626056671,1.28619348379053,132,0.953582882881165,0.990990990990991
"late_cap20","1187","Carlo Arqueros Pizarro",106,TRUE,-0.961983680725098,-0.961983680725098,-1.39407965240588,23,0.984131097793579,0.990566037735849
"late_cap20","1188","Marcos Barraza Gómez",110,TRUE,0.960234224796295,0.960234224796295,1.37698023922413,144,0.930355608463287,0.981818181818182
"late_cap20","1189","Jaime Bassa Mercado",103,TRUE,0.96808135509491,0.96808135509491,1.38829262372145,150,0.903520345687866,0.990291262135922
"late_cap20","1190","Enrique Bassaletti Riess",109,TRUE,-0.982297539710999,-0.982297539710999,-1.42336401174847,6,0.984373211860657,0.990825688073395
"late_cap20","1191","Valentina Becerra Peña",102,TRUE,-1,-1,-1.4488837915555,2,0.983611941337585,0.990196078431373
"late_cap20","1192","Lilian Betancurt Delgado",31,TRUE,0.0341108739376068,0.0341108739376068,0.0418853652793424,80,0.810656309127808,0.935483870967742
"late_cap20","1193","Patricio Briones Moller",106,TRUE,0.169963806867599,0.169963806867599,0.237730286149795,85,0.767105221748352,0.877358490566038
"late_cap20","1194","Daniel Bustos Leal",109,TRUE,-0.982296884059906,-0.982296884059906,-1.42336306656508,7,0.984373211860657,0.990825688073395
"late_cap20","1195","Carlos Carvajal Gallardo",100,TRUE,0.403713047504425,0.403713047504425,0.574702043392886,92,0.801508367061615,0.91
"late_cap20","1196","Priscilla Castillo Gerli",105,TRUE,0.457491904497147,0.457491904497147,0.652229379498839,97,0.799152672290802,0.923809523809524
"late_cap20","1197","Carlos Chandía Alarcón",105,TRUE,-0.301120281219482,-0.301120281219482,-0.441382221507929,74,0.794764816761017,0.914285714285714
"late_cap20","1198","Paz Charpentier Rajcevich",108,TRUE,-0.982180535793304,-0.982180535793304,-1.42319533947539,15,0.984230101108551,0.990740740740741
"late_cap20","1199","Jaime Coloma Álamos",109,TRUE,-0.388446927070618,-0.388446927070618,-0.567271885262268,53,0.916543126106262,0.972477064220184
"late_cap20","1200","Cristian Contreras Radovic",105,TRUE,-0.10337145626545,-0.10337145626545,-0.156308486697177,77,0.675562918186188,0.819047619047619
"late_cap20","1201","Flor Contreras Vivallo",105,TRUE,0.160539582371712,0.160539582371712,0.224144370403584,84,0.748608648777008,0.828571428571429
"late_cap20","1202","Eduardo Cretton Rebolledo",109,TRUE,-0.426740378141403,-0.426740378141403,-0.6224755362477,45,0.930727243423462,0.981651376146789
"late_cap20","1203","Sebastián Cristoffanini Jaraquemada",106,TRUE,-0.962202906608582,-0.962202906608582,-1.39439568736278,21,0.984131097793579,0.990566037735849
"late_cap20","1204","Francisco Crisóstomo Llanos",108,TRUE,0.761443674564362,0.761443674564362,1.09040475836919,118,0.90877765417099,0.981481481481482
"late_cap20","1205","Carlos Cuadrado Prats",90,TRUE,0.583516836166382,0.583516836166382,0.833906302021993,113,0.833850622177124,0.9
"late_cap20","1206","Carolina Cucumides Calderón",109,TRUE,0.762478411197662,0.762478411197662,1.09189642961765,119,0.911376178264618,0.981651376146789
"late_cap20","1207","Valentina Cáceres Monsálvez",95,TRUE,0.884852826595306,0.884852826595306,1.26831078581318,128,0.942256331443787,0.989473684210526
"late_cap20","1208","Jorge Díaz Ibarra",96,TRUE,0.458619803190231,0.458619803190231,0.653855352715117,98,0.814510881900787,0.9375
"late_cap20","1209","Matías Fernández Hartwig",112,TRUE,0.90045577287674,0.90045577287674,1.29080391653865,133,0.932330429553986,0.991071428571429
"late_cap20","1210","Gustavo Gatica Villarroel",109,TRUE,0.960286498069763,0.960286498069763,1.37705559611842,146,0.929742634296417,0.981651376146789
"late_cap20","1211","Sofía González Cortés",109,TRUE,0.976599752902985,0.976599752902985,1.40057270416347,151,0.945244550704956,0.990825688073395
"late_cap20","1212","Erich Grohs Marín",103,TRUE,-0.463552355766296,-0.463552355766296,-0.675543502389787,36,0.954416453838348,0.980582524271845
"late_cap20","1213","Irací Hassler Jacob",110,TRUE,0.960234224796295,0.960234224796295,1.37698023922413,145,0.930355608463287,0.981818181818182
"late_cap20","1214","Constanza Hube Portus",109,TRUE,-0.450321853160858,-0.450321853160858,-0.656470474815376,42,0.940298795700073,0.981651376146789
"late_cap20","1215","Álvaro Jofré Cáceres",113,TRUE,-0.479083597660065,-0.479083597660065,-0.697933264422178,35,0.919710576534271,0.964601769911504
"late_cap20","1216","Stephanie Jéldrez Ortiz",108,TRUE,-0.982180535793304,-0.982180535793304,-1.42319533947539,16,0.984230101108551,0.990740740740741
"late_cap20","1217","Pier Karlezi Hazleby",98,TRUE,-0.501691818237305,-0.501691818237305,-0.730525164166094,32,0.916898965835571,0.959183673469388
"late_cap20","1218","José Antonio Kast Adriasola",109,TRUE,-0.982293665409088,-0.982293665409088,-1.42335842657387,12,0.984373211860657,0.990825688073395
"late_cap20","1219","Tomás Kast Sommerhoff",107,TRUE,-0.424095869064331,-0.424095869064331,-0.618663224950694,47,0.914700031280518,0.953271028037383
"late_cap20","1220","Leandro Kunstmann Collado",109,TRUE,-0.982293665409088,-0.982293665409088,-1.42335842657387,13,0.984373211860657,0.990825688073395
"late_cap20","1221","Benjamín Lorca Inzunza",109,TRUE,-0.982293665409088,-0.982293665409088,-1.42335842657387,14,0.984373211860657,0.990825688073395
"late_cap20","1222","Andrea Macías Palma",101,TRUE,0.84924441576004,0.84924441576004,1.2169778756437,124,0.940189957618713,0.98019801980198
"late_cap20","1223","Hans Marowski Cuevas",95,TRUE,-0.480002582073212,-0.480002582073212,-0.69925806783858,34,0.920445322990417,0.968421052631579
"late_cap20","1224","Cristian Mella Andaur",107,TRUE,0.457102179527283,0.457102179527283,0.651667553896417,96,0.837622284889221,0.934579439252336
"late_cap20","1225","Cristian Menchaca Pinochet",99,TRUE,-0.996661365032196,-0.996661365032196,-1.44407083178361,3,0.983357191085815,0.98989898989899
"late_cap20","1226","José Montalva Feuerhake",109,TRUE,0.469127804040909,0.469127804040909,0.669003635131428,100,0.828549742698669,0.926605504587156
"late_cap20","1227","Claudia Mora Vega",109,TRUE,-0.303925186395645,-0.303925186395645,-0.445425759033598,73,0.918811619281769,0.972477064220184
"late_cap20","1228","Paulina Muñoz Minte",112,TRUE,-0.488275021314621,-0.488275021314621,-0.711183575618926,33,0.93928849697113,0.964285714285714
"late_cap20","1229","Javier Muñoz Riquelme",92,TRUE,0.480701893568039,0.480701893568039,0.685688785747619,102,0.873262763023376,0.956521739130435
"late_cap20","1230","Alex Nahuelquin Nahuelquin",103,TRUE,0.157580763101578,0.157580763101578,0.219878951075994,82,0.756036758422852,0.815533980582524
"late_cap20","1231","Ximena Naranjo Pinto",103,TRUE,-0.322617053985596,-0.322617053985596,-0.472371863546198,68,0.902667164802551,0.970873786407767
"late_cap20","1232","Cristian Neira Martínez",105,TRUE,-0.962142646312714,-0.962142646312714,-1.39430881641623,22,0.983981192111969,0.990476190476191
"late_cap20","1233","Ricardo Neumann Bertín",108,TRUE,-0.426043599843979,-0.426043599843979,-0.621471064076358,46,0.93070912361145,0.972222222222222
"late_cap20","1234","Mario Olavarría Rodríguez",79,TRUE,-0.360074639320374,-0.360074639320374,-0.526370534591954,59,0.922527551651001,0.974683544303797
"late_cap20","1235","Javier Olivares Avendaño",108,TRUE,-0.0375194177031517,-0.0375194177031517,-0.0613765113379322,78,0.739190995693207,0.861111111111111
"late_cap20","1236","Paula Olmos Contreras",83,TRUE,0.186168923974037,0.186168923974037,0.261091503379033,86,0.759003281593323,0.891566265060241
"late_cap20","1237","Francisco Orrego Gutiérrez",102,TRUE,-0.438600718975067,-0.438600718975067,-0.639573345341468,43,0.951146483421326,0.970588235294118
"late_cap20","1238","Álvaro Ortiz Vera",107,TRUE,0.500031113624573,0.500031113624573,0.713553694445691,107,0.817846834659576,0.906542056074766
"late_cap20","1239","Fabián Ossandón Briceño",94,TRUE,0.265555500984192,0.265555500984192,0.375534802889849,89,0.802105367183685,0.904255319148936
"late_cap20","1240","Zandra Parisi Fernández",64,TRUE,0.0749692916870117,0.0749692916870117,0.100786659630842,81,0.77243173122406,0.90625
"late_cap20","1241","Patricio Pinilla Valencia",98,TRUE,0.587397456169128,0.587397456169128,0.839500584758295,114,0.820665597915649,0.918367346938776
"late_cap20","1242","Rodrigo Ramírez Parra",107,TRUE,-0.360045045614243,-0.360045045614243,-0.526327872450545,60,0.934108018875122,0.981308411214953
"late_cap20","1243","Tamara Ramírez Ramírez",103,TRUE,0.258171230554581,0.258171230554581,0.364889674906351,88,0.765040040016174,0.87378640776699
"late_cap20","1244","Claudia Reyes Larenas",100,TRUE,-0.928918659687042,-0.928918659687042,-1.34641328047621,27,0.995155096054077,1
"late_cap20","1245","Alejandro Riquelme Ducci",100,TRUE,-0.985225081443787,-0.985225081443787,-1.42758434153184,5,0.983362019062042,0.99
"late_cap20","1246","José Antonio Rivas Villalobos",106,TRUE,0.795090138912201,0.795090138912201,1.13890933611849,121,0.899619221687317,0.971698113207547
"late_cap20","1247","Javiera Rodríguez Pascual",109,TRUE,-0.982296884059906,-0.982296884059906,-1.42336306656508,8,0.984373211860657,0.990825688073395
"late_cap20","1248","Felipe Ross Correa",109,TRUE,-0.982296884059906,-0.982296884059906,-1.42336306656508,9,0.984373211860657,0.990825688073395
"late_cap20","1249","Omar Sabat Guzmán",104,TRUE,-0.401429623365402,-0.401429623365402,-0.585987676476341,51,0.925065875053406,0.961538461538462
"late_cap20","1250","Bernardo Salinas Maya",75,TRUE,0.963675975799561,0.963675975799561,1.38194185056628,149,0.925025939941406,0.986666666666667
"late_cap20","1251","Macarena Santelices Cañas",103,TRUE,-0.889696717262268,-0.889696717262268,-1.28987112091515,31,0.985219776630402,0.990291262135922
"late_cap20","1252","Constanza Schonhaut Soto",105,TRUE,0.901090383529663,0.901090383529663,1.29171876813902,136,0.962415754795074,0.990476190476191
"late_cap20","1253","Fernando Ugarte Tejeda",109,TRUE,-0.981267213821411,-0.981267213821411,-1.42187869900649,18,0.984373211860657,0.990825688073395
"late_cap20","1254","Ignacio Urcullú Clèment-Lund",109,TRUE,-0.981267213821411,-0.981267213821411,-1.42187869900649,19,0.984373211860657,0.990825688073395
"late_cap20","1255","Eileen Urqueta Rojas",107,TRUE,0.212011069059372,0.212011069059372,0.298345412810405,87,0.782840251922607,0.906542056074766
"late_cap20","1256","Tatiana Urrutia Herrera",101,TRUE,0.901083409786224,0.901083409786224,1.29170871482473,135,0.961042284965515,0.99009900990099
"late_cap20","1257","Alejandra Valdebenito Torres",106,TRUE,-0.372023433446884,-0.372023433446884,-0.543595857518252,56,0.883536398410797,0.943396226415094
"late_cap20","1258","Guillermo Valdés Carmona",105,TRUE,0.157742574810982,0.157742574810982,0.220112218041533,83,0.740156173706055,0.838095238095238
"late_cap20","1259","Juan Marcelo Valenzuela Henríquez",102,TRUE,0.0316587388515472,0.0316587388515472,0.0383503793829358,79,0.756697535514832,0.872549019607843
"late_cap20","1260","César Valenzuela Maass",110,TRUE,0.789231717586517,0.789231717586517,1.13046386470901,120,0.922587990760803,0.972727272727273
"late_cap20","1261","Daniel Valenzuela Salazar",95,TRUE,-0.458999514579773,-0.458999514579773,-0.668980148896565,38,0.943284332752228,0.968421052631579
"late_cap20","1262","Diego Vergara Rodríguez",108,TRUE,-0.982180535793304,-0.982180535793304,-1.42319533947539,17,0.984230101108551,0.990740740740741
"late_cap20","1263","Sebastián Zamora Soto",96,TRUE,-0.925438761711121,-0.925438761711121,-1.34139667664563,29,0.983783185482025,0.989583333333333
"late_cap20","1264","Fernando Zamorano Peralta",102,TRUE,0.494531959295273,0.494531959295273,0.705626140573658,105,0.813477098941803,0.931372549019608
