"diputado_id","diputado_nombre","dimension_1_z_early","rank_aligned_early","binary_votes_selected_early","dimension_1_z_late","rank_aligned_late","binary_votes_selected_late","comparison","delta_z_late_minus_early","abs_delta_z","rank_change_late_minus_early","abs_rank_change"
"1234","Mario Olavarría Rodríguez",-1.68455043013152,2,120,-0.571632608259318,58,103,"raw_halves",1.1129178218722,1.1129178218722,56,56
"1082","Cristóbal Urruticoechea Ríos",-1.30002942951639,8,127,-0.700994824052367,40,112,"raw_halves",0.599034605464023,0.599034605464023,32,32
"1212","Erich Grohs Marín",-1.30104617789493,3,138,-0.706929860324515,36,126,"raw_halves",0.594116317570411,0.594116317570411,33,33
"1215","Álvaro Jofré Cáceres",-1.30104617789493,4,138,-0.718754503119921,35,137,"raw_halves",0.582291674775006,0.582291674775006,31,31
"1228","Paulina Muñoz Minte",-1.30104617789493,6,138,-0.731023049882354,34,136,"raw_halves",0.570023128012572,0.570023128012572,28,28
"1223","Hans Marowski Cuevas",-1.30104617789493,5,138,-0.731850675971937,33,118,"raw_halves",0.569195501922989,0.569195501922989,28,28
"1217","Pier Karlezi Hazleby",-1.30023785721081,7,136,-0.752513835669748,32,122,"raw_halves",0.547724021541066,0.547724021541066,25,25
"915","Germán Verdugo Soto",-1.09934019857372,12,134,-0.601213996466906,54,123,"raw_halves",0.498126202106817,0.498126202106817,42,42
"1202","Eduardo Cretton Rebolledo",-1.15914417067113,10,133,-0.66334383001517,45,133,"raw_halves",0.495800340655961,0.495800340655961,35,35
"1021","Andrés Celis Montt",-0.984415790124434,16,128,-0.489906669290481,73,113,"raw_halves",0.494509120833953,0.494509120833953,57,57
"1140","Daniel Lilayu Vivanco",-1.15702555466591,11,132,-0.668314615676161,44,132,"raw_halves",0.488710938989751,0.488710938989751,33,33
"1146","José Carlos Meza Pereira",-0.891484717776077,50,130,-1.37890583506407,2,119,"raw_halves",-0.487421117287989,0.487421117287989,-48,48
"1218","José Antonio Kast Adriasola",-0.914258799254571,48,137,-1.37889594445453,12,133,"raw_halves",-0.464637145199958,0.464637145199958,-36,36
"1214","Constanza Hube Portus",-1.16018787000965,9,131,-0.697317696591358,41,133,"raw_halves",0.462870173418297,0.462870173418297,32,32
"1220","Leandro Kunstmann Collado",-0.919125788831982,46,137,-1.37889594445453,13,133,"raw_halves",-0.459770155622547,0.459770155622547,-33,33
"1245","Alejandro Riquelme Ducci",-0.920575625610012,39,138,-1.37890583506407,8,124,"raw_halves",-0.458330209454053,0.458330209454053,-31,31
"1221","Benjamín Lorca Inzunza",-0.920575625610012,37,138,-1.37890583506407,6,130,"raw_halves",-0.458330209454053,0.458330209454053,-31,31
"1225","Cristian Menchaca Pinochet",-0.920575625610012,38,138,-1.37890583506407,7,122,"raw_halves",-0.458330209454053,0.458330209454053,-31,31
"1190","Enrique Bassaletti Riess",-0.920575625610012,32,138,-1.37890583506407,4,133,"raw_halves",-0.458330209454053,0.458330209454053,-28,28
"1191","Valentina Becerra Peña",-0.920575625610012,33,138,-1.37890583506407,5,126,"raw_halves",-0.458330209454053,0.458330209454053,-28,28
"1100","Cristián Araya Lerdo de Tejada",-0.920575625610012,27,138,-1.37890583506407,1,130,"raw_halves",-0.458330209454053,0.458330209454053,-26,26
"1150","Benjamín Moreno Bascur",-0.920575625610012,28,138,-1.37890583506407,3,133,"raw_halves",-0.458330209454053,0.458330209454053,-25,25
"1165","Agustín Romero Leiva",-0.920575625610012,29,138,-1.37890415868957,10,132,"raw_halves",-0.458328533079555,0.458328533079555,-19,19
"1254","Ignacio Urcullú Clèment-Lund",-0.920575625610012,43,138,-1.37889594445453,15,133,"raw_halves",-0.458320318844516,0.458320318844516,-28,28
"1247","Javiera Rodríguez Pascual",-0.920575625610012,40,138,-1.37889594445453,14,133,"raw_halves",-0.458320318844516,0.458320318844516,-26,26
"1194","Daniel Bustos Leal",-0.920575625610012,34,138,-1.37889594445453,11,133,"raw_halves",-0.458320318844516,0.458320318844516,-23,23
"1253","Fernando Ugarte Tejeda",-0.920575625610012,42,138,-1.37883282895468,16,133,"raw_halves",-0.458257203344672,0.458257203344672,-26,26
"1198","Paz Charpentier Rajcevich",-0.920575625610012,35,138,-1.37863417857669,17,132,"raw_halves",-0.458058552966678,0.458058552966678,-18,18
"1216","Stephanie Jéldrez Ortiz",-0.920632441147284,26,137,-1.37863417857669,18,132,"raw_halves",-0.458001737429407,0.458001737429407,-8,8
"1262","Diego Vergara Rodríguez",-0.920575625610012,44,138,-1.37817418141448,19,132,"raw_halves",-0.457598555804472,0.457598555804472,-25,25
"1227","Claudia Mora Vega",-0.942865006039768,20,130,-0.490512301487188,72,133,"raw_halves",0.452352704552581,0.452352704552581,52,52
"1172","Stephan Schubert Rubio",-0.884170497785566,51,103,-1.32815183694877,24,121,"raw_halves",-0.443981339163208,0.443981339163208,-27,27
"1244","Claudia Reyes Larenas",-0.874406341880179,54,137,-1.30490186376335,28,124,"raw_halves",-0.43049552188317,0.43049552188317,-26,26
"1203","Sebastián Cristoffanini Jaraquemada",-0.920575625610012,36,138,-1.35089294665538,21,130,"raw_halves",-0.430317321045368,0.430317321045368,-15,15
"1187","Carlo Arqueros Pizarro",-0.920575625610012,31,138,-1.35089294665538,20,130,"raw_halves",-0.430317321045368,0.430317321045368,-11,11
"1232","Cristian Neira Martínez",-0.920721410532572,23,137,-1.35075841760193,22,129,"raw_halves",-0.430037007069357,0.430037007069357,-1,1
"1133","Juan Irarrázaval Rossel",-0.920701223327021,25,137,-1.35068046618778,23,130,"raw_halves",-0.429979242860758,0.429979242860758,-2,2
"1249","Omar Sabat Guzmán",-1.05821636348068,13,131,-0.629768605294568,51,128,"raw_halves",0.428447758186111,0.428447758186111,38,38
"1012","Boris Barrera Moreno",1.80502657060544,152,133,1.38002571609267,142,134,"raw_halves",-0.425000854512779,0.425000854512779,-10,10
"1173","Daniela Serrano Salazar",1.80502657060544,153,133,1.38002571609267,143,134,"raw_halves",-0.425000854512779,0.425000854512779,-10,10
"1025","Catalina Del Real Mihovilovic",-0.902169784862514,49,130,-1.32101039776926,26,97,"raw_halves",-0.418840612906742,0.418840612906742,-23,23
"1122","Luis Alberto Cuello Peña y Lillo",1.79697801499859,151,132,1.38008153936344,146,131,"raw_halves",-0.416896475635142,0.416896475635142,-5,5
"1211","Sofía González Cortés",1.80502657060544,154,133,1.39725976793642,151,132,"raw_halves",-0.407766802669022,0.407766802669022,-3,3
"1170","Luis Sánchez Ossa",-0.920575625610012,30,138,-1.32793717719433,25,121,"raw_halves",-0.407361551584313,0.407361551584313,-5,5
"1199","Jaime Coloma Álamos",-1.00463775096717,14,131,-0.610147354256527,53,133,"raw_halves",0.394490396710646,0.394490396710646,39,39
"1104","Chiara Barchiesi Chávez",-0.918043900295328,47,134,-1.30543042464252,27,125,"raw_halves",-0.387386524347188,0.387386524347188,-20,20
"1263","Sebastián Zamora Soto",-0.920575625610012,45,138,-1.30147300736547,29,120,"raw_halves",-0.380897381755456,0.380897381755456,-16,16
"1242","Rodrigo Ramírez Parra",-0.945340332048223,18,132,-0.569457889532634,60,131,"raw_halves",0.375882442515589,0.375882442515589,42,42
"1017","Álvaro Carter Fernández",-0.920701223327021,24,137,-1.28372456000705,30,118,"raw_halves",-0.363023336680029,0.363023336680029,6,6
"1251","Macarena Santelices Cañas",-0.920575625610012,41,138,-1.26808155519919,31,127,"raw_halves",-0.34750592958918,0.34750592958918,-10,10
"1183","Flor Weisse Novoa",-0.87103507855321,56,74,-0.535060109755306,66,119,"raw_halves",0.335974968797905,0.335974968797905,10,10
"1157","Marlene Pérez Cartes",-0.806557820399695,62,128,-0.473504183016377,75,90,"raw_halves",0.333053637383318,0.333053637383318,13,13
"1075","Diego Schalper Sepúlveda",-0.945332111485138,19,131,-0.618614763754473,52,117,"raw_halves",0.326717347730665,0.326717347730665,33,33
"1233","Ricardo Neumann Bertín",-0.982428390955295,17,130,-0.662175732265076,46,132,"raw_halves",0.320252658690219,0.320252658690219,29,29
"1255","Eileen Urqueta Rojas",0.517303406893846,92,133,0.201214256582913,86,130,"raw_halves",-0.316089150310933,0.316089150310933,-6,6
"1152","Gloria Naveillan Arriagada",-0.994892533574209,15,126,-0.679663293842268,42,118,"raw_halves",0.315229239731941,0.315229239731941,27,27
"1248","Felipe Ross Correa",-1.68657248053493,1,132,-1.37890583506407,9,133,"raw_halves",0.30766664547086,0.30766664547086,8,8
"1176","Hotuiti Teao Drago",-0.850509789338409,58,125,-0.54947831344568,64,95,"raw_halves",0.301031475892729,0.301031475892729,6,6
"1060","Luis Pardo Sáinz",-0.838244709215467,60,134,-0.542747795564945,65,127,"raw_halves",0.295496913650522,0.295496913650522,5,5
"1059","Ximena Ossandón Irarrázabal",-0.876093534410071,53,124,-0.591783216454415,55,129,"raw_halves",0.284310317955657,0.284310317955657,2,2
"1065","Guillermo Ramírez Diez",-0.935639027030221,21,132,-0.656690760636235,48,117,"raw_halves",0.278948266393986,0.278948266393986,27,27
"1231","Ximena Naranjo Pinto",-0.789989691732755,64,132,-0.51437528291711,69,126,"raw_halves",0.275614408815644,0.275614408815644,5,5
"1143","Cristóbal Martínez Ramírez",-0.837307044734965,61,136,-0.561954604917758,61,131,"raw_halves",0.275352439817207,0.275352439817207,0,0
"1132","Jorge Guzmán Zepeda",-0.79214961866892,63,127,-0.531891384770128,67,133,"raw_halves",0.260258233898792,0.260258233898792,4,4
"1086","Gonzalo Winter Etcheberry",1.12517039480509,125,95,1.3786041505185,141,133,"raw_halves",0.253433755713409,0.253433755713409,16,16
"1073","Juan Santana Castillo",1.17125768101959,129,125,1.42169829064082,152,125,"raw_halves",0.250440609621221,0.250440609621221,23,23
"1192","Lilian Betancurt Delgado",0.244635237751484,84,128,-0.00544221622114082,80,33,"raw_halves",-0.250077453972625,0.250077453972625,-4,4
"803","René Alinco Bustos",0.496248879908782,89,120,0.744110903725925,106,100,"raw_halves",0.247862023817142,0.247862023817142,17,17
"1197","Carlos Chandía Alarcón",-0.732415677444377,67,125,-0.48685130913072,74,129,"raw_halves",0.245564368313657,0.245564368313657,7,7
"1210","Gustavo Gatica Villarroel",1.62106015019081,150,130,1.3800992251144,147,133,"raw_halves",-0.24096092507641,0.24096092507641,-3,3
"1174","Marco Antonio Sulantay Olivares",-0.8680025232369,57,131,-0.632464257396455,50,130,"raw_halves",0.235538265840445,0.235538265840445,-7,7
"1258","Guillermo Valdés Carmona",0.349229936366685,86,134,0.116620135144339,83,128,"raw_halves",-0.232609801222347,0.232609801222347,-3,3
"1235","Javier Olivares Avendaño",-0.351492551944301,77,137,-0.12211625466359,78,131,"raw_halves",0.229376297280711,0.229376297280711,1,1
"1240","Zandra Parisi Fernández",0.233937475618257,83,122,0.00673169920088933,81,87,"raw_halves",-0.227205776417368,0.227205776417368,-2,2
"1261","Daniel Valenzuela Salazar",-0.925518889525922,22,131,-0.701924708986318,39,119,"raw_halves",0.223594180539603,0.223594180539603,17,17
"1213","Irací Hassler Jacob",1.60268687952237,149,133,1.38002571609267,145,134,"raw_halves",-0.222661163429701,0.222661163429701,-4,4
"1188","Marcos Barraza Gómez",1.60268687952237,148,133,1.38002571609267,144,134,"raw_halves",-0.222661163429701,0.222661163429701,-4,4
"1159","Lorena Pizarro Sierra",1.58834126853458,146,133,1.3693905448222,140,124,"raw_halves",-0.218950723712373,0.218950723712373,-6,6
"815","Sergio Bobadilla Muñoz",-0.871251830868479,55,135,-0.655470234273721,49,132,"raw_halves",0.215781596594759,0.215781596594759,-6,6
"1260","César Valenzuela Maass",0.939770994969633,116,128,1.15554777148547,120,134,"raw_halves",0.215776776515834,0.215776776515834,4,4
"1028","Eduardo Durán Salinas",-0.725767427121518,68,127,-0.51598347088225,68,128,"raw_halves",0.209783956239268,0.209783956239268,0,0
"1117","Nathalie Castillo Rojas",1.59042356838135,147,122,1.38094973371587,148,109,"raw_halves",-0.20947383466548,0.20947383466548,1,1
"1142","Daniel Manouchehri Lobos",0.926116483598671,115,118,1.12290062959623,119,115,"raw_halves",0.19678414599756,0.19678414599756,4,4
"1250","Bernardo Salinas Maya",1.57702217751298,145,134,1.39101787131244,149,78,"raw_halves",-0.186004306200536,0.186004306200536,4,4
"1013","Alejandro Bernales Maldonado",0.516946280659567,91,121,0.70280662865495,101,121,"raw_halves",0.185860347995382,0.185860347995382,10,10
"1180","Consuelo Veloso Ávila",1.18076887250903,130,130,1.36303088288975,139,132,"raw_halves",0.182262010380717,0.182262010380717,9,9
"1182","Sebastián Videla Castillo",0.549738939268044,96,129,0.727579839527837,103,126,"raw_halves",0.177840900259793,0.177840900259793,7,7
"1237","Francisco Orrego Gutiérrez",-0.848619267944361,59,134,-0.675054563163447,43,126,"raw_halves",0.173564704780914,0.173564704780914,-16,16
"1257","Alejandra Valdebenito Torres",-0.761811266401263,65,137,-0.589415337476217,56,130,"raw_halves",0.172395928925046,0.172395928925046,-9,9
"1009","Jorge Alessandri Vergara",-0.876105709168058,52,124,-0.706316810170656,37,127,"raw_halves",0.169788898997402,0.169788898997402,-15,15
"1246","José Antonio Rivas Villalobos",0.990149623230071,119,122,1.15639048494553,121,129,"raw_halves",0.166240861715459,0.166240861715459,2,2
"1166","Natalia Romero Talguia",-0.538424280347481,76,137,-0.377941616579828,76,128,"raw_halves",0.160482663767653,0.160482663767653,0,0
"1141","Luis Malla Valenzuela",0.621290460216195,102,117,0.779545269673992,110,124,"raw_halves",0.158254809457797,0.158254809457797,8,8
"1062","Joanna Pérez Olea",-0.644184894140996,73,113,-0.491628054443587,71,110,"raw_halves",0.15255683969741,0.15255683969741,-2,2
"1196","Priscilla Castillo Gerli",0.47105529941038,87,137,0.62066599654471,93,128,"raw_halves",0.14961069713433,0.14961069713433,6,6
"1204","Francisco Crisóstomo Llanos",0.967802490743199,117,130,1.11635421954472,117,132,"raw_halves",0.148551728801522,0.148551728801522,0,0
"1239","Fabián Ossandón Briceño",0.563819723255183,98,131,0.418121987323408,89,117,"raw_halves",-0.145697735931775,0.145697735931775,-9,9
"1131","Mauro González Villarroel",-0.708168242133963,71,119,-0.569945379236606,59,125,"raw_halves",0.138222862897357,0.138222862897357,-12,12
"1108","Juan Carlos Beltrán Silva",-0.70890986179355,70,118,-0.573643796653738,57,133,"raw_halves",0.135266065139812,0.135266065139812,-13,13
"1195","Carlos Carvajal Gallardo",0.809207069308736,109,126,0.678619981218857,99,123,"raw_halves",-0.130587088089879,0.130587088089879,-10,10
"1175","Cristián Tapia Ramos",0.774585335413829,107,128,0.646753652661352,97,96,"raw_halves",-0.127831682752477,0.127831682752477,-10,10
"1243","Tamara Ramírez Ramírez",0.533202600246958,94,131,0.407173082565674,88,126,"raw_halves",-0.126029517681284,0.126029517681284,-6,6
"1119","Sara Concha Smith",-0.674433080359118,72,131,-0.5498408713402,63,131,"raw_halves",0.124592209018918,0.124592209018918,-9,9
"1114","Félix Bugueño Sotelo",1.12699973023592,126,131,1.24864187647395,126,113,"raw_halves",0.121642146238026,0.121642146238026,0,0
"1200","Cristian Contreras Radovic",-0.325223534490401,78,131,-0.203810436813034,77,129,"raw_halves",0.121413097677367,0.121413097677367,-1,1
"1181","Nelson Venegas Salazar",1.04106529359281,122,128,1.16210105467242,122,130,"raw_halves",0.121035761079604,0.121035761079604,0,0
"1207","Valentina Cáceres Monsálvez",1.16079737869599,127,130,1.28151398782079,128,119,"raw_halves",0.120716609124805,0.120716609124805,1,1
"872","Jaime Mulet Martínez",0.495114676333002,88,128,0.612448115390767,91,120,"raw_halves",0.117333439057765,0.117333439057765,3,3
"1184","Roberto Celedón Fernández",1.17030586468365,128,131,1.28725967759341,130,134,"raw_halves",0.116953812909757,0.116953812909757,2,2
"1056","Emilia Nuyado Ancapichun",1.08425987812122,123,134,1.2004310222906,123,135,"raw_halves",0.116171144169388,0.116171144169388,0,0
"1102","Roberto Arroyo Muñoz",-0.615580560395489,75,121,-0.501198476451748,70,101,"raw_halves",0.114382083943741,0.114382083943741,-5,5
"1116","Felipe Camaño Cárdenas",0.512331110862738,90,135,0.620436039872969,92,120,"raw_halves",0.108104929010231,0.108104929010231,2,2
"986","Marcela Hernando Pérez",0.65400268217575,103,117,0.760406437307066,108,95,"raw_halves",0.106403755131317,0.106403755131317,5,5
"1206","Carolina Cucumides Calderón",1.0182004737471,120,134,1.11988801698617,118,133,"raw_halves",0.101687543239062,0.101687543239062,-2,2
"1193","Patricio Briones Moller",0.225457132333911,82,133,0.125484321531242,84,129,"raw_halves",-0.099972810802669,0.099972810802669,2,2
"1105","Héctor Barría Angulo",0.593482896743377,100,129,0.693433767381359,100,118,"raw_halves",0.0999508706379816,0.0999508706379816,0,0
"1230","Alex Nahuelquin Nahuelquin",0.209555207464584,81,131,0.113953431934561,82,126,"raw_halves",-0.0956017755300233,0.0956017755300233,1,1
"1259","Juan Marcelo Valenzuela Henríquez",0.058880247880168,79,131,-0.0362633698079407,79,125,"raw_halves",-0.0951436176881087,0.0951436176881087,0,0
"1099","Jaime Araya Guerrero",0.911349958969371,113,125,0.818187545861124,113,105,"raw_halves",-0.0931624131082476,0.0931624131082476,0,0
"1128","Ana María Gazmuri Vieira",1.5238243123454,144,133,1.43358386964922,153,101,"raw_halves",-0.0902404426961843,0.0902404426961843,9,9
"1054","Francesca Muñoz González",-0.642565547270996,74,124,-0.558313812873989,62,130,"raw_halves",0.0842517343970066,0.0842517343970066,-12,12
"1236","Paula Olmos Contreras",0.344716951290736,85,127,0.260530106944423,87,85,"raw_halves",-0.0841868443463133,0.0841868443463133,2,2
"1189","Jaime Bassa Mercado",1.31013212769959,142,135,1.39217188751676,150,126,"raw_halves",0.0820397598171703,0.0820397598171703,8,8
"1229","Javier Muñoz Riquelme",0.543034185581195,95,136,0.624906804930617,95,115,"raw_halves",0.0818726193494228,0.0818726193494228,0,0
"1241","Patricio Pinilla Valencia",0.680968626481072,104,133,0.758130088376451,107,121,"raw_halves",0.077161461895379,0.077161461895379,3,3
"1061","Andrea Parra Sauterel",0.851434436952632,112,125,0.774975556611608,109,127,"raw_halves",-0.076458880341024,0.076458880341024,-3,3
"1087","Gael Yeomans Araya",1.21251856018331,131,126,1.28513948294727,129,127,"raw_halves",0.0726209227639598,0.0726209227639598,-2,2
"1208","Jorge Díaz Ibarra",0.552162184367333,97,136,0.624128003248284,94,119,"raw_halves",0.0719658188809511,0.0719658188809511,-3,3
"1186","Ignacio Achurra Díaz",1.22743107785069,132,130,1.29906730518766,132,135,"raw_halves",0.0716362273369731,0.0716362273369731,0,0
"1238","Álvaro Ortiz Vera",0.604334560304488,101,133,0.673365050080482,98,130,"raw_halves",0.0690304897759937,0.0690304897759937,-3,3
"1226","José Montalva Feuerhake",0.808719506671582,108,130,0.739865652947598,104,133,"raw_halves",-0.0688538537239843,0.0688538537239843,-4,4
"1209","Matías Fernández Hartwig",1.23992092273647,133,130,1.30681609484775,136,136,"raw_halves",0.0668951721112834,0.0668951721112834,3,3
"1219","Tomás Kast Sommerhoff",-0.723187991323612,69,129,-0.657667919331025,47,131,"raw_halves",0.0655200719925872,0.0655200719925872,-22,22
"1224","Cristian Mella Andaur",0.567982918168974,99,130,0.631561173499788,96,130,"raw_halves",0.0635782553308142,0.0635782553308142,-3,3
"1264","Fernando Zamorano Peralta",0.846819007011401,111,129,0.783434542327703,111,126,"raw_halves",-0.0633844646836983,0.0633844646836983,0,0
"1015","Jorge Brito Hasbún",1.27024148112706,137,131,1.32849480221635,137,106,"raw_halves",0.0582533210892857,0.0582533210892857,0,0
"1074","Marisela Santibáñez Novoa",1.38770708414725,143,126,1.33485010557511,138,112,"raw_halves",-0.0528569785721431,0.0528569785721431,-5,5
"1127","Lorena Fries Monleón",1.25958669484895,134,129,1.30449624399891,133,125,"raw_halves",0.0449095491499614,0.0449095491499614,-1,1
"1077","Raúl Soto Mardones",0.829249270370088,110,126,0.785966370731789,112,111,"raw_halves",-0.0432828996382993,0.0432828996382993,2,2
"1044","Raúl Leiva Carvajal",0.986596675053147,118,128,0.946373701125213,115,103,"raw_halves",-0.0402229739279334,0.0402229739279334,-3,3
"1039","Pamela Jiles Moreno",0.517643467655391,93,131,0.478651344229223,90,126,"raw_halves",-0.0389921234261683,0.0389921234261683,-3,3
"1153","Coca Ericka Ñanco Vásquez",1.27421055628851,139,131,1.23687942717241,124,32,"raw_halves",-0.0373311291160987,0.0373311291160987,-15,15
"1256","Tatiana Urrutia Herrera",1.27018560210964,136,133,1.30461208147672,134,125,"raw_halves",0.0344264793670772,0.0344264793670772,-2,2
"1252","Constanza Schonhaut Soto",1.27254844167892,138,132,1.30474719726124,135,129,"raw_halves",0.0321987555823251,0.0321987555823251,-3,3
"843","René Manuel García García",-0.733209013810968,66,98,-0.704902369188104,38,129,"raw_halves",0.0283066446228634,0.0283066446228634,-28,28
"1222","Andrea Macías Palma",1.2641168494554,135,129,1.2391947518101,125,125,"raw_halves",-0.0249220976452942,0.0249220976452942,-10,10
"1177","Carolina Tello Rojas",1.28902473937215,141,133,1.26762698529942,127,130,"raw_halves",-0.0213977540727304,0.0213977540727304,-14,14
"1205","Carlos Cuadrado Prats",0.917396651378371,114,128,0.896256306225476,114,114,"raw_halves",-0.0211403451528956,0.0211403451528956,0,0
"1171","Emilia Schneider Videla",1.28059491613056,140,132,1.2989199518693,131,135,"raw_halves",0.0183250357387406,0.0183250357387406,-9,9
"1201","Flor Contreras Vivallo",0.193050410952171,80,133,0.176161227374314,85,128,"raw_halves",-0.0168891835778568,0.0168891835778568,5,5
"1110","Carlos Bianchi Chelech",0.705201493705006,105,123,0.715186989596389,102,128,"raw_halves",0.0099854958913832,0.0099854958913832,-3,3
"1178","Héctor Ulloa Aguilera",0.735027881790655,106,125,0.742986978443849,105,116,"raw_halves",0.00795909665319394,0.00795909665319394,-1,1
"1038","Marcos Ilabaca Cerda",1.03775521622906,121,97,1.03292759864783,116,130,"raw_halves",-0.00482761758123562,0.00482761758123562,-5,5
"1148","Javiera Morales Alvarado",1.1166972835351,124,73,NA,NA,14,"raw_halves",NA,NA,NA,NA
"1107","María Francisca Bello Campos",NA,NA,0,NA,NA,0,"raw_halves",NA,NA,NA,NA
"1082","Cristóbal Urruticoechea Ríos",-2.35866530728153,1,67,-0.662913918906107,41,90,"cap20_halves",1.69575138837543,1.69575138837543,40,40
"1212","Erich Grohs Marín",-2.34345544123557,5,78,-0.675543502389787,36,103,"cap20_halves",1.66791193884578,1.66791193884578,31,31
"1215","Álvaro Jofré Cáceres",-2.34347075943905,3,78,-0.697933264422178,35,113,"cap20_halves",1.64553749501687,1.64553749501687,32,32
"1223","Hans Marowski Cuevas",-2.3424507668896,6,78,-0.69925806783858,34,95,"cap20_halves",1.64319269905102,1.64319269905102,28,28
"1228","Paulina Muñoz Minte",-2.3434705374361,4,78,-0.711183575618926,33,112,"cap20_halves",1.63228696181717,1.63228696181717,29,29
"1217","Pier Karlezi Hazleby",-2.35102563079702,2,76,-0.730525164166094,32,98,"cap20_halves",1.62050046663093,1.62050046663093,30,30
"1234","Mario Olavarría Rodríguez",-1.57231354548259,7,60,-0.526370534591954,59,79,"cap20_halves",1.04594301089064,1.04594301089064,52,52
"1146","José Carlos Meza Pereira",-0.719700438601194,58,70,-1.4488837915555,1,95,"cap20_halves",-0.729183352954303,0.729183352954303,-57,57
"1191","Valentina Becerra Peña",-0.750634287897598,30,78,-1.4488837915555,2,102,"cap20_halves",-0.698249503657898,0.698249503657898,-28,28
"1225","Cristian Menchaca Pinochet",-0.750634287897598,35,78,-1.44407083178361,3,99,"cap20_halves",-0.693436543886012,0.693436543886012,-32,32
"1100","Cristián Araya Lerdo de Tejada",-0.750634287897598,26,78,-1.43866472646863,4,107,"cap20_halves",-0.688030438571031,0.688030438571031,-22,22
"1218","José Antonio Kast Adriasola",-0.736147568707824,52,77,-1.42335842657387,12,109,"cap20_halves",-0.687210857866044,0.687210857866044,-40,40
"1245","Alejandro Riquelme Ducci",-0.750634287897598,37,78,-1.42758434153184,5,100,"cap20_halves",-0.676950053634246,0.676950053634246,-32,32
"1220","Leandro Kunstmann Collado",-0.749159189302572,49,77,-1.42335842657387,13,109,"cap20_halves",-0.674199237271295,0.674199237271295,-36,36
"1165","Agustín Romero Leiva",-0.750621716980608,42,78,-1.42335859842539,11,108,"cap20_halves",-0.672736881444786,0.672736881444786,-31,31
"1190","Enrique Bassaletti Riess",-0.750634287897598,29,78,-1.42336401174847,6,109,"cap20_halves",-0.672729723850874,0.672729723850874,-23,23
"1247","Javiera Rodríguez Pascual",-0.750634287897598,38,78,-1.42336306656508,8,109,"cap20_halves",-0.67272877866748,0.67272877866748,-30,30
"1194","Daniel Bustos Leal",-0.750634287897598,31,78,-1.42336306656508,7,109,"cap20_halves",-0.67272877866748,0.67272877866748,-24,24
"1150","Benjamín Moreno Bascur",-0.750634287897598,27,78,-1.42335980138608,10,109,"cap20_halves",-0.67272551348848,0.67272551348848,-17,17
"1221","Benjamín Lorca Inzunza",-0.750634287897598,34,78,-1.42335842657387,14,109,"cap20_halves",-0.672724138676269,0.672724138676269,-20,20
"1216","Stephanie Jéldrez Ortiz",-0.750533110053565,46,77,-1.42319533947539,16,108,"cap20_halves",-0.672662229421825,0.672662229421825,-30,30
"1262","Diego Vergara Rodríguez",-0.750634287897598,40,78,-1.42319533947539,17,108,"cap20_halves",-0.672561051577791,0.672561051577791,-23,23
"1198","Paz Charpentier Rajcevich",-0.750634287897598,32,78,-1.42319533947539,15,108,"cap20_halves",-0.672561051577791,0.672561051577791,-17,17
"1254","Ignacio Urcullú Clèment-Lund",-0.750621716980608,45,78,-1.42187869900649,19,109,"cap20_halves",-0.671256982025879,0.671256982025879,-26,26
"1253","Fernando Ugarte Tejeda",-0.750634287897598,39,78,-1.42187869900649,18,109,"cap20_halves",-0.671244411108889,0.671244411108889,-21,21
"1172","Stephan Schubert Rubio",-0.71281304685994,60,51,-1.36794163673292,25,97,"cap20_halves",-0.655128589872978,0.655128589872978,-35,35
"1133","Juan Irarrázaval Rossel",-0.750327535322735,48,77,-1.39439568736278,20,106,"cap20_halves",-0.644068152040046,0.644068152040046,-28,28
"1203","Sebastián Cristoffanini Jaraquemada",-0.750634287897598,33,78,-1.39439568736278,21,106,"cap20_halves",-0.643761399465183,0.643761399465183,-12,12
"1232","Cristian Neira Martínez",-0.750634287897598,36,78,-1.39430881641623,22,105,"cap20_halves",-0.643674528518628,0.643674528518628,-14,14
"1187","Carlo Arqueros Pizarro",-0.750634287897598,28,78,-1.39407965240588,23,106,"cap20_halves",-0.64344536450828,0.64344536450828,-5,5
"1021","Andrés Celis Montt",-1.08714513706584,9,73,-0.446867120747727,72,89,"cap20_halves",0.640278016318111,0.640278016318111,63,63
"1025","Catalina Del Real Mihovilovic",-0.735199255360547,53,70,-1.36386024890858,26,73,"cap20_halves",-0.628660993548029,0.628660993548029,-27,27
"1170","Luis Sánchez Ossa",-0.750621716980608,43,78,-1.37068026265636,24,97,"cap20_halves",-0.620058545675748,0.620058545675748,-19,19
"1104","Chiara Barchiesi Chávez",-0.748020896931638,51,74,-1.34635863169084,28,101,"cap20_halves",-0.598337734759199,0.598337734759199,-23,23
"1244","Claudia Reyes Larenas",-0.749074328675294,50,77,-1.34641328047621,27,100,"cap20_halves",-0.597338951800912,0.597338951800912,-23,23
"1263","Sebastián Zamora Soto",-0.750634287897598,41,78,-1.34139667664563,29,96,"cap20_halves",-0.590762388748032,0.590762388748032,-12,12
"1227","Claudia Mora Vega",-1.02520170771703,16,73,-0.445425759033598,73,109,"cap20_halves",0.579775948683434,0.579775948683434,57,57
"1017","Álvaro Carter Fernández",-0.750327535322735,47,77,-1.322855959174,30,94,"cap20_halves",-0.57252842385126,0.57252842385126,-17,17
"1251","Macarena Santelices Cañas",-0.750621716980608,44,78,-1.28987112091515,31,103,"cap20_halves",-0.539249403934541,0.539249403934541,-13,13
"1242","Rodrigo Ramírez Parra",-1.02642683099142,14,74,-0.526327872450545,60,107,"cap20_halves",0.500098958540872,0.500098958540872,46,46
"1202","Eduardo Cretton Rebolledo",-1.07744005614475,11,75,-0.6224755362477,45,109,"cap20_halves",0.454964519897052,0.454964519897052,34,34
"1140","Daniel Lilayu Vivanco",-1.07605298171903,13,73,-0.625856113547707,44,108,"cap20_halves",0.45019686817132,0.45019686817132,31,31
"1075","Diego Schalper Sepúlveda",-1.02633408925945,15,73,-0.577412972719068,52,93,"cap20_halves",0.448921116540379,0.448921116540379,37,37
"1214","Constanza Hube Portus",-1.07721516715735,12,74,-0.656470474815376,42,109,"cap20_halves",0.420744692341978,0.420744692341978,30,30
"1152","Gloria Naveillan Arriagada",-1.08589720298844,10,67,-0.665809574161721,40,94,"cap20_halves",0.420087628826717,0.420087628826717,30,30
"1059","Ximena Ossandón Irarrázabal",-0.951534691133552,18,67,-0.549282639338595,55,105,"cap20_halves",0.402252051794957,0.402252051794957,37,37
"1249","Omar Sabat Guzmán",-0.967181569984743,17,73,-0.585987676476341,51,104,"cap20_halves",0.381193893508402,0.381193893508402,34,34
"1132","Jorge Guzmán Zepeda",-0.866419398722601,20,71,-0.488546013648877,66,109,"cap20_halves",0.377873385073723,0.377873385073723,46,46
"1192","Lilian Betancurt Delgado",0.40877389353639,83,70,0.0418853652793424,80,31,"cap20_halves",-0.366888528257047,0.366888528257047,-3,3
"803","René Alinco Bustos",0.456172133668713,85,63,0.813985530868244,112,77,"cap20_halves",0.357813397199532,0.357813397199532,27,27
"1060","Luis Pardo Sáinz",-0.85163003401252,23,75,-0.499183666090979,65,103,"cap20_halves",0.352446367921541,0.352446367921541,42,42
"915","Germán Verdugo Soto",-0.89156112170212,19,74,-0.562299146533785,54,99,"cap20_halves",0.329261975168335,0.329261975168335,35,35
"1181","Nelson Venegas Salazar",0.838117107378209,118,70,1.13983518621654,122,106,"cap20_halves",0.301718078838328,0.301718078838328,4,4
"1240","Zandra Parisi Fernández",0.397729135819203,82,67,0.100786659630842,81,64,"cap20_halves",-0.29694247618836,0.29694247618836,-1,1
"1086","Gonzalo Winter Etcheberry",1.07901961149709,125,46,1.37499045632663,141,109,"cap20_halves",0.295970844829539,0.295970844829539,16,16
"1157","Marlene Pérez Cartes",-0.726692712860695,56,72,-0.432883089459355,75,68,"cap20_halves",0.29380962340134,0.29380962340134,19,19
"1260","César Valenzuela Maass",0.840539381555397,119,71,1.13046386470901,120,110,"cap20_halves",0.289924483153609,0.289924483153609,1,1
"1199","Jaime Coloma Álamos",-0.851969365520158,21,72,-0.567271885262268,53,109,"cap20_halves",0.28469748025789,0.28469748025789,32,32
"1246","José Antonio Rivas Villalobos",0.859183855226265,120,73,1.13890933611849,121,106,"cap20_halves",0.279725480892222,0.279725480892222,1,1
"1258","Guillermo Valdés Carmona",0.494261623644757,87,76,0.220112218041533,83,105,"cap20_halves",-0.274149405603224,0.274149405603224,-4,4
"1142","Daniel Manouchehri Lobos",0.815222720252019,115,68,1.08632233943569,117,92,"cap20_halves",0.271099619183669,0.271099619183669,2,2
"1180","Consuelo Veloso Ávila",1.09968020494984,128,72,1.36425145444688,139,108,"cap20_halves",0.264571249497038,0.264571249497038,11,11
"1259","Juan Marcelo Valenzuela Henríquez",0.298818163898162,79,73,0.0383503793829358,79,102,"cap20_halves",-0.260467784515226,0.260467784515226,0,0
"1204","Francisco Crisóstomo Llanos",0.830701764873722,117,71,1.09040475836919,118,108,"cap20_halves",0.259702993495466,0.259702993495466,1,1
"1056","Emilia Nuyado Ancapichun",0.91932600814714,123,75,1.17873137327775,123,111,"cap20_halves",0.259405365130607,0.259405365130607,0,0
"1183","Flor Weisse Novoa",-0.727174833890131,55,53,-0.488367889541846,67,97,"cap20_halves",0.238806944348285,0.238806944348285,12,12
"1255","Eileen Urqueta Rojas",0.534796587106167,91,75,0.298345412810405,87,107,"cap20_halves",-0.236451174295762,0.236451174295762,-4,4
"1233","Ricardo Neumann Bertín",-0.851969365520158,22,72,-0.621471064076358,46,108,"cap20_halves",0.2304983014438,0.2304983014438,24,24
"1195","Carlos Carvajal Gallardo",0.786351680732724,110,72,0.574702043392886,92,100,"cap20_halves",-0.211649637339837,0.211649637339837,-18,18
"1028","Eduardo Durán Salinas",-0.680840723268572,66,70,-0.471056469000862,69,104,"cap20_halves",0.20978425426771,0.20978425426771,3,3
"1201","Flor Contreras Vivallo",0.433795845924891,84,75,0.224144370403584,84,105,"cap20_halves",-0.209651475521307,0.209651475521307,0,0
"1236","Paula Olmos Contreras",0.470291077223002,86,69,0.261091503379033,86,83,"cap20_halves",-0.209199573843969,0.209199573843969,0,0
"1166","Natalia Romero Talguia",-0.53188557947323,76,77,-0.325447938154759,76,104,"cap20_halves",0.206437641318471,0.206437641318471,0,0
"1176","Hotuiti Teao Drago",-0.710354017319497,61,66,-0.507858430399452,64,93,"cap20_halves",0.202495586920045,0.202495586920045,3,3
"1175","Cristián Tapia Ramos",0.796909807985572,113,73,0.596735170545281,93,93,"cap20_halves",-0.200174637440291,0.200174637440291,-20,20
"1119","Sara Concha Smith",-0.704502324836342,63,72,-0.507880040728887,63,107,"cap20_halves",0.196622284107455,0.196622284107455,0,0
"1065","Guillermo Ramírez Diez",-0.803623034043508,25,73,-0.614215105969185,48,93,"cap20_halves",0.189407928074323,0.189407928074323,23,23
"1200","Cristian Contreras Radovic",-0.345250117949737,77,71,-0.156308486697177,77,105,"cap20_halves",0.18894163125256,0.18894163125256,0,0
"1114","Félix Bugueño Sotelo",1.04606704775934,124,74,1.23227944962149,126,90,"cap20_halves",0.186212401862155,0.186212401862155,2,2
"1239","Fabián Ossandón Briceño",0.56085684728742,92,75,0.375534802889849,89,94,"cap20_halves",-0.185322044397571,0.185322044397571,-3,3
"1184","Roberto Celedón Fernández",1.08839002297247,126,72,1.27271766042837,130,110,"cap20_halves",0.1843276374559,0.1843276374559,4,4
"1143","Cristóbal Martínez Ramírez",-0.694985821545297,64,77,-0.51599250684324,62,107,"cap20_halves",0.178993314702057,0.178993314702057,-2,2
"1207","Valentina Cáceres Monsálvez",1.09273351067082,127,72,1.26831078581318,128,95,"cap20_halves",0.175577275142358,0.175577275142358,1,1
"1206","Carolina Cucumides Calderón",0.918072246492326,122,75,1.09189642961765,119,109,"cap20_halves",0.173824183125322,0.173824183125322,-3,3
"1243","Tamara Ramírez Ramírez",0.534796587106167,90,75,0.364889674906351,88,103,"cap20_halves",-0.169906912199816,0.169906912199816,-2,2
"1074","Marisela Santibáñez Novoa",1.15775750844152,129,66,1.3248931586314,137,88,"cap20_halves",0.167135650189881,0.167135650189881,8,8
"1261","Daniel Valenzuela Salazar",-0.834828406821796,24,71,-0.668980148896565,38,95,"cap20_halves",0.16584825792523,0.16584825792523,14,14
"1257","Alejandra Valdebenito Torres",-0.705512271752352,62,77,-0.543595857518252,56,106,"cap20_halves",0.1619164142341,0.1619164142341,-6,6
"1230","Alex Nahuelquin Nahuelquin",0.378184273687687,80,73,0.219878951075994,82,103,"cap20_halves",-0.158305322611693,0.158305322611693,2,2
"1193","Patricio Briones Moller",0.39542646573082,81,76,0.237730286149795,85,106,"cap20_halves",-0.157696179581025,0.157696179581025,4,4
"1196","Priscilla Castillo Gerli",0.503288485556467,88,78,0.652229379498839,97,105,"cap20_halves",0.148940893942371,0.148940893942371,9,9
"1039","Pamela Jiles Moreno",0.531859821094533,89,73,0.385269332598257,90,103,"cap20_halves",-0.146590488496276,0.146590488496276,1,1
"1248","Felipe Ross Correa",-1.56945059545152,8,72,-1.42336306656508,9,109,"cap20_halves",0.146087528886444,0.146087528886444,1,1
"1231","Ximena Naranjo Pinto",-0.616394807302045,70,75,-0.472371863546198,68,103,"cap20_halves",0.144022943755847,0.144022943755847,-2,2
"1054","Francesca Muñoz González",-0.658395878239044,69,65,-0.516162639854297,61,106,"cap20_halves",0.142233238384747,0.142233238384747,-8,8
"1197","Carlos Chandía Alarcón",-0.583048507458948,73,67,-0.441382221507929,74,105,"cap20_halves",0.141666285951019,0.141666285951019,1,1
"1062","Joanna Pérez Olea",-0.586793086701473,72,58,-0.449966591913557,71,87,"cap20_halves",0.136826494787916,0.136826494787916,-1,1
"1110","Carlos Bianchi Chelech",0.780370588280636,108,70,0.643727755603134,94,104,"cap20_halves",-0.136642832677502,0.136642832677502,-14,14
"1131","Mauro González Villarroel",-0.665210869268537,68,62,-0.528841329911623,57,101,"cap20_halves",0.136369539356914,0.136369539356914,-11,11
"1174","Marco Antonio Sulantay Olivares",-0.723327925163274,57,72,-0.590600686997354,50,106,"cap20_halves",0.13272723816592,0.13272723816592,-7,7
"1235","Javier Olivares Avendaño",0.0621060764442521,78,78,-0.0613765113379322,78,108,"cap20_halves",-0.123482587782184,0.123482587782184,0,0
"1073","Juan Santana Castillo",1.31243107010586,138,67,1.43430638544826,153,102,"cap20_halves",0.121875315342401,0.121875315342401,15,15
"1178","Héctor Ulloa Aguilera",0.778546834054112,107,72,0.660990799939459,99,93,"cap20_halves",-0.117556034114653,0.117556034114653,-8,8
"1222","Andrea Macías Palma",1.31999193554345,139,69,1.2169778756437,124,101,"cap20_halves",-0.103014059899751,0.103014059899751,-15,15
"1226","José Montalva Feuerhake",0.767422710282636,106,71,0.669003635131428,100,109,"cap20_halves",-0.0984190751512083,0.0984190751512083,-6,6
"1038","Marcos Ilabaca Cerda",0.900666660278685,121,45,0.998369415671113,116,106,"cap20_halves",0.0977027553924282,0.0977027553924282,-5,5
"1087","Gael Yeomans Araya",1.36592612172747,143,68,1.26924325219499,129,103,"cap20_halves",-0.0966828695324737,0.0966828695324737,-14,14
"1189","Jaime Bassa Mercado",1.29314933696972,136,75,1.38829262372145,150,103,"cap20_halves",0.095143286751731,0.095143286751731,14,14
"1241","Patricio Pinilla Valencia",0.74588498317815,103,74,0.839500584758295,114,98,"cap20_halves",0.0936156015801451,0.0936156015801451,11,11
"1044","Raúl Leiva Carvajal",0.823579466261993,116,69,0.915821050557782,115,79,"cap20_halves",0.0922415842957883,0.0922415842957883,-1,1
"1077","Raúl Soto Mardones",0.794039864861605,111,73,0.707856902273939,106,87,"cap20_halves",-0.0861829625876658,0.0861829625876658,-5,5
"1102","Roberto Arroyo Muñoz",-0.53814084209861,75,68,-0.452431458355568,70,77,"cap20_halves",0.0857093837430425,0.0857093837430425,-5,5
"1177","Carolina Tello Rojas",1.33897529671606,140,73,1.25382593621423,127,106,"cap20_halves",-0.085149360501833,0.085149360501833,-13,13
"1237","Francisco Orrego Gutiérrez",-0.718592144378752,59,75,-0.639573345341468,43,102,"cap20_halves",0.0790187990372839,0.0790187990372839,-16,16
"815","Sergio Bobadilla Muñoz",-0.690759773407,65,75,-0.611806349050518,49,108,"cap20_halves",0.078953424356482,0.078953424356482,-16,16
"1264","Fernando Zamorano Peralta",0.781725139274323,109,71,0.705626140573658,105,102,"cap20_halves",-0.0760989987006646,0.0760989987006646,-4,4
"1153","Coca Ericka Ñanco Vásquez",1.29807869045063,137,75,1.22375458280685,125,30,"cap20_halves",-0.0743241076437828,0.0743241076437828,-12,12
"1105","Héctor Barría Angulo",0.672780522067586,97,69,0.742324131798824,110,95,"cap20_halves",0.0695436097312381,0.0695436097312381,13,13
"1061","Andrea Parra Sauterel",0.764047821451033,105,72,0.697245113486548,103,103,"cap20_halves",-0.0668027079644847,0.0668027079644847,-2,2
"1013","Alejandro Bernales Maldonado",0.738381394501411,101,70,0.679188931393374,101,99,"cap20_halves",-0.0591924631080378,0.0591924631080378,0,0
"1009","Jorge Alessandri Vergara",-0.728962942768147,54,65,-0.670266586459717,37,103,"cap20_halves",0.0586963563084301,0.0586963563084301,-17,17
"1224","Cristian Mella Andaur",0.710109540941627,100,70,0.651667553896417,96,107,"cap20_halves",-0.0584419870452108,0.0584419870452108,-4,4
"843","René Manuel García García",-0.609103148190553,71,48,-0.666384202702854,39,105,"cap20_halves",-0.0572810545123011,0.0572810545123011,-32,32
"1099","Jaime Araya Guerrero",0.796232476987991,112,68,0.744793981935098,111,81,"cap20_halves",-0.051438495052893,0.051438495052893,-1,1
"1186","Ignacio Achurra Díaz",1.23517615286115,130,71,1.28619348379053,132,111,"cap20_halves",0.0510173309293811,0.0510173309293811,2,2
"1219","Tomás Kast Sommerhoff",-0.666634699057514,67,71,-0.618663224950694,47,107,"cap20_halves",0.0479714741068207,0.0479714741068207,-20,20
"1128","Ana María Gazmuri Vieira",1.36592612172747,146,73,1.41311142115261,152,98,"cap20_halves",0.0471852994251436,0.0471852994251436,6,6
"872","Jaime Mulet Martínez",0.614515182078061,93,72,0.572447437293329,91,97,"cap20_halves",-0.0420677447847327,0.0420677447847327,-2,2
"1229","Javier Muñoz Riquelme",0.650728747134553,96,77,0.685688785747619,102,92,"cap20_halves",0.0349600386130668,0.0349600386130668,6,6
"1127","Lorena Fries Monleón",1.25690202746497,131,71,1.29164693420102,134,101,"cap20_halves",0.0347449067360488,0.0347449067360488,3,3
"1211","Sofía González Cortés",1.36592612172747,152,73,1.40057270416347,151,109,"cap20_halves",0.0346465824360056,0.0346465824360056,-1,1
"1209","Matías Fernández Hartwig",1.25705343347623,132,72,1.29080391653865,133,112,"cap20_halves",0.0337504830624265,0.0337504830624265,1,1
"1205","Carlos Cuadrado Prats",0.801914531467696,114,73,0.833906302021993,113,90,"cap20_halves",0.0319917705542972,0.0319917705542972,-1,1
"1238","Álvaro Ortiz Vera",0.68603554114561,98,74,0.713553694445691,107,107,"cap20_halves",0.0275181533000805,0.0275181533000805,9,9
"1116","Felipe Camaño Cárdenas",0.620236975085648,94,75,0.645432737558638,95,97,"cap20_halves",0.0251957624729903,0.0251957624729903,1,1
"986","Marcela Hernando Pérez",0.74911423807517,104,68,0.727891353212348,108,93,"cap20_halves",-0.0212228848628214,0.0212228848628214,4,4
"1108","Juan Carlos Beltrán Silva",-0.54720235728315,74,61,-0.527472919170417,58,109,"cap20_halves",0.0197294381127335,0.0197294381127335,-16,16
"1208","Jorge Díaz Ibarra",0.636123728123298,95,77,0.653855352715117,98,96,"cap20_halves",0.0177316245918197,0.0177316245918197,3,3
"1250","Bernardo Salinas Maya",1.36592612172747,154,74,1.38194185056628,149,75,"cap20_halves",0.0160157288388163,0.0160157288388163,-5,5
"1015","Jorge Brito Hasbún",1.33974986500533,141,72,1.32564758683194,138,83,"cap20_halves",-0.0141022781733879,0.0141022781733879,-3,3
"1117","Nathalie Castillo Rojas",1.36592612172747,144,64,1.37922298756837,148,86,"cap20_halves",0.0132968658409045,0.0132968658409045,4,4
"1122","Luis Alberto Cuello Peña y Lillo",1.36592612172747,145,73,1.37719720177611,147,107,"cap20_halves",0.011271080048642,0.011271080048642,2,2
"1210","Gustavo Gatica Villarroel",1.36592612172747,151,72,1.37705559611842,146,109,"cap20_halves",0.011129474390954,0.011129474390954,-5,5
"1213","Irací Hassler Jacob",1.36592612172747,153,73,1.37698023922413,145,110,"cap20_halves",0.0110541174966625,0.0110541174966625,-8,8
"1173","Daniela Serrano Salazar",1.36592612172747,149,73,1.37698023922413,143,110,"cap20_halves",0.0110541174966625,0.0110541174966625,-6,6
"1188","Marcos Barraza Gómez",1.36592612172747,150,73,1.37698023922413,144,110,"cap20_halves",0.0110541174966625,0.0110541174966625,-6,6
"1012","Boris Barrera Moreno",1.36592612172747,142,73,1.37698023922413,142,110,"cap20_halves",0.0110541174966625,0.0110541174966625,0,0
"1252","Constanza Schonhaut Soto",1.28268733699381,133,73,1.29171876813902,136,105,"cap20_halves",0.00903143114520799,0.00903143114520799,3,3
"1256","Tatiana Urrutia Herrera",1.28268733699381,134,73,1.29170871482473,135,101,"cap20_halves",0.00902137783091828,0.00902137783091828,1,1
"1171","Emilia Schneider Videla",1.29254160389667,135,74,1.28609896545106,131,111,"cap20_halves",-0.00644263844560711,0.00644263844560711,-4,4
"1141","Luis Malla Valenzuela",0.74161697648248,102,68,0.739912281552684,109,103,"cap20_halves",-0.0017046949297963,0.0017046949297963,7,7
"1159","Lorena Pizarro Sierra",1.36592612172747,148,73,1.36758477257715,140,101,"cap20_halves",0.00165865084968431,0.00165865084968431,-8,8
"1182","Sebastián Videla Castillo",0.700669420540243,99,73,0.699229096395033,104,104,"cap20_halves",-0.00144032414520956,0.00144032414520956,5,5
"1148","Javiera Morales Alvarado",1.36592612172747,147,23,NA,NA,12,"cap20_halves",NA,NA,NA,NA
"1107","María Francisca Bello Campos",NA,NA,0,NA,NA,0,"cap20_halves",NA,NA,NA,NA
