"spec_id","diputado_id","diputado_nombre","dimension_1_aligned","dimension_2_aligned","dimension_2_predicted_by_quadratic","dimension_2_residual_after_quadratic","modal_party","modal_caucus","modal_alignment"
"raw_lop025_2d","803","René Alinco Bustos",0.242598906159401,-0.642006874084473,-0.03052097222506,-0.611485901859413,"Independientes","Comité Democracia Cristiana, Federación Regionalista Verde Social e Independientes","oposicion"
"raw_lop025_2d","815","Sergio Bobadilla Muñoz",-0.867146909236908,-0.0211293026804924,-0.00675743024245308,-0.0143718724380393,"Unión Demócrata Independiente","Unión Demócrata Independiente","oficialismo"
"raw_lop025_2d","843","René Manuel García García",-0.81772392988205,-0.126240506768227,-0.0174046004526776,-0.108835906315549,"Renovación Nacional","Renovación Nacional, Evopoli e Independientes","oficialismo"
"raw_lop025_2d","872","Jaime Mulet Martínez",0.214790597558022,-0.955464482307434,-0.035430739493357,-0.920033742814077,"Federación Regionalista Verde Social","Comité Democracia Cristiana, Federación Regionalista Verde Social e Independientes","oposicion"
"raw_lop025_2d","915","Germán Verdugo Soto",-0.888938307762146,-0.158647194504738,-0.00177896222233997,-0.156868232282398,"Partido Nacional Libertario","Comité Partido Nacional Libertarios","no_alineado"
"raw_lop025_2d","986","Marcela Hernando Pérez",0.337684094905853,-0.182344928383827,-0.0115947972672798,-0.170750131116547,"Partido Radical de Chile","Socialista, Liberal, Radical e Independientes","oposicion"
"raw_lop025_2d","1009","Jorge Alessandri Vergara",-0.880603194236755,0.0699620991945267,-0.00370372699645438,0.0736658261909811,"Unión Demócrata Independiente","Unión Demócrata Independiente","oficialismo"
"raw_lop025_2d","1012","Boris Barrera Moreno",0.94821172952652,0.317638963460922,0.188753648504888,0.128885314956034,"Partido Comunista","Comité Comunista e Independientes","oposicion"
"raw_lop025_2d","1013","Alejandro Bernales Maldonado",0.265578716993332,-0.344935089349747,-0.026250158563626,-0.318684930786121,"Partido Liberal de Chile","Socialista, Liberal, Radical e Independientes","oposicion"
"raw_lop025_2d","1015","Jorge Brito Hasbún",0.764837205410004,-0.00829486642032862,0.114245650828806,-0.122540517249135,"Frente Amplio","Frente Amplio","oposicion"
"raw_lop025_2d","1017","Álvaro Carter Fernández",-0.981794893741608,0.189905539155006,0.0213830291237413,0.168522510031265,"Partido Republicano","Comité Partido Republicano","oficialismo"
"raw_lop025_2d","1021","Andrés Celis Montt",-0.762457489967346,-0.291605323553085,-0.0282519468983742,-0.263353376654711,"Renovación Nacional","Renovación Nacional, Evopoli e Independientes","oficialismo"
"raw_lop025_2d","1025","Catalina Del Real Mihovilovic",-0.979868829250336,0.190834492444992,0.0208705483625276,0.169963944082464,"Partido Republicano","Comité Partido Republicano","oficialismo"
"raw_lop025_2d","1028","Eduardo Durán Salinas",-0.729209840297699,0.0414980873465538,-0.0342391006703139,0.0757371880168677,"Renovación Nacional","Renovación Nacional, Evopoli e Independientes","oficialismo"
"raw_lop025_2d","1038","Marcos Ilabaca Cerda",0.578047096729279,0.119879595935345,0.0510015307350794,0.0688780652002656,"Partido Socialista","Socialista, Liberal, Radical e Independientes","oposicion"
"raw_lop025_2d","1039","Pamela Jiles Moreno",0.210526883602142,0.977588057518005,-0.0361585089142616,1.01374656643227,"Partido de la Gente","Comité Partido de la Gente","no_alineado"
"raw_lop025_2d","1044","Raúl Leiva Carvajal",0.519877552986145,0.0593373998999596,0.0339135533266606,0.025423846573299,"Partido Socialista","Socialista, Liberal, Radical e Independientes","oposicion"
"raw_lop025_2d","1054","Francesca Muñoz González",-0.72823029756546,-0.0520207658410072,-0.0344093595683685,-0.0176114062726386,"Partido Social Cristiano","Por definir","oficialismo"
"raw_lop025_2d","1056","Emilia Nuyado Ancapichun",0.657104313373566,0.0334914550185204,0.0762105925631664,-0.042719137544646,"Partido Socialista","Socialista, Liberal, Radical e Independientes","oposicion"
"raw_lop025_2d","1059","Ximena Ossandón Irarrázabal",-0.772171497344971,-0.255569875240326,-0.026426310395004,-0.229143564845322,"Renovación Nacional","Renovación Nacional, Evopoli e Independientes","oficialismo"
"raw_lop025_2d","1060","Luis Pardo Sáinz",-0.763909876346588,-0.141075596213341,-0.0279811830703599,-0.113094413142981,"Renovación Nacional","Renovación Nacional, Evopoli e Independientes","oficialismo"
"raw_lop025_2d","1061","Andrea Parra Sauterel",0.398261159658432,-0.189071416854858,0.00218813375532703,-0.191259550610185,"Partido Por la Democracia","Partido Por la Democracia e Independientes","oposicion"
"raw_lop025_2d","1062","Joanna Pérez Olea",-0.695723831653595,0.111542880535126,-0.0398602862387322,0.151403166773858,"Partido Demócratas Chile","Renovación Nacional, Evopoli e Independientes","oficialismo"
"raw_lop025_2d","1065","Guillermo Ramírez Diez",-0.868340373039246,-0.123934552073479,-0.00648926935701158,-0.117445282716467,"Unión Demócrata Independiente","Unión Demócrata Independiente","oficialismo"
"raw_lop025_2d","1073","Juan Santana Castillo",0.762712180614471,0.103357456624508,0.11345434773481,-0.0100968911103017,"Partido Socialista","Socialista, Liberal, Radical e Independientes","oposicion"
"raw_lop025_2d","1074","Marisela Santibáñez Novoa",0.814282953739166,0.561802089214325,0.133124527695786,0.428677561518539,"Independientes","Comité Comunista e Independientes","oposicion"
"raw_lop025_2d","1075","Diego Schalper Sepúlveda",-0.809112787246704,-0.347766518592834,-0.0191682534520071,-0.328598265140827,"Renovación Nacional","Renovación Nacional, Evopoli e Independientes","oficialismo"
"raw_lop025_2d","1077","Raúl Soto Mardones",0.403608471155167,-0.0853957086801529,0.00346929583419253,-0.0888650045143454,"Partido Por la Democracia","Partido Por la Democracia e Independientes","oposicion"
"raw_lop025_2d","1082","Cristóbal Urruticoechea Ríos",-0.942367136478424,-0.334580391645432,0.0111627771773338,-0.345743168822766,"Partido Nacional Libertario","Comité Partido Nacional Libertarios","no_alineado"
"raw_lop025_2d","1086","Gonzalo Winter Etcheberry",0.726726412773132,0.0130059104412794,0.100305143335805,-0.0872992328945258,"Frente Amplio","Frente Amplio","oposicion"
"raw_lop025_2d","1087","Gael Yeomans Araya",0.739563047885895,0.013785389252007,0.104941278257201,-0.0911558890051936,"Frente Amplio","Frente Amplio","oposicion"
"raw_lop025_2d","1099","Jaime Araya Guerrero",0.435773193836212,-0.129405915737152,0.0113964150805861,-0.140802330817738,"Independientes","Partido Por la Democracia e Independientes","oposicion"
"raw_lop025_2d","1100","Cristián Araya Lerdo de Tejada",-0.987650632858276,0.156672537326813,0.0229494424842712,0.133723094842542,"Partido Republicano","Comité Partido Republicano","oficialismo"
"raw_lop025_2d","1102","Roberto Arroyo Muñoz",-0.686586737632751,-0.0616929642856121,-0.041322838876447,-0.0203701254091651,"Partido Social Cristiano","Por definir","oficialismo"
"raw_lop025_2d","1104","Chiara Barchiesi Chávez",-0.988360941410065,0.152127578854561,0.0231403037996193,0.128987275054942,"Partido Republicano","Comité Partido Republicano","oficialismo"
"raw_lop025_2d","1105","Héctor Barría Angulo",0.278631538152695,-0.856931746006012,-0.0237382230485121,-0.8331935229575,"Partido Demócrata Cristiano","Comité Democracia Cristiana, Federación Regionalista Verde Social e Independientes","oposicion"
"raw_lop025_2d","1108","Juan Carlos Beltrán Silva",-0.75373238325119,-0.226712360978127,-0.0298622927026203,-0.196850068275507,"Renovación Nacional","Renovación Nacional, Evopoli e Independientes","oficialismo"
"raw_lop025_2d","1110","Carlos Bianchi Chelech",0.336065381765366,-0.0703259408473969,-0.0119446768380759,-0.058381264009321,"Independientes","Partido Por la Democracia e Independientes","oposicion"
"raw_lop025_2d","1114","Félix Bugueño Sotelo",0.677100598812103,-0.0793193802237511,0.082949255612216,-0.162268635835967,"Frente Amplio","Frente Amplio","oposicion"
"raw_lop025_2d","1116","Felipe Camaño Cárdenas",0.215516358613968,-0.733121335506439,-0.0353061974101384,-0.697815138096301,"Independientes","Comité Democracia Cristiana, Federación Regionalista Verde Social e Independientes","oposicion"
"raw_lop025_2d","1117","Nathalie Castillo Rojas",0.905264675617218,0.424847960472107,0.170200042470276,0.254647918001831,"Partido Comunista","Comité Comunista e Independientes","oposicion"
"raw_lop025_2d","1119","Sara Concha Smith",-0.724715232849121,-0.118216544389725,-0.0350174385428627,-0.0831991058468623,"Partido Social Cristiano","Por definir","oficialismo"
"raw_lop025_2d","1122","Luis Alberto Cuello Peña y Lillo",0.951443135738373,0.30782476067543,0.19017695627854,0.11764780439689,"Partido Comunista","Comité Comunista e Independientes","oposicion"
"raw_lop025_2d","1127","Lorena Fries Monleón",0.758665859699249,0.0947071388363838,0.11195217391904,-0.0172450350826559,"Frente Amplio","Frente Amplio","oposicion"
"raw_lop025_2d","1128","Ana María Gazmuri Vieira",0.902743875980377,0.4066241979599,0.169132001046448,0.237492196913452,"Partido Acción Humanista","Comité Comunista e Independientes","oposicion"
"raw_lop025_2d","1131","Mauro González Villarroel",-0.742539465427399,0.0402690321207047,-0.0318873157426504,0.0721563478633551,"Renovación Nacional","Renovación Nacional, Evopoli e Independientes","oficialismo"
"raw_lop025_2d","1132","Jorge Guzmán Zepeda",-0.729479849338531,-0.265043050050735,-0.0341921074025336,-0.230850942648201,"Evolución Política","Renovación Nacional, Evopoli e Independientes","oficialismo"
"raw_lop025_2d","1133","Juan Irarrázaval Rossel",-0.987206339836121,0.159447893500328,0.0228301539333069,0.136617739567021,"Partido Republicano","Comité Partido Republicano","oficialismo"
"raw_lop025_2d","1140","Daniel Lilayu Vivanco",-0.905197262763977,-0.233091965317726,0.00204876361026024,-0.235140728927986,"Unión Demócrata Independiente","Unión Demócrata Independiente","oficialismo"
"raw_lop025_2d","1141","Luis Malla Valenzuela",0.345449596643448,-0.264853000640869,-0.00990297516896149,-0.254950025471907,"Partido Liberal de Chile","Socialista, Liberal, Radical e Independientes","oposicion"
"raw_lop025_2d","1142","Daniel Manouchehri Lobos",0.563271939754486,-0.0673338025808334,0.0465438390442027,-0.113877641625036,"Partido Socialista","Socialista, Liberal, Radical e Independientes","oposicion"
"raw_lop025_2d","1143","Cristóbal Martínez Ramírez",-0.810857474803925,-0.140679448843002,-0.0188131150521013,-0.121866333790901,"Unión Demócrata Independiente","Unión Demócrata Independiente","oficialismo"
"raw_lop025_2d","1146","José Carlos Meza Pereira",-0.96975976228714,0.218484118580818,0.0182030236888451,0.200281094891973,"Partido Republicano","Comité Partido Republicano","oficialismo"
"raw_lop025_2d","1148","Javiera Morales Alvarado",0.638236224651337,0.136533945798874,0.0699863043295977,0.0665476414692764,"Frente Amplio","Frente Amplio","oposicion"
"raw_lop025_2d","1150","Benjamín Moreno Bascur",-0.987426042556763,0.158081755042076,0.0228891330450333,0.135192621997043,"Partido Republicano","Comité Partido Republicano","oficialismo"
"raw_lop025_2d","1152","Gloria Naveillan Arriagada",-0.869329452514648,-0.494233191013336,-0.00626663684668294,-0.487966554166653,"Partido Nacional Libertario","Comité Partido Nacional Libertarios","no_alineado"
"raw_lop025_2d","1153","Coca Ericka Ñanco Vásquez",0.752974689006805,-0.0481886751949787,0.109849499141964,-0.158038174336943,"Frente Amplio","Frente Amplio","oposicion"
"raw_lop025_2d","1157","Marlene Pérez Cartes",-0.767032265663147,-0.114372260868549,-0.0273964721393565,-0.0869757887291925,"Independientes","Unión Demócrata Independiente","oficialismo"
"raw_lop025_2d","1159","Lorena Pizarro Sierra",0.912493646144867,0.409091085195541,0.173275792420056,0.235815292775485,"Partido Comunista","Comité Comunista e Independientes","oposicion"
"raw_lop025_2d","1165","Agustín Romero Leiva",-0.987456500530243,0.157891467213631,0.0228973108706026,0.134994156343028,"Partido Republicano","Comité Partido Republicano","oficialismo"
"raw_lop025_2d","1166","Natalia Romero Talguia",-0.616777241230011,-0.430466026067734,-0.0514886429853575,-0.378977383082376,"Independientes","Unión Demócrata Independiente","oficialismo"
"raw_lop025_2d","1170","Luis Sánchez Ossa",-0.985438585281372,0.170031979680061,0.0223562437602833,0.147675735919778,"Partido Republicano","Comité Partido Republicano","oficialismo"
"raw_lop025_2d","1171","Emilia Schneider Videla",0.766381621360779,0.0747629925608635,0.114821787491853,-0.0400587949309895,"Frente Amplio","Frente Amplio","oposicion"
"raw_lop025_2d","1172","Stephan Schubert Rubio",-0.973643600940704,0.218965113162994,0.0192234455409036,0.19974166762209,"Partido Republicano","Comité Partido Republicano","oficialismo"
"raw_lop025_2d","1173","Daniela Serrano Salazar",0.948211789131165,0.317638695240021,0.188753674723155,0.128885020516866,"Partido Comunista","Comité Comunista e Independientes","oposicion"
"raw_lop025_2d","1174","Marco Antonio Sulantay Olivares",-0.853472411632538,0.00291553279384971,-0.00979276867571919,0.0127083014695689,"Unión Demócrata Independiente","Unión Demócrata Independiente","oficialismo"
"raw_lop025_2d","1175","Cristián Tapia Ramos",0.328374922275543,-0.142319470643997,-0.0135938448504423,-0.128725625793555,"Independientes","Partido Por la Democracia e Independientes","oposicion"
"raw_lop025_2d","1176","Hotuiti Teao Drago",-0.805324971675873,0.00971344113349915,-0.019935444535038,0.0296488856685371,"Independientes","Unión Demócrata Independiente","oficialismo"
"raw_lop025_2d","1177","Carolina Tello Rojas",0.759190440177917,0.006430275272578,0.112146583422038,-0.10571630814946,"Frente Amplio","Frente Amplio","oposicion"
"raw_lop025_2d","1178","Héctor Ulloa Aguilera",0.357114404439926,-0.0799247398972511,-0.00732016306542038,-0.0726045768318307,"Independientes","Partido Por la Democracia e Independientes","oposicion"
"raw_lop025_2d","1180","Consuelo Veloso Ávila",0.731102645397186,-0.0258744861930609,0.10187890781404,-0.127753394007101,"Frente Amplio","Frente Amplio","oposicion"
"raw_lop025_2d","1181","Nelson Venegas Salazar",0.630893766880035,-0.0678210556507111,0.0675993561511051,-0.135420411801816,"Partido Socialista","Socialista, Liberal, Radical e Independientes","oposicion"
"raw_lop025_2d","1182","Sebastián Videla Castillo",0.289221972227097,-0.348862648010254,-0.021654342492451,-0.327208305517803,"Independientes","Socialista, Liberal, Radical e Independientes","oposicion"
"raw_lop025_2d","1183","Flor Weisse Novoa",-0.801013112068176,-0.0888242721557617,-0.0208023859996333,-0.0680218861561284,"Unión Demócrata Independiente","Unión Demócrata Independiente","oficialismo"
"raw_lop025_2d","1184","Roberto Celedón Fernández",0.715396106243134,0.126486584544182,0.0962631434951985,0.0302234410489834,"Independientes","Frente Amplio","oposicion"
"raw_lop025_2d","1186","Ignacio Achurra Díaz",0.746186971664429,0.0540733672678471,0.107357190217299,-0.0532838229494522,"Frente Amplio","Frente Amplio","oposicion"
"raw_lop025_2d","1187","Carlo Arqueros Pizarro",-0.987167239189148,0.159689664840698,0.0228196592311372,0.136870005609561,"Partido Republicano","Comité Partido Republicano","oficialismo"
"raw_lop025_2d","1188","Marcos Barraza Gómez",0.91398948431015,0.4057377576828,0.173914622963636,0.231823134719164,"Partido Comunista","Comité Comunista e Independientes","oposicion"
"raw_lop025_2d","1189","Jaime Bassa Mercado",0.791270911693573,0.0945387557148933,0.124226997414546,-0.0296882416996525,"Frente Amplio","Frente Amplio","oposicion"
"raw_lop025_2d","1190","Enrique Bassaletti Riess",-0.987426102161407,0.158081620931625,0.022889149048274,0.135192471883351,"Independientes","Comité Partido Republicano","oficialismo"
"raw_lop025_2d","1191","Valentina Becerra Peña",-0.987673044204712,0.156531184911728,0.0229554616365451,0.133575723275183,"Partido Republicano","Comité Partido Republicano","oficialismo"
"raw_lop025_2d","1192","Lilian Betancurt Delgado",-0.109822735190392,0.993951141834259,-0.071810824169418,1.06576196600368,"Partido de la Gente","Comité Partido de la Gente","no_alineado"
"raw_lop025_2d","1193","Patricio Briones Moller",-0.0707464590668678,0.896893203258514,-0.0694730867545967,0.966366290013111,"Partido de la Gente","Comité Partido de la Gente","no_alineado"
"raw_lop025_2d","1194","Daniel Bustos Leal",-0.987426042556763,0.158081755042076,0.0228891330450333,0.135192621997043,"Partido Republicano","Comité Partido Republicano","oficialismo"
"raw_lop025_2d","1195","Carlos Carvajal Gallardo",0.340937107801437,-0.0825787633657455,-0.0108887693287866,-0.0716899940369589,"Independientes","Partido Por la Democracia e Independientes","oposicion"
"raw_lop025_2d","1196","Priscilla Castillo Gerli",0.201898723840714,-0.790627419948578,-0.0376108883331226,-0.753016531615455,"Partido Demócrata Cristiano","Comité Democracia Cristiana, Federación Regionalista Verde Social e Independientes","oposicion"
"raw_lop025_2d","1197","Carlos Chandía Alarcón",-0.724284052848816,-0.263980805873871,-0.0350917179985691,-0.228889087875302,"Renovación Nacional","Renovación Nacional, Evopoli e Independientes","oficialismo"
"raw_lop025_2d","1198","Paz Charpentier Rajcevich",-0.987609386444092,0.156932473182678,0.022938365163184,0.133994108019494,"Partido Republicano","Comité Partido Republicano","oficialismo"
"raw_lop025_2d","1199","Jaime Coloma Álamos",-0.857171833515167,-0.109743140637875,-0.00897835750796537,-0.10076478312991,"Unión Demócrata Independiente","Unión Demócrata Independiente","oficialismo"
"raw_lop025_2d","1200","Cristian Contreras Radovic",-0.471216946840286,-0.048804335296154,-0.0669491966683786,0.0181448613722246,"Partido de la Gente","Fuera del Comité Partido de la Gente","no_alineado"
"raw_lop025_2d","1201","Flor Contreras Vivallo",-0.0658857822418213,0.56460702419281,-0.0691432194126921,0.633750243605502,"Partido de la Gente","Comité Partido de la Gente","no_alineado"
"raw_lop025_2d","1202","Eduardo Cretton Rebolledo",-0.902981460094452,-0.273242264986038,0.00152141982536624,-0.274763684811404,"Unión Demócrata Independiente","Unión Demócrata Independiente","oficialismo"
"raw_lop025_2d","1203","Sebastián Cristoffanini Jaraquemada",-0.987167239189148,0.159689605236053,0.0228196592311372,0.136869946004916,"Partido Republicano","Comité Partido Republicano","oficialismo"
"raw_lop025_2d","1204","Francisco Crisóstomo Llanos",0.589642107486725,0.0453935787081718,0.0545557144115791,-0.00916213570340731,"Partido Socialista","Socialista, Liberal, Radical e Independientes","oposicion"
"raw_lop025_2d","1205","Carlos Cuadrado Prats",0.478488713502884,-0.126146048307419,0.0225090836039146,-0.148655131911334,"Partido Por la Democracia","Partido Por la Democracia e Independientes","oposicion"
"raw_lop025_2d","1206","Carolina Cucumides Calderón",0.606793403625488,0.110387541353703,0.0599032644452707,0.0504842769084323,"Independientes","Socialista, Liberal, Radical e Independientes","oposicion"
"raw_lop025_2d","1207","Valentina Cáceres Monsálvez",0.703552663326263,0.0495936200022697,0.0920883058556067,-0.042494685853337,"Independientes","Frente Amplio","oposicion"
"raw_lop025_2d","1208","Jorge Díaz Ibarra",0.236066997051239,-0.809753179550171,-0.0316996596950261,-0.778053519855145,"Partido Demócrata Cristiano","Comité Democracia Cristiana, Federación Regionalista Verde Social e Independientes","oposicion"
"raw_lop025_2d","1209","Matías Fernández Hartwig",0.752231001853943,0.0886949375271797,0.109575610191992,-0.0208806726648119,"Frente Amplio","Frente Amplio","oposicion"
"raw_lop025_2d","1210","Gustavo Gatica Villarroel",0.927265167236328,0.374405115842819,0.179620177361337,0.194784938481482,"Independientes","Comité Comunista e Independientes","oposicion"
"raw_lop025_2d","1211","Sofía González Cortés",0.952163636684418,0.305588692426682,0.190494829707251,0.115093862719431,"Partido Comunista","Comité Comunista e Independientes","oposicion"
"raw_lop025_2d","1212","Erich Grohs Marín",-0.94525533914566,-0.326331555843353,0.0118921312311079,-0.338223687074461,"Partido Nacional Libertario","Comité Partido Nacional Libertarios","no_alineado"
"raw_lop025_2d","1213","Irací Hassler Jacob",0.913989365100861,0.405737996101379,0.173914572020065,0.231823424081314,"Partido Comunista","Comité Comunista e Independientes","oposicion"
"raw_lop025_2d","1214","Constanza Hube Portus",-0.918249249458313,-0.246751040220261,0.00519149782528477,-0.251942538045546,"Unión Demócrata Independiente","Unión Demócrata Independiente","oficialismo"
"raw_lop025_2d","1215","Álvaro Jofré Cáceres",-0.944661855697632,-0.328045606613159,0.0117420104357179,-0.339787617048877,"Partido Nacional Libertario","Comité Partido Nacional Libertarios","no_alineado"
"raw_lop025_2d","1216","Stephanie Jéldrez Ortiz",-0.987535059452057,0.157398954033852,0.0229184051462858,0.134480548887566,"Partido Republicano","Comité Partido Republicano","oficialismo"
"raw_lop025_2d","1217","Pier Karlezi Hazleby",-0.939610660076141,-0.342245250940323,0.0104695348222787,-0.352714785762602,"Partido Nacional Libertario","Comité Partido Nacional Libertarios","no_alineado"
"raw_lop025_2d","1218","José Antonio Kast Adriasola",-0.987482666969299,0.157727658748627,0.0229043367100602,0.134823322038567,"Partido Republicano","Comité Partido Republicano","oficialismo"
"raw_lop025_2d","1219","Tomás Kast Sommerhoff",-0.781663477420807,0.00458622490987182,-0.0246090439195354,0.0291952688294072,"Evolución Política","Renovación Nacional, Evopoli e Independientes","oficialismo"
"raw_lop025_2d","1220","Leandro Kunstmann Collado",-0.987466096878052,0.157831341028214,0.0228998875161143,0.1349314535121,"Partido Republicano","Comité Partido Republicano","oficialismo"
"raw_lop025_2d","1221","Benjamín Lorca Inzunza",-0.987463235855103,0.157849207520485,0.0228991193201377,0.134950088200347,"Partido Republicano","Comité Partido Republicano","oficialismo"
"raw_lop025_2d","1222","Andrea Macías Palma",0.741977214813232,0.19410540163517,0.105819926166955,0.0882854754682148,"Partido Socialista","Socialista, Liberal, Radical e Independientes","oposicion"
"raw_lop025_2d","1223","Hans Marowski Cuevas",-0.947955667972565,-0.318402230739594,0.0125768030508918,-0.330979033790486,"Partido Nacional Libertario","Comité Partido Nacional Libertarios","no_alineado"
"raw_lop025_2d","1224","Cristian Mella Andaur",0.247471153736115,-0.773371636867523,-0.0296316048322499,-0.743740032035273,"Partido Demócrata Cristiano","Comité Democracia Cristiana, Federación Regionalista Verde Social e Independientes","oposicion"
"raw_lop025_2d","1225","Cristian Menchaca Pinochet",-0.987863659858704,0.155323848128319,0.0230066638777071,0.132317184250612,"Independientes","Comité Partido Republicano","oficialismo"
"raw_lop025_2d","1226","José Montalva Feuerhake",0.371581017971039,-0.2097999304533,-0.00404780559092927,-0.205752124862371,"Independientes","Partido Por la Democracia e Independientes","oposicion"
"raw_lop025_2d","1227","Claudia Mora Vega",-0.751391232013702,-0.300608843564987,-0.030289645775423,-0.270319197789564,"Renovación Nacional","Renovación Nacional, Evopoli e Independientes","oficialismo"
"raw_lop025_2d","1228","Paulina Muñoz Minte",-0.946697294712067,-0.322124511003494,0.0122574088875154,-0.334381919891009,"Partido Nacional Libertario","Comité Partido Nacional Libertarios","no_alineado"
"raw_lop025_2d","1229","Javier Muñoz Riquelme",0.233537435531616,-0.82736748456955,-0.0321519266574947,-0.795215557912055,"Partido Demócrata Cristiano","Comité Democracia Cristiana, Federación Regionalista Verde Social e Independientes","oposicion"
"raw_lop025_2d","1230","Alex Nahuelquin Nahuelquin",-0.078375019133091,0.772102892398834,-0.0699733618379547,0.842076254236789,"Partido de la Gente","Comité Partido de la Gente","no_alineado"
"raw_lop025_2d","1231","Ximena Naranjo Pinto",-0.763655602931976,-0.106847628951073,-0.0280286422079143,-0.0788189867431587,"Independientes","Unión Demócrata Independiente","oficialismo"
"raw_lop025_2d","1232","Cristian Neira Martínez",-0.987164914608002,0.15970379114151,0.0228190353259151,0.136884755815595,"Partido Republicano","Comité Partido Republicano","oficialismo"
"raw_lop025_2d","1233","Ricardo Neumann Bertín",-0.87036007642746,-0.18184632062912,-0.00603427219398009,-0.17581204843514,"Unión Demócrata Independiente","Unión Demócrata Independiente","oficialismo"
"raw_lop025_2d","1234","Mario Olavarría Rodríguez",-0.876738131046295,-0.0186480656266212,-0.00458762858801954,-0.0140604370386017,"Unión Demócrata Independiente","Unión Demócrata Independiente","oficialismo"
"raw_lop025_2d","1235","Javier Olivares Avendaño",-0.418125331401825,0.611363172531128,-0.0706584477615296,0.682021620292658,"Partido de la Gente","Comité Partido de la Gente","no_alineado"
"raw_lop025_2d","1236","Paula Olmos Contreras",0.0210932847112417,0.910056531429291,-0.061778774351702,0.971835305780993,"Partido de la Gente","Comité Partido de la Gente","no_alineado"
"raw_lop025_2d","1237","Francisco Orrego Gutiérrez",-0.838023543357849,-0.0151164121925831,-0.0131396393450341,-0.00197677284754896,"Renovación Nacional","Renovación Nacional, Evopoli e Independientes","oficialismo"
"raw_lop025_2d","1238","Álvaro Ortiz Vera",0.274797528982162,-0.889205038547516,-0.0244825220084645,-0.864722516539052,"Partido Demócrata Cristiano","Comité Democracia Cristiana, Federación Regionalista Verde Social e Independientes","oposicion"
"raw_lop025_2d","1239","Fabián Ossandón Briceño",0.168742552399635,0.633178472518921,-0.0429385719575439,0.676117044476465,"Partido de la Gente","Comité Partido de la Gente","no_alineado"
"raw_lop025_2d","1240","Zandra Parisi Fernández",-0.103051014244556,0.96545946598053,-0.0714457339623178,1.03690519994285,"Partido de la Gente","Comité Partido de la Gente","no_alineado"
"raw_lop025_2d","1241","Patricio Pinilla Valencia",0.334988713264465,-0.798575639724731,-0.0121768642173377,-0.786398775507393,"Partido Demócrata Cristiano","Comité Democracia Cristiana, Federación Regionalista Verde Social e Independientes","oposicion"
"raw_lop025_2d","1242","Rodrigo Ramírez Parra",-0.787416160106659,-0.304357379674911,-0.0234916297466829,-0.280865749928228,"Independientes","Renovación Nacional, Evopoli e Independientes","oficialismo"
"raw_lop025_2d","1243","Tamara Ramírez Ramírez",0.154203772544861,0.742409229278564,-0.0451478469071328,0.787557076185697,"Partido de la Gente","Comité Partido de la Gente","no_alineado"
"raw_lop025_2d","1244","Claudia Reyes Larenas",-0.945560157299042,0.120891623198986,0.0119692846530057,0.10892233854598,"Partido Republicano","Comité Partido Republicano","oficialismo"
"raw_lop025_2d","1245","Alejandro Riquelme Ducci",-0.98773992061615,0.156107932329178,0.0229734241356723,0.133134508193506,"Partido Republicano","Comité Partido Republicano","oficialismo"
"raw_lop025_2d","1246","José Antonio Rivas Villalobos",0.613014340400696,-0.0979489460587502,0.0618694757744392,-0.159818421833189,"Partido Socialista","Socialista, Liberal, Radical e Independientes","oposicion"
"raw_lop025_2d","1247","Javiera Rodríguez Pascual",-0.987426042556763,0.158081755042076,0.0228891330450333,0.135192621997043,"Partido Republicano","Comité Partido Republicano","oficialismo"
"raw_lop025_2d","1248","Felipe Ross Correa",-0.995366215705872,0.0961563512682915,0.0250325248187025,0.071123826449589,"Partido Republicano","Comité Partido Republicano","oficialismo"
"raw_lop025_2d","1249","Omar Sabat Guzmán",-0.859077751636505,-0.215203210711479,-0.00855682334964028,-0.206646387361839,"Independientes","Unión Demócrata Independiente","oficialismo"
"raw_lop025_2d","1250","Bernardo Salinas Maya",0.900428473949432,0.435004115104675,0.168153033791248,0.266851081313427,"Independientes","Comité Comunista e Independientes","oposicion"
"raw_lop025_2d","1251","Macarena Santelices Cañas",-0.985707521438599,0.168458864092827,0.0224282680115217,0.146030596081305,"Partido Republicano","Comité Partido Republicano","oficialismo"
"raw_lop025_2d","1252","Constanza Schonhaut Soto",0.764615952968597,0.0897234305739403,0.114163185191707,-0.024439754617767,"Frente Amplio","Frente Amplio","oposicion"
"raw_lop025_2d","1253","Fernando Ugarte Tejeda",-0.987426042556763,0.158081755042076,0.0228891330450333,0.135192621997043,"Partido Republicano","Comité Partido Republicano","oficialismo"
"raw_lop025_2d","1254","Ignacio Urcullú Clèment-Lund",-0.987426042556763,0.158081755042076,0.0228891330450333,0.135192621997043,"Partido Republicano","Comité Partido Republicano","oficialismo"
"raw_lop025_2d","1255","Eileen Urqueta Rojas",0.0851956084370613,0.962808430194855,-0.0545792001161265,1.01738763031098,"Partido de la Gente","Comité Partido de la Gente","no_alineado"
"raw_lop025_2d","1256","Tatiana Urrutia Herrera",0.761902987957001,0.0962861999869347,0.113153460220757,-0.0168672602338219,"Frente Amplio","Frente Amplio","oposicion"
"raw_lop025_2d","1257","Alejandra Valdebenito Torres",-0.785237491130829,-0.201068863272667,-0.0239162441426131,-0.177152619130054,"Unión Demócrata Independiente","Unión Demócrata Independiente","oficialismo"
"raw_lop025_2d","1258","Guillermo Valdés Carmona",-0.0172716807574034,0.999850809574127,-0.0653683728091166,1.06521918238324,"Partido de la Gente","Comité Partido de la Gente","no_alineado"
"raw_lop025_2d","1259","Juan Marcelo Valenzuela Henríquez",-0.216185182332993,0.794376373291016,-0.0753434243629738,0.86971979765399,"Partido de la Gente","Comité Partido de la Gente","no_alineado"
"raw_lop025_2d","1260","César Valenzuela Maass",0.606497764587402,0.0287708416581154,0.0598101762404884,-0.031039334582373,"Partido Socialista","Socialista, Liberal, Radical e Independientes","oposicion"
"raw_lop025_2d","1261","Daniel Valenzuela Salazar",-0.868500649929047,-0.144271299242973,-0.00645321683929251,-0.13781808240368,"Independientes","Renovación Nacional, Evopoli e Independientes","oficialismo"
"raw_lop025_2d","1262","Diego Vergara Rodríguez",-0.987609386444092,0.156932473182678,0.022938365163184,0.133994108019494,"Partido Republicano","Comité Partido Republicano","oficialismo"
"raw_lop025_2d","1263","Sebastián Zamora Soto",-0.985452353954315,0.169952154159546,0.0223599305292212,0.147592223630325,"Independientes","Comité Partido Republicano","oficialismo"
"raw_lop025_2d","1264","Fernando Zamorano Peralta",0.402698040008545,-0.247230976819992,0.00325042654787322,-0.250481403367865,"Partido Por la Democracia","Partido Por la Democracia e Independientes","oposicion"
"raw_lop050_2d","803","René Alinco Bustos",0.227042100602248,-0.541011165583111,-0.00867781830469161,-0.532333347278419,"Independientes","Comité Democracia Cristiana, Federación Regionalista Verde Social e Independientes","oposicion"
"raw_lop050_2d","815","Sergio Bobadilla Muñoz",-0.875468399558114,-0.0659425841404247,-0.010370885596455,-0.0555716985439697,"Unión Demócrata Independiente","Unión Demócrata Independiente","oficialismo"
"raw_lop050_2d","843","René Manuel García García",-0.820781723450915,-0.130118162956771,-0.0176899832455214,-0.11242817971125,"Renovación Nacional","Renovación Nacional, Evopoli e Independientes","oficialismo"
"raw_lop050_2d","872","Jaime Mulet Martínez",0.198491590411985,-0.983279139478618,-0.0126830230930821,-0.970596116385536,"Federación Regionalista Verde Social","Comité Democracia Cristiana, Federación Regionalista Verde Social e Independientes","oposicion"
"raw_lop050_2d","915","Germán Verdugo Soto",-0.902637995880388,-0.225278300547637,-0.00644726204883281,-0.218831038498804,"Partido Nacional Libertario","Comité Partido Nacional Libertarios","no_alineado"
"raw_lop050_2d","986","Marcela Hernando Pérez",0.320861222532993,-0.093643961345081,0.00596681216612098,-0.099610773511202,"Partido Radical de Chile","Socialista, Liberal, Radical e Independientes","oposicion"
"raw_lop050_2d","1009","Jorge Alessandri Vergara",-0.888109791658307,0.0304242469432737,-0.00856904060392458,0.0389932875471983,"Unión Demócrata Independiente","Unión Demócrata Independiente","oficialismo"
"raw_lop050_2d","1012","Boris Barrera Moreno",0.970191388187844,0.336409079679771,0.169666038627947,0.166743041051824,"Partido Comunista","Comité Comunista e Independientes","oposicion"
"raw_lop050_2d","1013","Alejandro Bernales Maldonado",0.249620667237653,-0.26871145796869,-0.00536124253232867,-0.263350215436361,"Partido Liberal de Chile","Socialista, Liberal, Radical e Independientes","oposicion"
"raw_lop050_2d","1015","Jorge Brito Hasbún",0.772557304442968,-0.0644531148457934,0.108308323308414,-0.172761438154208,"Frente Amplio","Frente Amplio","oposicion"
"raw_lop050_2d","1017","Álvaro Carter Fernández",-0.968337510490911,0.175362088420115,0.00382882680670238,0.171533261613412,"Partido Republicano","Comité Partido Republicano","oficialismo"
"raw_lop050_2d","1021","Andrés Celis Montt",-0.768097539565598,-0.272672302630232,-0.0240102555729008,-0.248662047057332,"Renovación Nacional","Renovación Nacional, Evopoli e Independientes","oficialismo"
"raw_lop050_2d","1025","Catalina Del Real Mihovilovic",-0.965660082701773,0.17714596030499,0.0033882493685283,0.173757710936462,"Partido Republicano","Comité Partido Republicano","oficialismo"
"raw_lop050_2d","1028","Eduardo Durán Salinas",-0.729722725694645,0.0976409829452149,-0.0281624484232582,0.125803431368473,"Renovación Nacional","Renovación Nacional, Evopoli e Independientes","oficialismo"
"raw_lop050_2d","1038","Marcos Ilabaca Cerda",0.560932923344156,0.184252100817864,0.0537965389352181,0.130455561882646,"Partido Socialista","Socialista, Liberal, Radical e Independientes","oposicion"
"raw_lop050_2d","1039","Pamela Jiles Moreno",0.205929406805042,0.992767582607467,-0.0116598975832229,1.00442748019069,"Partido de la Gente","Comité Partido de la Gente","no_alineado"
"raw_lop050_2d","1044","Raúl Leiva Carvajal",0.504230998063201,0.0997837008839188,0.0411564726506888,0.0586272282332301,"Partido Socialista","Socialista, Liberal, Radical e Independientes","oposicion"
"raw_lop050_2d","1054","Francesca Muñoz González",-0.730707407923922,-0.0976518830455348,-0.0280606614196336,-0.0695912216259012,"Partido Social Cristiano","Por definir","oficialismo"
"raw_lop050_2d","1056","Emilia Nuyado Ancapichun",0.642812291296232,0.0780019347838117,0.0735151513328697,0.004486783450942,"Partido Socialista","Socialista, Liberal, Radical e Independientes","oposicion"
"raw_lop050_2d","1059","Ximena Ossandón Irarrázabal",-0.777622747730067,-0.223910813111139,-0.022920672847267,-0.200990140263872,"Renovación Nacional","Renovación Nacional, Evopoli e Independientes","oficialismo"
"raw_lop050_2d","1060","Luis Pardo Sáinz",-0.767176401500075,-0.103541630618084,-0.0241143808186652,-0.0794272497994192,"Renovación Nacional","Renovación Nacional, Evopoli e Independientes","oficialismo"
"raw_lop050_2d","1061","Andrea Parra Sauterel",0.38681831457696,-0.183548164502645,0.0176238336549127,-0.201171998157557,"Partido Por la Democracia","Partido Por la Democracia e Independientes","oposicion"
"raw_lop050_2d","1062","Joanna Pérez Olea",-0.69500469029442,0.158058329645537,-0.0315911262450872,0.189649455890624,"Partido Demócratas Chile","Renovación Nacional, Evopoli e Independientes","oficialismo"
"raw_lop050_2d","1065","Guillermo Ramírez Diez",-0.866214542394894,-0.1654446513412,-0.0116637104634095,-0.153780940877791,"Unión Demócrata Independiente","Unión Demócrata Independiente","oficialismo"
"raw_lop050_2d","1073","Juan Santana Castillo",0.761968210384492,0.0821180333476972,0.105305679699174,-0.0231876463514768,"Partido Socialista","Socialista, Liberal, Radical e Independientes","oposicion"
"raw_lop050_2d","1074","Marisela Santibáñez Novoa",0.842392602147362,0.567726551656687,0.128836434297949,0.438890117358739,"Independientes","Comité Comunista e Independientes","oposicion"
"raw_lop050_2d","1075","Diego Schalper Sepúlveda",-0.816572079732866,-0.326990731566167,-0.0182213576952223,-0.308769373870945,"Renovación Nacional","Renovación Nacional, Evopoli e Independientes","oficialismo"
"raw_lop050_2d","1077","Raúl Soto Mardones",0.392254600894637,-0.0768760006731953,0.0186347656575836,-0.0955107663307789,"Partido Por la Democracia","Partido Por la Democracia e Independientes","oposicion"
"raw_lop050_2d","1082","Cristóbal Urruticoechea Ríos",-0.932430937232362,-0.320120859932103,-0.00192554242597476,-0.318195317506128,"Partido Nacional Libertario","Comité Partido Nacional Libertarios","no_alineado"
"raw_lop050_2d","1086","Gonzalo Winter Etcheberry",0.718647225986027,-0.0877320754853976,0.0933233055874564,-0.181055381072854,"Frente Amplio","Frente Amplio","oposicion"
"raw_lop050_2d","1087","Gael Yeomans Araya",0.741015616127922,-0.00187814046272103,0.0994497436598852,-0.101327884122606,"Frente Amplio","Frente Amplio","oposicion"
"raw_lop050_2d","1099","Jaime Araya Guerrero",0.42503904114533,-0.11323539011093,0.024893247327965,-0.138128637438895,"Independientes","Partido Por la Democracia e Independientes","oposicion"
"raw_lop050_2d","1100","Cristián Araya Lerdo de Tejada",-0.974649006724551,0.153929156891532,0.00487472893295468,0.149054427958578,"Partido Republicano","Comité Partido Republicano","oficialismo"
"raw_lop050_2d","1102","Roberto Arroyo Muñoz",-0.68671384619379,-0.0429374889525928,-0.032363844014016,-0.0105736449385768,"Partido Social Cristiano","Por definir","oficialismo"
"raw_lop050_2d","1104","Chiara Barchiesi Chávez",-0.972785741721449,0.15159137415369,0.0045648893884902,0.1470264847652,"Partido Republicano","Comité Partido Republicano","oficialismo"
"raw_lop050_2d","1105","Héctor Barría Angulo",0.262849759214296,-0.886466854763829,-0.0033568157035998,-0.883110039060229,"Partido Demócrata Cristiano","Comité Democracia Cristiana, Federación Regionalista Verde Social e Independientes","oposicion"
"raw_lop050_2d","1108","Juan Carlos Beltrán Silva",-0.755771452619072,-0.250690452397919,-0.0253854318592999,-0.225305020538619,"Renovación Nacional","Renovación Nacional, Evopoli e Independientes","oficialismo"
"raw_lop050_2d","1110","Carlos Bianchi Chelech",0.322994085618684,-0.0565902202891527,0.00632617981965868,-0.0629164001088114,"Independientes","Partido Por la Democracia e Independientes","oposicion"
"raw_lop050_2d","1114","Félix Bugueño Sotelo",0.665851600335571,-0.150363096762458,0.0793758915469336,-0.229738988309392,"Frente Amplio","Frente Amplio","oposicion"
"raw_lop050_2d","1116","Felipe Camaño Cárdenas",0.200280934925815,-0.631492627579428,-0.0124381915688776,-0.619054436010551,"Independientes","Comité Democracia Cristiana, Federación Regionalista Verde Social e Independientes","oposicion"
"raw_lop050_2d","1117","Nathalie Castillo Rojas",0.96248413909626,0.357639902317593,0.167084120837341,0.190555781480253,"Partido Comunista","Comité Comunista e Independientes","oposicion"
"raw_lop050_2d","1119","Sara Concha Smith",-0.725210315201251,-0.0879694755988123,-0.0286256934601796,-0.0593437821386327,"Partido Social Cristiano","Por definir","oficialismo"
"raw_lop050_2d","1122","Luis Alberto Cuello Peña y Lillo",0.964548285709359,0.352097700327192,0.167774102222273,0.184323598104919,"Partido Comunista","Comité Comunista e Independientes","oposicion"
"raw_lop050_2d","1127","Lorena Fries Monleón",0.75584262755333,0.0595342040211699,0.103581937182747,-0.0440477331615776,"Frente Amplio","Frente Amplio","oposicion"
"raw_lop050_2d","1128","Ana María Gazmuri Vieira",0.983687022046364,0.295045955859076,0.174224025715266,0.12082193014381,"Partido Acción Humanista","Comité Comunista e Independientes","oposicion"
"raw_lop050_2d","1131","Mauro González Villarroel",-0.74216099103142,0.0975372345142901,-0.0268582945303091,0.124395529044599,"Renovación Nacional","Renovación Nacional, Evopoli e Independientes","oficialismo"
"raw_lop050_2d","1132","Jorge Guzmán Zepeda",-0.733215188579634,-0.244241050490202,-0.0278002995863616,-0.21644075090384,"Evolución Política","Renovación Nacional, Evopoli e Independientes","oficialismo"
"raw_lop050_2d","1133","Juan Irarrázaval Rossel",-0.974287093563485,0.156306648865173,0.00481447673714025,0.151492172128032,"Partido Republicano","Comité Partido Republicano","oficialismo"
"raw_lop050_2d","1140","Daniel Lilayu Vivanco",-0.931736477109406,-0.270750706703834,-0.00203355240464415,-0.26871715429919,"Unión Demócrata Independiente","Unión Demócrata Independiente","oficialismo"
"raw_lop050_2d","1141","Luis Malla Valenzuela",0.329795364729387,-0.170905448550942,0.00747998258100205,-0.178385431131944,"Partido Liberal de Chile","Socialista, Liberal, Radical e Independientes","oposicion"
"raw_lop050_2d","1142","Daniel Manouchehri Lobos",0.546640900028269,-0.0405097671238411,0.0505322351538648,-0.0910420022777059,"Partido Socialista","Socialista, Liberal, Radical e Independientes","oposicion"
"raw_lop050_2d","1143","Cristóbal Martínez Ramírez",-0.814452207882841,-0.207996297434543,-0.0184872111538486,-0.189509086280694,"Unión Demócrata Independiente","Unión Demócrata Independiente","oficialismo"
"raw_lop050_2d","1146","José Carlos Meza Pereira",-0.957146003831714,0.197128015116367,0.00199954670107808,0.195128468415289,"Partido Republicano","Comité Partido Republicano","oficialismo"
"raw_lop050_2d","1148","Javiera Morales Alvarado",0.650649634922992,0.125335058511136,0.0754934225013436,0.0498416360097921,"Frente Amplio","Frente Amplio","oposicion"
"raw_lop050_2d","1150","Benjamín Moreno Bascur",-0.97445567710259,0.155204307657394,0.004842538729872,0.150361768927522,"Partido Republicano","Comité Partido Republicano","oficialismo"
"raw_lop050_2d","1152","Gloria Naveillan Arriagada",-0.852766975595928,-0.496650911535113,-0.0135029840043009,-0.483147927530812,"Partido Nacional Libertario","Comité Partido Nacional Libertarios","no_alineado"
"raw_lop050_2d","1153","Coca Ericka Ñanco Vásquez",0.752454930227883,-0.107756611939764,0.102632800895631,-0.210389412835396,"Frente Amplio","Frente Amplio","oposicion"
"raw_lop050_2d","1157","Marlene Pérez Cartes",-0.771636326504385,-0.163513069964673,-0.02360819283625,-0.139904877128423,"Independientes","Unión Demócrata Independiente","oficialismo"
"raw_lop050_2d","1159","Lorena Pizarro Sierra",0.972920494503056,0.328514955008474,0.170583965165354,0.15793098984312,"Partido Comunista","Comité Comunista e Independientes","oposicion"
"raw_lop050_2d","1165","Agustín Romero Leiva",-0.974502462859498,0.154896418037489,0.00485032787130968,0.15004609016618,"Partido Republicano","Comité Partido Republicano","oficialismo"
"raw_lop050_2d","1166","Natalia Romero Talguia",-0.616424695122815,-0.450503539217632,-0.0382013068194633,-0.412302232398168,"Independientes","Unión Demócrata Independiente","oficialismo"
"raw_lop050_2d","1170","Luis Sánchez Ossa",-0.974071666828791,0.157703398252549,0.00477862803137549,0.152924770221173,"Partido Republicano","Comité Partido Republicano","oficialismo"
"raw_lop050_2d","1171","Emilia Schneider Videla",0.764737847496166,0.0499812541548578,0.10608824006138,-0.0561069859065225,"Frente Amplio","Frente Amplio","oposicion"
"raw_lop050_2d","1172","Stephan Schubert Rubio",-0.960112745888986,0.200051901028338,0.00248131577142852,0.19757058525691,"Partido Republicano","Comité Partido Republicano","oficialismo"
"raw_lop050_2d","1173","Daniela Serrano Salazar",0.970191388187844,0.336409079679771,0.169666038627947,0.166743041051824,"Partido Comunista","Comité Comunista e Independientes","oposicion"
"raw_lop050_2d","1174","Marco Antonio Sulantay Olivares",-0.86018299950825,-0.0427065074842532,-0.0124944457917558,-0.0302120616924975,"Unión Demócrata Independiente","Unión Demócrata Independiente","oficialismo"
"raw_lop050_2d","1175","Cristián Tapia Ramos",0.31499342849753,-0.134775542011642,0.00498420844894124,-0.139759750460583,"Independientes","Partido Por la Democracia e Independientes","oposicion"
"raw_lop050_2d","1176","Hotuiti Teao Drago",-0.810583222397482,-0.0570370007397049,-0.0189694276961833,-0.0380675730435217,"Independientes","Unión Demócrata Independiente","oficialismo"
"raw_lop050_2d","1177","Carolina Tello Rojas",0.760346697396618,-0.0539745014959753,0.104848441459101,-0.158822942955076,"Frente Amplio","Frente Amplio","oposicion"
"raw_lop050_2d","1178","Héctor Ulloa Aguilera",0.34450946587024,-0.0725884690712141,0.0100170559459685,-0.0826055250171827,"Independientes","Partido Por la Democracia e Independientes","oposicion"
"raw_lop050_2d","1180","Consuelo Veloso Ávila",0.725462516803233,-0.0930490419304632,0.0951762388841543,-0.188225280814617,"Frente Amplio","Frente Amplio","oposicion"
"raw_lop050_2d","1181","Nelson Venegas Salazar",0.605015359143013,0.216926931523548,0.0641974382322696,0.152729493291279,"Partido Socialista","Socialista, Liberal, Radical e Independientes","oposicion"
"raw_lop050_2d","1182","Sebastián Videla Castillo",0.273348522438621,-0.278086176331645,-0.00173389502932503,-0.27635228130232,"Independientes","Socialista, Liberal, Radical e Independientes","oposicion"
"raw_lop050_2d","1183","Flor Weisse Novoa",-0.806212951115511,-0.146263163435113,-0.0195094707196277,-0.126753692715485,"Unión Demócrata Independiente","Unión Demócrata Independiente","oficialismo"
"raw_lop050_2d","1184","Roberto Celedón Fernández",0.705245025372026,0.0688379957907674,0.0897145372304156,-0.0208765414396482,"Independientes","Frente Amplio","oposicion"
"raw_lop050_2d","1186","Ignacio Achurra Díaz",0.740484610872236,0.0071979361930155,0.0993028094833102,-0.0921048732902947,"Frente Amplio","Frente Amplio","oposicion"
"raw_lop050_2d","1187","Carlo Arqueros Pizarro",-0.974223912664195,0.156717708064372,0.00480396169504402,0.151913746369328,"Partido Republicano","Comité Partido Republicano","oficialismo"
"raw_lop050_2d","1188","Marcos Barraza Gómez",0.970191388187844,0.336409079679771,0.169666038627947,0.166743041051824,"Partido Comunista","Comité Comunista e Independientes","oposicion"
"raw_lop050_2d","1189","Jaime Bassa Mercado",0.767952928079175,0.110301541211001,0.106999146246998,0.00330239496400283,"Frente Amplio","Frente Amplio","oposicion"
"raw_lop050_2d","1190","Enrique Bassaletti Riess",-0.97445567710259,0.155204307657394,0.004842538729872,0.150361768927522,"Independientes","Comité Partido Republicano","oficialismo"
"raw_lop050_2d","1191","Valentina Becerra Peña",-0.97454216162051,0.154635509636225,0.00485693757557473,0.14977857206065,"Partido Republicano","Comité Partido Republicano","oficialismo"
"raw_lop050_2d","1192","Lilian Betancurt Delgado",-0.129547933441666,0.998772290537179,-0.043589453631078,1.04236174416826,"Partido de la Gente","Comité Partido de la Gente","no_alineado"
"raw_lop050_2d","1193","Patricio Briones Moller",-0.0830166174986791,0.907777382504375,-0.0408977851203158,0.948675167624691,"Partido de la Gente","Comité Partido de la Gente","no_alineado"
"raw_lop050_2d","1194","Daniel Bustos Leal",-0.97445567710259,0.155204307657394,0.004842538729872,0.150361768927522,"Partido Republicano","Comité Partido Republicano","oficialismo"
"raw_lop050_2d","1195","Carlos Carvajal Gallardo",0.328448612910792,-0.0701350855928548,0.00725056386916378,-0.0773856494620186,"Independientes","Partido Por la Democracia e Independientes","oposicion"
"raw_lop050_2d","1196","Priscilla Castillo Gerli",0.186290847838758,-0.708810947762001,-0.0143303680542941,-0.694480579707707,"Partido Demócrata Cristiano","Comité Democracia Cristiana, Federación Regionalista Verde Social e Independientes","oposicion"
"raw_lop050_2d","1197","Carlos Chandía Alarcón",-0.725516964069698,-0.247823735508179,-0.0285943794415657,-0.219229356066613,"Renovación Nacional","Renovación Nacional, Evopoli e Independientes","oficialismo"
"raw_lop050_2d","1198","Paz Charpentier Rajcevich",-0.974636214083147,0.154014031996461,0.00487259860545403,0.149141433391007,"Partido Republicano","Comité Partido Republicano","oficialismo"
"raw_lop050_2d","1199","Jaime Coloma Álamos",-0.867939776106155,-0.196741036709626,-0.0114243619917244,-0.185316674717902,"Unión Demócrata Independiente","Unión Demócrata Independiente","oficialismo"
"raw_lop050_2d","1200","Cristian Contreras Radovic",-0.471451215789496,-0.0350882348283063,-0.0462094421927657,0.0111212073644594,"Partido de la Gente","Fuera del Comité Partido de la Gente","no_alineado"
"raw_lop050_2d","1201","Flor Contreras Vivallo",-0.078100458880556,0.582632688155436,-0.0405807268401297,0.623213414995566,"Partido de la Gente","Comité Partido de la Gente","no_alineado"
"raw_lop050_2d","1202","Eduardo Cretton Rebolledo",-0.927415590196881,-0.320675010364843,-0.00270278392146117,-0.317972226443382,"Unión Demócrata Independiente","Unión Demócrata Independiente","oficialismo"
"raw_lop050_2d","1203","Sebastián Cristoffanini Jaraquemada",-0.974223912664195,0.156717708064372,0.00480396169504402,0.151913746369328,"Partido Republicano","Comité Partido Republicano","oficialismo"
"raw_lop050_2d","1204","Francisco Crisóstomo Llanos",0.574456686857963,0.0999847498090972,0.0569339713280929,0.0430507784810043,"Partido Socialista","Socialista, Liberal, Radical e Independientes","oposicion"
"raw_lop050_2d","1205","Carlos Cuadrado Prats",0.469404680654122,-0.0992054973054166,0.0338047629131433,-0.13301026021856,"Partido Por la Democracia","Partido Por la Democracia e Independientes","oposicion"
"raw_lop050_2d","1206","Carolina Cucumides Calderón",0.590495442295989,0.192557422986026,0.0607161236702217,0.131841299315804,"Independientes","Socialista, Liberal, Radical e Independientes","oposicion"
"raw_lop050_2d","1207","Valentina Cáceres Monsálvez",0.697916575621013,0.00428924402385618,0.0877608562569794,-0.0834716122331232,"Independientes","Frente Amplio","oposicion"
"raw_lop050_2d","1208","Jorge Díaz Ibarra",0.221850856077415,-0.916736034958825,-0.00942173794237333,-0.907314297016452,"Partido Demócrata Cristiano","Comité Democracia Cristiana, Federación Regionalista Verde Social e Independientes","oposicion"
"raw_lop050_2d","1209","Matías Fernández Hartwig",0.749216548551341,0.0446347602696158,0.101728270816206,-0.0570935105465906,"Frente Amplio","Frente Amplio","oposicion"
"raw_lop050_2d","1210","Gustavo Gatica Villarroel",0.918830579368622,0.42943215265421,0.152749902325539,0.276682250328671,"Independientes","Comité Comunista e Independientes","oposicion"
"raw_lop050_2d","1211","Sofía González Cortés",0.974404933138114,0.324129626105535,0.171084059622918,0.153045566482617,"Partido Comunista","Comité Comunista e Independientes","oposicion"
"raw_lop050_2d","1212","Erich Grohs Marín",-0.944183854333676,-0.283214404898499,-7.87009643000713e-05,-0.283135703934198,"Partido Nacional Libertario","Comité Partido Nacional Libertarios","no_alineado"
"raw_lop050_2d","1213","Irací Hassler Jacob",0.970191388187844,0.336409079679771,0.169666038627947,0.166743041051824,"Partido Comunista","Comité Comunista e Independientes","oposicion"
"raw_lop050_2d","1214","Constanza Hube Portus",-0.953157652497313,-0.251099945576089,0.00135546231900174,-0.25245540789509,"Unión Demócrata Independiente","Unión Demócrata Independiente","oficialismo"
"raw_lop050_2d","1215","Álvaro Jofré Cáceres",-0.934280829224868,-0.314624376297398,-0.00163721904996073,-0.312987157247438,"Partido Nacional Libertario","Comité Partido Nacional Libertarios","no_alineado"
"raw_lop050_2d","1216","Stephanie Jéldrez Ortiz",-0.974542702233495,0.154631505798736,0.00485702758854814,0.149774478210188,"Partido Republicano","Comité Partido Republicano","oficialismo"
"raw_lop050_2d","1217","Pier Karlezi Hazleby",-0.936162414248496,-0.308923640772973,-0.0013430489285095,-0.307580591844463,"Partido Nacional Libertario","Comité Partido Nacional Libertarios","no_alineado"
"raw_lop050_2d","1218","José Antonio Kast Adriasola",-0.974515735923082,0.154808633793776,0.00485253774445946,0.149956096049316,"Partido Republicano","Comité Partido Republicano","oficialismo"
"raw_lop050_2d","1219","Tomás Kast Sommerhoff",-0.780488645687588,0.0624547396268221,-0.0225882566429577,0.0850429962697798,"Evolución Política","Renovación Nacional, Evopoli e Independientes","oficialismo"
"raw_lop050_2d","1220","Leandro Kunstmann Collado",-0.974430813027829,0.155366649965431,0.00483839945673376,0.150528250508697,"Partido Republicano","Comité Partido Republicano","oficialismo"
"raw_lop050_2d","1221","Benjamín Lorca Inzunza",-0.974463725016463,0.15515111826446,0.00484387854906426,0.150307239715396,"Partido Republicano","Comité Partido Republicano","oficialismo"
"raw_lop050_2d","1222","Andrea Macías Palma",0.739238918876639,0.180014178345961,0.0989584006607022,0.0810557776852592,"Partido Socialista","Socialista, Liberal, Radical e Independientes","oposicion"
"raw_lop050_2d","1223","Hans Marowski Cuevas",-0.943800678580203,-0.284499816825542,-0.000139475661138977,-0.284360341164403,"Partido Nacional Libertario","Comité Partido Nacional Libertarios","no_alineado"
"raw_lop050_2d","1224","Cristian Mella Andaur",0.232110390793492,-0.694656570010433,-0.00794480049134805,-0.686711769519085,"Partido Demócrata Cristiano","Comité Democracia Cristiana, Federación Regionalista Verde Social e Independientes","oposicion"
"raw_lop050_2d","1225","Cristian Menchaca Pinochet",-0.974920176178688,0.152122141690055,0.00491989607167989,0.147202245618375,"Independientes","Comité Partido Republicano","oficialismo"
"raw_lop050_2d","1226","José Montalva Feuerhake",0.359014200206754,-0.248084051176912,0.0125727832308468,-0.260656834407759,"Independientes","Partido Por la Democracia e Independientes","oposicion"
"raw_lop050_2d","1227","Claudia Mora Vega",-0.75516773897667,-0.285459397908774,-0.0254517774995135,-0.260007620409261,"Renovación Nacional","Renovación Nacional, Evopoli e Independientes","oficialismo"
"raw_lop050_2d","1228","Paulina Muñoz Minte",-0.937331664442513,-0.305322393733555,-0.00115978555542229,-0.304162608178133,"Partido Nacional Libertario","Comité Partido Nacional Libertarios","no_alineado"
"raw_lop050_2d","1229","Javier Muñoz Riquelme",0.217959969545174,-0.764570600927932,-0.00997474729867776,-0.754595853629254,"Partido Demócrata Cristiano","Comité Democracia Cristiana, Federación Regionalista Verde Social e Independientes","oposicion"
"raw_lop050_2d","1230","Alex Nahuelquin Nahuelquin",-0.091157234901847,0.787882074046379,-0.041409066661635,0.829291140708014,"Partido de la Gente","Comité Partido de la Gente","no_alineado"
"raw_lop050_2d","1231","Ximena Naranjo Pinto",-0.766156639276669,-0.139587866415352,-0.024229398809519,-0.115358467605833,"Independientes","Unión Demócrata Independiente","oficialismo"
"raw_lop050_2d","1232","Cristian Neira Martínez",-0.974226735541613,0.156698513681106,0.0048044314775961,0.15189408220351,"Partido Republicano","Comité Partido Republicano","oficialismo"
"raw_lop050_2d","1233","Ricardo Neumann Bertín",-0.884776120123748,-0.235834003279347,-0.00904821532238889,-0.226785787956958,"Unión Demócrata Independiente","Unión Demócrata Independiente","oficialismo"
"raw_lop050_2d","1234","Mario Olavarría Rodríguez",-0.891693177608777,-0.0823312294182303,-0.00805077021041681,-0.0742804592078135,"Unión Demócrata Independiente","Unión Demócrata Independiente","oficialismo"
"raw_lop050_2d","1235","Javier Olivares Avendaño",-0.420426319286851,0.613383335569604,-0.0477359438774914,0.661119279447095,"Partido de la Gente","Comité Partido de la Gente","no_alineado"
"raw_lop050_2d","1236","Paula Olmos Contreras",0.0089909013111828,0.909345990515877,-0.0339286959734777,0.943274686489355,"Partido de la Gente","Comité Partido de la Gente","no_alineado"
"raw_lop050_2d","1237","Francisco Orrego Gutiérrez",-0.83340259664064,0.0110667476836078,-0.016069434178577,0.0271361818621848,"Renovación Nacional","Renovación Nacional, Evopoli e Independientes","oficialismo"
"raw_lop050_2d","1238","Álvaro Ortiz Vera",0.258920162829757,-0.853623131234238,-0.00395693589708734,-0.849666195337151,"Partido Demócrata Cristiano","Comité Democracia Cristiana, Federación Regionalista Verde Social e Independientes","oposicion"
"raw_lop050_2d","1239","Fabián Ossandón Briceño",0.155855933680531,0.650715291556595,-0.018272048100696,0.668987339657291,"Partido de la Gente","Comité Partido de la Gente","no_alineado"
"raw_lop050_2d","1240","Zandra Parisi Fernández",-0.115559326871396,0.967619239490153,-0.042839075916751,1.0104583154069,"Partido de la Gente","Comité Partido de la Gente","no_alineado"
"raw_lop050_2d","1241","Patricio Pinilla Valencia",0.318993857745214,-0.822275319179563,0.00565314357859226,-0.827928462758156,"Partido Demócrata Cristiano","Comité Democracia Cristiana, Federación Regionalista Verde Social e Independientes","oposicion"
"raw_lop050_2d","1242","Rodrigo Ramírez Parra",-0.793061761212646,-0.282379946830039,-0.0211048192065527,-0.261275127623486,"Independientes","Renovación Nacional, Evopoli e Independientes","oficialismo"
"raw_lop050_2d","1243","Tamara Ramírez Ramírez",0.141487696383323,0.765825898259641,-0.0200497364850505,0.785875634744691,"Partido de la Gente","Comité Partido de la Gente","no_alineado"
"raw_lop050_2d","1244","Claudia Reyes Larenas",-0.93469230352393,0.0987860902304498,-0.00157296662712363,0.100359056857573,"Partido Republicano","Comité Partido Republicano","oficialismo"
"raw_lop050_2d","1245","Alejandro Riquelme Ducci",-0.974856812725007,0.152546982204814,0.00490934028394138,0.147637641920873,"Partido Republicano","Comité Partido Republicano","oficialismo"
"raw_lop050_2d","1246","José Antonio Rivas Villalobos",0.593887108465915,-0.0305472061155959,0.0615244378482346,-0.0920716439638306,"Partido Socialista","Socialista, Liberal, Radical e Independientes","oposicion"
"raw_lop050_2d","1247","Javiera Rodríguez Pascual",-0.97445567710259,0.155204307657394,0.004842538729872,0.150361768927522,"Partido Republicano","Comité Partido Republicano","oficialismo"
"raw_lop050_2d","1248","Felipe Ross Correa",-0.982900979989407,0.0817127817654748,0.00625772111179344,0.0754550606536813,"Partido Republicano","Comité Partido Republicano","oficialismo"
"raw_lop050_2d","1249","Omar Sabat Guzmán",-0.871297478225445,-0.259811028574791,-0.0109563297917967,-0.248854698782994,"Independientes","Unión Demócrata Independiente","oficialismo"
"raw_lop050_2d","1250","Bernardo Salinas Maya",0.966200896047964,0.34758658297823,0.16832731311198,0.17925926986625,"Independientes","Comité Comunista e Independientes","oposicion"
"raw_lop050_2d","1251","Macarena Santelices Cañas",-0.972186520151915,0.151486918649567,0.00446543636738589,0.147021482282181,"Partido Republicano","Comité Partido Republicano","oficialismo"
"raw_lop050_2d","1252","Constanza Schonhaut Soto",0.76188127122688,0.0670688830134255,0.105281147144265,-0.0382122641308396,"Frente Amplio","Frente Amplio","oposicion"
"raw_lop050_2d","1253","Fernando Ugarte Tejeda",-0.97445567710259,0.155204307657394,0.004842538729872,0.150361768927522,"Partido Republicano","Comité Partido Republicano","oficialismo"
"raw_lop050_2d","1254","Ignacio Urcullú Clèment-Lund",-0.97445567710259,0.155204307657394,0.004842538729872,0.150361768927522,"Partido Republicano","Comité Partido Republicano","oficialismo"
"raw_lop050_2d","1255","Eileen Urqueta Rojas",0.0725296287704457,0.985149354173727,-0.0278391172361599,1.01298847140989,"Partido de la Gente","Comité Partido de la Gente","no_alineado"
"raw_lop050_2d","1256","Tatiana Urrutia Herrera",0.761941099790429,0.0668804316252861,0.105298029402416,-0.0384175977771294,"Frente Amplio","Frente Amplio","oposicion"
"raw_lop050_2d","1257","Alejandra Valdebenito Torres",-0.788199263972293,-0.262020607304091,-0.0216833641791692,-0.240337243124922,"Unión Demócrata Independiente","Unión Demócrata Independiente","oficialismo"
"raw_lop050_2d","1258","Guillermo Valdés Carmona",-0.0318397041061795,1.00865248060132,-0.0372913629862666,1.04594384358759,"Partido de la Gente","Comité Partido de la Gente","no_alineado"
"raw_lop050_2d","1259","Juan Marcelo Valenzuela Henríquez",-0.222961827730596,0.810273836241877,-0.0473041785815184,0.857578014823395,"Partido de la Gente","Comité Partido de la Gente","no_alineado"
"raw_lop050_2d","1260","César Valenzuela Maass",0.590790070592331,0.100353319970091,0.0607862226676433,0.0395670973024479,"Partido Socialista","Socialista, Liberal, Radical e Independientes","oposicion"
"raw_lop050_2d","1261","Daniel Valenzuela Salazar",-0.864748217609051,-0.12280387162218,-0.0118665348693574,-0.110937336752823,"Independientes","Renovación Nacional, Evopoli e Independientes","oficialismo"
"raw_lop050_2d","1262","Diego Vergara Rodríguez",-0.974636214080316,0.154014046992488,0.00487259860498251,0.149141448387506,"Partido Republicano","Comité Partido Republicano","oficialismo"
"raw_lop050_2d","1263","Sebastián Zamora Soto",-0.969688591688716,0.173778747930892,0.00405185377930267,0.169726894151589,"Independientes","Comité Partido Republicano","oficialismo"
"raw_lop050_2d","1264","Fernando Zamorano Peralta",0.388618793380824,-0.179123416429498,0.0179578050299088,-0.197081221459407,"Partido Por la Democracia","Partido Por la Democracia e Independientes","oposicion"
"cap20_balanced_lop025_2d","803","René Alinco Bustos",0.153748209402506,-0.876307059837909,0.0832517062776418,-0.959558766115551,"Independientes","Comité Democracia Cristiana, Federación Regionalista Verde Social e Independientes","oposicion"
"cap20_balanced_lop025_2d","815","Sergio Bobadilla Muñoz",-0.793582361882397,-0.0770401890758935,-0.00630476884092943,-0.0707354202349641,"Unión Demócrata Independiente","Unión Demócrata Independiente","oficialismo"
"cap20_balanced_lop025_2d","843","René Manuel García García",-0.79663962176903,-0.179565579443317,-0.00692599516632197,-0.172639584276995,"Renovación Nacional","Renovación Nacional, Evopoli e Independientes","oficialismo"
"cap20_balanced_lop025_2d","872","Jaime Mulet Martínez",0.216508276878208,-0.844224894791301,0.0819367622727233,-0.926161657064024,"Federación Regionalista Verde Social","Comité Democracia Cristiana, Federación Regionalista Verde Social e Independientes","oposicion"
"cap20_balanced_lop025_2d","915","Germán Verdugo Soto",-0.857701510956526,-0.0896323364004119,-0.0197812375973117,-0.0698510988031002,"Partido Nacional Libertario","Comité Partido Nacional Libertarios","no_alineado"
"cap20_balanced_lop025_2d","986","Marcela Hernando Pérez",0.311518960779431,-0.175080197987872,0.0782322523801707,-0.253312450368043,"Partido Radical de Chile","Socialista, Liberal, Radical e Independientes","oposicion"
"cap20_balanced_lop025_2d","1009","Jorge Alessandri Vergara",-0.821487017030475,-0.0408873742484617,-0.012054187960175,-0.0288331862882867,"Unión Demócrata Independiente","Unión Demócrata Independiente","oficialismo"
"cap20_balanced_lop025_2d","1012","Boris Barrera Moreno",0.773240002450146,0.265386828302963,0.0308394835865352,0.234547344716428,"Partido Comunista","Comité Comunista e Independientes","oposicion"
"cap20_balanced_lop025_2d","1013","Alejandro Bernales Maldonado",0.283932536615209,-0.276284628623753,0.0795205199057538,-0.355805148529507,"Partido Liberal de Chile","Socialista, Liberal, Radical e Independientes","oposicion"
"cap20_balanced_lop025_2d","1015","Jorge Brito Hasbún",0.7879350789357,-0.0467414322659624,0.0285306782849076,-0.0752721105508701,"Frente Amplio","Frente Amplio","oposicion"
"cap20_balanced_lop025_2d","1017","Álvaro Carter Fernández",-0.855264510386557,-0.196623762186982,-0.0192518457935022,-0.17737191639348,"Partido Republicano","Comité Partido Republicano","oficialismo"
"cap20_balanced_lop025_2d","1021","Andrés Celis Montt",-0.836745386967192,0.504102422710669,-0.0152732918307956,0.519375714541464,"Renovación Nacional","Renovación Nacional, Evopoli e Independientes","oficialismo"
"cap20_balanced_lop025_2d","1025","Catalina Del Real Mihovilovic",-0.847093889523056,-0.231951142486454,-0.0174868439586347,-0.21446429852782,"Partido Republicano","Comité Partido Republicano","oficialismo"
"cap20_balanced_lop025_2d","1028","Eduardo Durán Salinas",-0.710282771248504,0.205113172717648,0.00979900661974317,0.195314166097905,"Renovación Nacional","Renovación Nacional, Evopoli e Independientes","oficialismo"
"cap20_balanced_lop025_2d","1038","Marcos Ilabaca Cerda",0.493155697566063,0.0177333694922584,0.0654049541936702,-0.0476715847014118,"Partido Socialista","Socialista, Liberal, Radical e Independientes","oposicion"
"cap20_balanced_lop025_2d","1039","Pamela Jiles Moreno",0.0864030894295254,0.927661415184107,0.0836609286863663,0.844000486497741,"Partido de la Gente","Comité Partido de la Gente","no_alineado"
"cap20_balanced_lop025_2d","1044","Raúl Leiva Carvajal",0.44285966916248,-0.0477413545250911,0.0697121703761611,-0.117453524901252,"Partido Socialista","Socialista, Liberal, Radical e Independientes","oposicion"
"cap20_balanced_lop025_2d","1054","Francesca Muñoz González",-0.713797899744466,-0.0345266364298185,0.00915151460299435,-0.0436781510328129,"Partido Social Cristiano","Por definir","oficialismo"
"cap20_balanced_lop025_2d","1056","Emilia Nuyado Ancapichun",0.57744212300111,-0.168152374831911,0.0568899492651934,-0.225042324097104,"Partido Socialista","Socialista, Liberal, Radical e Independientes","oposicion"
"cap20_balanced_lop025_2d","1059","Ximena Ossandón Irarrázabal",-0.828147451785394,0.450650203327188,-0.0134528123303913,0.46410301565758,"Renovación Nacional","Renovación Nacional, Evopoli e Independientes","oficialismo"
"cap20_balanced_lop025_2d","1060","Luis Pardo Sáinz",-0.775659301454175,0.289419802206971,-0.0027058481693566,0.292125650376328,"Renovación Nacional","Renovación Nacional, Evopoli e Independientes","oficialismo"
"cap20_balanced_lop025_2d","1061","Andrea Parra Sauterel",0.285290787955222,-0.188783126343191,0.0794611635581801,-0.268244289901371,"Partido Por la Democracia","Partido Por la Democracia e Independientes","oposicion"
"cap20_balanced_lop025_2d","1062","Joanna Pérez Olea",-0.676907398836984,0.154192358610075,0.0158060292693498,0.138386329340726,"Partido Demócratas Chile","Renovación Nacional, Evopoli e Independientes","oficialismo"
"cap20_balanced_lop025_2d","1065","Guillermo Ramírez Diez",-0.800503533668501,0.118527461498822,-0.00771418844338387,0.126241649942206,"Unión Demócrata Independiente","Unión Demócrata Independiente","oficialismo"
"cap20_balanced_lop025_2d","1073","Juan Santana Castillo",0.804183570971147,0.0765484409434722,0.0259203238423333,0.0506281171011389,"Partido Socialista","Socialista, Liberal, Radical e Independientes","oposicion"
"cap20_balanced_lop025_2d","1074","Marisela Santibáñez Novoa",0.726238316065576,0.188582408761824,0.0378925651319699,0.150689843629854,"Independientes","Comité Comunista e Independientes","oposicion"
"cap20_balanced_lop025_2d","1075","Diego Schalper Sepúlveda",-0.916685000276664,0.413669503216208,-0.0330084815159906,0.446677984732198,"Renovación Nacional","Renovación Nacional, Evopoli e Independientes","oficialismo"
"cap20_balanced_lop025_2d","1077","Raúl Soto Mardones",0.294347625483768,0.0107409380670669,0.0790545898085849,-0.068313651741518,"Partido Por la Democracia","Partido Por la Democracia e Independientes","oposicion"
"cap20_balanced_lop025_2d","1082","Cristóbal Urruticoechea Ríos",-1.05778244627231,0.0280208967590452,-0.0678778016902694,0.0958986984493146,"Partido Nacional Libertario","Comité Partido Nacional Libertarios","no_alineado"
"cap20_balanced_lop025_2d","1086","Gonzalo Winter Etcheberry",0.706175036676051,-0.021656825159022,0.0407494233560037,-0.0624062485150257,"Frente Amplio","Frente Amplio","oposicion"
"cap20_balanced_lop025_2d","1087","Gael Yeomans Araya",0.732831501900764,0.118131536075264,0.0369336513807108,0.081197884694553,"Frente Amplio","Frente Amplio","oposicion"
"cap20_balanced_lop025_2d","1099","Jaime Araya Guerrero",0.31550676938887,-0.10833315622625,0.0780316283888123,-0.186364784615062,"Independientes","Partido Por la Democracia e Independientes","oposicion"
"cap20_balanced_lop025_2d","1100","Cristián Araya Lerdo de Tejada",-0.862124325909412,-0.215360625632225,-0.0207454784813135,-0.194615147150911,"Partido Republicano","Comité Partido Republicano","oficialismo"
"cap20_balanced_lop025_2d","1102","Roberto Arroyo Muñoz",-0.698035470538054,-0.134697201260355,0.0120329062159233,-0.146730107476278,"Partido Social Cristiano","Por definir","oficialismo"
"cap20_balanced_lop025_2d","1104","Chiara Barchiesi Chávez",-0.857105318920534,-0.202989881056499,-0.0196516007918953,-0.183338280264604,"Partido Republicano","Comité Partido Republicano","oficialismo"
"cap20_balanced_lop025_2d","1105","Héctor Barría Angulo",0.318145621450344,-0.806236272384477,0.077896870171416,-0.884133142555893,"Partido Demócrata Cristiano","Comité Democracia Cristiana, Federación Regionalista Verde Social e Independientes","oposicion"
"cap20_balanced_lop025_2d","1108","Juan Carlos Beltrán Silva",-0.723702430559199,-0.22041503102223,0.00731188822818762,-0.227726919250417,"Renovación Nacional","Renovación Nacional, Evopoli e Independientes","oficialismo"
"cap20_balanced_lop025_2d","1110","Carlos Bianchi Chelech",0.25551725148962,-0.0257106218619683,0.0806655547375347,-0.106376176599503,"Independientes","Partido Por la Democracia e Independientes","oposicion"
"cap20_balanced_lop025_2d","1114","Félix Bugueño Sotelo",0.64230161855035,-0.0805735847776225,0.0492315310761857,-0.129805115853808,"Frente Amplio","Frente Amplio","oposicion"
"cap20_balanced_lop025_2d","1116","Felipe Camaño Cárdenas",0.228565429957354,-0.462115033775327,0.0815810031787223,-0.54369603695405,"Independientes","Comité Democracia Cristiana, Federación Regionalista Verde Social e Independientes","oposicion"
"cap20_balanced_lop025_2d","1117","Nathalie Castillo Rojas",0.758006126205106,0.315173394469376,0.0331808133086224,0.281992581160754,"Partido Comunista","Comité Comunista e Independientes","oposicion"
"cap20_balanced_lop025_2d","1119","Sara Concha Smith",-0.729949383751449,0.0347188726729438,0.00614006910918471,0.0285788035637591,"Partido Social Cristiano","Por definir","oficialismo"
"cap20_balanced_lop025_2d","1122","Luis Alberto Cuello Peña y Lillo",0.7731423519504,0.26574060500363,0.0308546607102664,0.234885944293364,"Partido Comunista","Comité Comunista e Independientes","oposicion"
"cap20_balanced_lop025_2d","1127","Lorena Fries Monleón",0.722637400699267,0.0880269583853679,0.0384120857243856,0.0496148726609823,"Frente Amplio","Frente Amplio","oposicion"
"cap20_balanced_lop025_2d","1128","Ana María Gazmuri Vieira",0.774068585145966,0.262363009367949,0.0307106151153953,0.231652394252554,"Partido Acción Humanista","Comité Comunista e Independientes","oposicion"
"cap20_balanced_lop025_2d","1131","Mauro González Villarroel",-0.72868466327876,0.213603318753669,0.00637802897420445,0.207225289779465,"Renovación Nacional","Renovación Nacional, Evopoli e Independientes","oficialismo"
"cap20_balanced_lop025_2d","1132","Jorge Guzmán Zepeda",-0.751701125474675,0.400123068875168,0.00199019130765127,0.398132877567517,"Evolución Política","Renovación Nacional, Evopoli e Independientes","oficialismo"
"cap20_balanced_lop025_2d","1133","Juan Irarrázaval Rossel",-0.859169466843994,-0.208653469846684,-0.0201007783581298,-0.188552691488554,"Partido Republicano","Comité Partido Republicano","oficialismo"
"cap20_balanced_lop025_2d","1140","Daniel Lilayu Vivanco",-0.919666692548488,0.305745481269151,-0.0336982603830685,0.339443741652219,"Unión Demócrata Independiente","Unión Demócrata Independiente","oficialismo"
"cap20_balanced_lop025_2d","1141","Luis Malla Valenzuela",0.317769608598876,-0.21384215259331,0.0779161692955827,-0.291758321888893,"Partido Liberal de Chile","Socialista, Liberal, Radical e Independientes","oposicion"
"cap20_balanced_lop025_2d","1142","Daniel Manouchehri Lobos",0.49138718764027,-0.114058567483634,0.0655662169018811,-0.179624784385515,"Partido Socialista","Socialista, Liberal, Radical e Independientes","oposicion"
"cap20_balanced_lop025_2d","1143","Cristóbal Martínez Ramírez",-0.746285273201459,-0.176340249674462,0.00303356308161143,-0.179373812756073,"Unión Demócrata Independiente","Unión Demócrata Independiente","oficialismo"
"cap20_balanced_lop025_2d","1146","José Carlos Meza Pereira",-0.837415939267238,-0.180612565913598,-0.0154159814716797,-0.165196584441918,"Partido Republicano","Comité Partido Republicano","oficialismo"
"cap20_balanced_lop025_2d","1148","Javiera Morales Alvarado",0.774523000814316,0.260687476668938,0.030639873734188,0.23004760293475,"Frente Amplio","Frente Amplio","oposicion"
"cap20_balanced_lop025_2d","1150","Benjamín Moreno Bascur",-0.863133131504294,-0.215506682541153,-0.0209660399206927,-0.19454064262046,"Partido Republicano","Comité Partido Republicano","oficialismo"
"cap20_balanced_lop025_2d","1152","Gloria Naveillan Arriagada",-1.04195749550054,0.227862334256986,-0.063740332945058,0.291602667202044,"Partido Nacional Libertario","Comité Partido Nacional Libertarios","no_alineado"
"cap20_balanced_lop025_2d","1153","Coca Ericka Ñanco Vásquez",0.773229470401329,-0.066041770181683,0.0308411206129972,-0.0968828907946802,"Frente Amplio","Frente Amplio","oposicion"
"cap20_balanced_lop025_2d","1157","Marlene Pérez Cartes",-0.728786530763572,-0.0624158754584129,0.00635887593244569,-0.0687747513908586,"Independientes","Unión Demócrata Independiente","oficialismo"
"cap20_balanced_lop025_2d","1159","Lorena Pizarro Sierra",0.776692314894548,0.252514281997242,0.0303015139516046,0.222212768045638,"Partido Comunista","Comité Comunista e Independientes","oposicion"
"cap20_balanced_lop025_2d","1165","Agustín Romero Leiva",-0.86297032164071,-0.216107443510385,-0.0209304280400235,-0.195177015470362,"Partido Republicano","Comité Partido Republicano","oficialismo"
"cap20_balanced_lop025_2d","1166","Natalia Romero Talguia",-0.622725654557203,-0.367136121036319,0.025015460092927,-0.392151581129246,"Independientes","Unión Demócrata Independiente","oficialismo"
"cap20_balanced_lop025_2d","1170","Luis Sánchez Ossa",-0.859153751820688,-0.204006363168025,-0.0200973549440322,-0.183909008223993,"Partido Republicano","Comité Partido Republicano","oficialismo"
"cap20_balanced_lop025_2d","1171","Emilia Schneider Videla",0.738670343330299,0.0956799463650428,0.0360761502348427,0.0596037961302001,"Frente Amplio","Frente Amplio","oposicion"
"cap20_balanced_lop025_2d","1172","Stephan Schubert Rubio",-0.842038431982029,-0.185241336301117,-0.0164024185282812,-0.168838917772836,"Partido Republicano","Comité Partido Republicano","oficialismo"
"cap20_balanced_lop025_2d","1173","Daniela Serrano Salazar",0.77324006138457,0.265386675957188,0.0308394744261178,0.23454720153107,"Partido Comunista","Comité Comunista e Independientes","oposicion"
"cap20_balanced_lop025_2d","1174","Marco Antonio Sulantay Olivares",-0.780376051184481,0.00738527603453836,-0.00364584170342368,0.011031117737962,"Unión Demócrata Independiente","Unión Demócrata Independiente","oficialismo"
"cap20_balanced_lop025_2d","1175","Cristián Tapia Ramos",0.25240769093579,-0.0594004601863083,0.0807796509932791,-0.140180111179587,"Independientes","Partido Por la Democracia e Independientes","oposicion"
"cap20_balanced_lop025_2d","1176","Hotuiti Teao Drago",-0.728974958194741,0.0891847547491997,0.00632344170586926,0.0828613130433305,"Independientes","Unión Demócrata Independiente","oficialismo"
"cap20_balanced_lop025_2d","1177","Carolina Tello Rojas",0.743914881524618,-0.0578065525536656,0.0352992834609228,-0.0931058360145884,"Frente Amplio","Frente Amplio","oposicion"
"cap20_balanced_lop025_2d","1178","Héctor Ulloa Aguilera",0.266248181383542,-0.0921916187563104,0.0802548335478756,-0.172446452304186,"Independientes","Partido Por la Democracia e Independientes","oposicion"
"cap20_balanced_lop025_2d","1180","Consuelo Veloso Ávila",0.694584404371909,-0.0893764628992114,0.042357893337238,-0.131734356236449,"Frente Amplio","Frente Amplio","oposicion"
"cap20_balanced_lop025_2d","1181","Nelson Venegas Salazar",0.5467914678719,-0.239691065011189,0.0601743819142333,-0.299865446925423,"Partido Socialista","Socialista, Liberal, Radical e Independientes","oposicion"
"cap20_balanced_lop025_2d","1182","Sebastián Videla Castillo",0.283763456200163,-0.295239620745543,0.0795278792892145,-0.374767500034758,"Independientes","Socialista, Liberal, Radical e Independientes","oposicion"
"cap20_balanced_lop025_2d","1183","Flor Weisse Novoa",-0.750764429019788,-0.0804397724798225,0.00217112693462609,-0.0826108994144486,"Unión Demócrata Independiente","Unión Demócrata Independiente","oficialismo"
"cap20_balanced_lop025_2d","1184","Roberto Celedón Fernández",0.661458050520174,0.0208234698920835,0.0467855819552602,-0.0259621120631767,"Independientes","Frente Amplio","oposicion"
"cap20_balanced_lop025_2d","1186","Ignacio Achurra Díaz",0.714001564364879,0.0854156979289215,0.0396459353009616,0.0457697626279599,"Frente Amplio","Frente Amplio","oposicion"
"cap20_balanced_lop025_2d","1187","Carlo Arqueros Pizarro",-0.859120994406505,-0.208116039332487,-0.020090219139116,-0.188025820193371,"Partido Republicano","Comité Partido Republicano","oficialismo"
"cap20_balanced_lop025_2d","1188","Marcos Barraza Gómez",0.773239947206542,0.265386799261615,0.0308394921732728,0.234547307088342,"Partido Comunista","Comité Comunista e Independientes","oposicion"
"cap20_balanced_lop025_2d","1189","Jaime Bassa Mercado",0.772204385941233,0.0406683732904563,0.0310003310454965,0.00966804224495978,"Frente Amplio","Frente Amplio","oposicion"
"cap20_balanced_lop025_2d","1190","Enrique Bassaletti Riess",-0.863131702872965,-0.215576893310909,-0.0209657274055967,-0.194611165905312,"Independientes","Comité Partido Republicano","oficialismo"
"cap20_balanced_lop025_2d","1191","Valentina Becerra Peña",-0.861913151981026,-0.221438998289386,-0.0206993376679746,-0.200739660621411,"Partido Republicano","Comité Partido Republicano","oficialismo"
"cap20_balanced_lop025_2d","1192","Lilian Betancurt Delgado",-0.0486871897022661,0.949408803524022,0.0813551108016012,0.868053692722421,"Partido de la Gente","Comité Partido de la Gente","no_alineado"
"cap20_balanced_lop025_2d","1193","Patricio Briones Moller",-0.00196305465818372,0.940246226151701,0.0826246970320323,0.857621529119668,"Partido de la Gente","Comité Partido de la Gente","no_alineado"
"cap20_balanced_lop025_2d","1194","Daniel Bustos Leal",-0.863124578873353,-0.215490707342248,-0.0209641690277121,-0.194526538314536,"Partido Republicano","Comité Partido Republicano","oficialismo"
"cap20_balanced_lop025_2d","1195","Carlos Carvajal Gallardo",0.216134853320245,-0.0501028184445372,0.0819472498081942,-0.132050068252731,"Independientes","Partido Por la Democracia e Independientes","oposicion"
"cap20_balanced_lop025_2d","1196","Priscilla Castillo Gerli",0.183352200259756,-0.565311039036145,0.082743670409078,-0.648054709445223,"Partido Demócrata Cristiano","Comité Democracia Cristiana, Federación Regionalista Verde Social e Independientes","oposicion"
"cap20_balanced_lop025_2d","1197","Carlos Chandía Alarcón",-0.719979570119929,-0.252151393695303,0.00800598806933905,-0.260157381764642,"Renovación Nacional","Renovación Nacional, Evopoli e Independientes","oficialismo"
"cap20_balanced_lop025_2d","1198","Paz Charpentier Rajcevich",-0.862120586417606,-0.21509438633575,-0.020744661325884,-0.194349725009866,"Partido Republicano","Comité Partido Republicano","oficialismo"
"cap20_balanced_lop025_2d","1199","Jaime Coloma Álamos",-0.797595882215746,0.0138893374770999,-0.0071207433203628,0.0210100807974627,"Unión Demócrata Independiente","Unión Demócrata Independiente","oficialismo"
"cap20_balanced_lop025_2d","1200","Cristian Contreras Radovic",-0.414536480508038,-0.0207698100655133,0.0541567555361219,-0.0749265656016351,"Partido de la Gente","Fuera del Comité Partido de la Gente","no_alineado"
"cap20_balanced_lop025_2d","1201","Flor Contreras Vivallo",-0.000207586591303655,0.861831080753788,0.0826626662248384,0.77916841452895,"Partido de la Gente","Comité Partido de la Gente","no_alineado"
"cap20_balanced_lop025_2d","1202","Eduardo Cretton Rebolledo",-0.915898301275066,0.284319863159795,-0.0328268270582368,0.317146690218031,"Unión Demócrata Independiente","Unión Demócrata Independiente","oficialismo"
"cap20_balanced_lop025_2d","1203","Sebastián Cristoffanini Jaraquemada",-0.85912088311408,-0.208121508851912,-0.0200901948958309,-0.188031313956081,"Partido Republicano","Comité Partido Republicano","oficialismo"
"cap20_balanced_lop025_2d","1204","Francisco Crisóstomo Llanos",0.521836533909075,-0.0428973040950519,0.0626898246064125,-0.105587128701464,"Partido Socialista","Socialista, Liberal, Radical e Independientes","oposicion"
"cap20_balanced_lop025_2d","1205","Carlos Cuadrado Prats",0.366256937013274,-0.0783787760212843,0.0751608063253691,-0.153539582346653,"Partido Por la Democracia","Partido Por la Democracia e Independientes","oposicion"
"cap20_balanced_lop025_2d","1206","Carolina Cucumides Calderón",0.534784945806239,0.0518099400745715,0.061402407243432,-0.0095924671688605,"Independientes","Socialista, Liberal, Radical e Independientes","oposicion"
"cap20_balanced_lop025_2d","1207","Valentina Cáceres Monsálvez",0.659723474775943,0.00577354324008979,0.0470105127613125,-0.0412369695212227,"Independientes","Frente Amplio","oposicion"
"cap20_balanced_lop025_2d","1208","Jorge Díaz Ibarra",0.249925773551793,-0.580068196062021,0.0808691310357582,-0.660937327097779,"Partido Demócrata Cristiano","Comité Democracia Cristiana, Federación Regionalista Verde Social e Independientes","oposicion"
"cap20_balanced_lop025_2d","1209","Matías Fernández Hartwig",0.723687485603871,0.130284544184468,0.0382608914073441,0.0920236527771243,"Frente Amplio","Frente Amplio","oposicion"
"cap20_balanced_lop025_2d","1210","Gustavo Gatica Villarroel",0.773205403844745,0.26551212887551,0.0308448612514981,0.234667267624012,"Independientes","Comité Comunista e Independientes","oposicion"
"cap20_balanced_lop025_2d","1211","Sofía González Cortés",0.775785304760109,0.255967924567641,0.0304431161867167,0.225524808380924,"Partido Comunista","Comité Comunista e Independientes","oposicion"
"cap20_balanced_lop025_2d","1212","Erich Grohs Marín",-1.06219701774428,0.102343238847587,-0.0690422168600713,0.171385455707658,"Partido Nacional Libertario","Comité Partido Nacional Libertarios","no_alineado"
"cap20_balanced_lop025_2d","1213","Irací Hassler Jacob",0.77324011861554,0.265386607328547,0.0308394655304746,0.234547141798072,"Partido Comunista","Comité Comunista e Independientes","oposicion"
"cap20_balanced_lop025_2d","1214","Constanza Hube Portus",-0.926052992635839,0.2711353389544,-0.0351824948016566,0.306317833756056,"Unión Demócrata Independiente","Unión Demócrata Independiente","oficialismo"
"cap20_balanced_lop025_2d","1215","Álvaro Jofré Cáceres",-1.04799012555099,-0.0105327530208316,-0.065310823459898,0.0547780704390664,"Partido Nacional Libertario","Comité Partido Nacional Libertarios","no_alineado"
"cap20_balanced_lop025_2d","1216","Stephanie Jéldrez Ortiz",-0.862008859223457,-0.215179563771688,-0.0207202481242181,-0.19445931564747,"Partido Republicano","Comité Partido Republicano","oficialismo"
"cap20_balanced_lop025_2d","1217","Pier Karlezi Hazleby",-1.04594917017417,-0.0131824860441555,-0.0647785646976573,0.0515960786535018,"Partido Nacional Libertario","Comité Partido Nacional Libertarios","no_alineado"
"cap20_balanced_lop025_2d","1218","José Antonio Kast Adriasola",-0.860809072899222,-0.218429162049706,-0.0204582660253038,-0.197970896024403,"Partido Republicano","Comité Partido Republicano","oficialismo"
"cap20_balanced_lop025_2d","1219","Tomás Kast Sommerhoff",-0.764728749930759,0.00469020502451871,-0.000547070912890298,0.00523727593740901,"Evolución Política","Renovación Nacional, Evopoli e Independientes","oficialismo"
"cap20_balanced_lop025_2d","1220","Leandro Kunstmann Collado",-0.862322400590483,-0.215759796978063,-0.020788766420021,-0.194971030558042,"Partido Republicano","Comité Partido Republicano","oficialismo"
"cap20_balanced_lop025_2d","1221","Benjamín Lorca Inzunza",-0.863124578873353,-0.215490707342248,-0.0209641690277121,-0.194526538314536,"Partido Republicano","Comité Partido Republicano","oficialismo"
"cap20_balanced_lop025_2d","1222","Andrea Macías Palma",0.692944774327359,0.270028760251897,0.0425829499514749,0.227445810300422,"Partido Socialista","Socialista, Liberal, Radical e Independientes","oposicion"
"cap20_balanced_lop025_2d","1223","Hans Marowski Cuevas",-1.04768755144173,-0.046688224236525,-0.0652318553146774,0.0185436310781525,"Partido Nacional Libertario","Comité Partido Nacional Libertarios","no_alineado"
"cap20_balanced_lop025_2d","1224","Cristian Mella Andaur",0.262143064594576,-0.485654777871891,0.0804150647721771,-0.566069842644068,"Partido Demócrata Cristiano","Comité Democracia Cristiana, Federación Regionalista Verde Social e Independientes","oposicion"
"cap20_balanced_lop025_2d","1225","Cristian Menchaca Pinochet",-0.86212138373754,-0.238818368881427,-0.0207448355563261,-0.218073533325101,"Independientes","Comité Partido Republicano","oficialismo"
"cap20_balanced_lop025_2d","1226","José Montalva Feuerhake",0.269015273818213,-0.239061717698395,0.0801446540133332,-0.319206371711728,"Independientes","Partido Por la Democracia e Independientes","oposicion"
"cap20_balanced_lop025_2d","1227","Claudia Mora Vega",-0.809116810931271,0.465662730969775,-0.00948348464769222,0.475146215617467,"Renovación Nacional","Renovación Nacional, Evopoli e Independientes","oficialismo"
"cap20_balanced_lop025_2d","1228","Paulina Muñoz Minte",-1.05474420428765,0.0883806922766622,-0.0670790047652164,0.155459697041879,"Partido Nacional Libertario","Comité Partido Nacional Libertarios","no_alineado"
"cap20_balanced_lop025_2d","1229","Javier Muñoz Riquelme",0.253771012885945,-0.514118496879872,0.0807299000632212,-0.594848396943093,"Partido Demócrata Cristiano","Comité Democracia Cristiana, Federación Regionalista Verde Social e Independientes","oposicion"
"cap20_balanced_lop025_2d","1230","Alex Nahuelquin Nahuelquin",-0.0267714043182503,0.947248607950557,0.0820127682712045,0.865235839679353,"Partido de la Gente","Comité Partido de la Gente","no_alineado"
"cap20_balanced_lop025_2d","1231","Ximena Naranjo Pinto",-0.724693837967348,0.00511600259321073,0.00712651326809991,-0.00201051067488918,"Independientes","Unión Demócrata Independiente","oficialismo"
"cap20_balanced_lop025_2d","1232","Cristian Neira Martínez",-0.859120914746705,-0.208117210236727,-0.020090201786495,-0.188027008450232,"Partido Republicano","Comité Partido Republicano","oficialismo"
"cap20_balanced_lop025_2d","1233","Ricardo Neumann Bertín",-0.819144413236125,0.0309943313892799,-0.0115646760670021,0.042559007456282,"Unión Demócrata Independiente","Unión Demócrata Independiente","oficialismo"
"cap20_balanced_lop025_2d","1234","Mario Olavarría Rodríguez",-0.821362567318571,0.104691105248911,-0.0120281513120739,0.116719256560985,"Unión Demócrata Independiente","Unión Demócrata Independiente","oficialismo"
"cap20_balanced_lop025_2d","1235","Javier Olivares Avendaño",-0.265738789971119,0.53903901907049,0.0689114452168999,0.47012757385359,"Partido de la Gente","Comité Partido de la Gente","no_alineado"
"cap20_balanced_lop025_2d","1236","Paula Olmos Contreras",-0.000129030735319308,0.931511381350858,0.0826643488447785,0.848847032506079,"Partido de la Gente","Comité Partido de la Gente","no_alineado"
"cap20_balanced_lop025_2d","1237","Francisco Orrego Gutiérrez",-0.79367057873218,0.00650125421045669,-0.00632266430219674,0.0128239185126534,"Renovación Nacional","Renovación Nacional, Evopoli e Independientes","oficialismo"
"cap20_balanced_lop025_2d","1238","Álvaro Ortiz Vera",0.294319420737507,-0.65550816434858,0.0790558850731335,-0.734564049421714,"Partido Demócrata Cristiano","Comité Democracia Cristiana, Federación Regionalista Verde Social e Independientes","oposicion"
"cap20_balanced_lop025_2d","1239","Fabián Ossandón Briceño",0.0586627677613703,0.81596542030377,0.0835279142307752,0.732437506072995,"Partido de la Gente","Comité Partido de la Gente","no_alineado"
"cap20_balanced_lop025_2d","1240","Zandra Parisi Fernández",-0.0269851415944715,0.947272064473589,0.0820068847009937,0.865265179772595,"Partido de la Gente","Comité Partido de la Gente","no_alineado"
"cap20_balanced_lop025_2d","1241","Patricio Pinilla Valencia",0.396233534698235,-0.758649588588285,0.0731884200599344,-0.831838008648219,"Partido Demócrata Cristiano","Comité Democracia Cristiana, Federación Regionalista Verde Social e Independientes","oposicion"
"cap20_balanced_lop025_2d","1242","Rodrigo Ramírez Parra",-0.853423420242266,0.376249557654456,-0.018852804675434,0.39510236232989,"Independientes","Renovación Nacional, Evopoli e Independientes","oficialismo"
"cap20_balanced_lop025_2d","1243","Tamara Ramírez Ramírez",0.0461353922971609,0.867323342059161,0.0834101701031454,0.783913171956016,"Partido de la Gente","Comité Partido de la Gente","no_alineado"
"cap20_balanced_lop025_2d","1244","Claudia Reyes Larenas",-0.854167373136662,-0.199935233966289,-0.0190139570136914,-0.180921276952598,"Partido Republicano","Comité Partido Republicano","oficialismo"
"cap20_balanced_lop025_2d","1245","Alejandro Riquelme Ducci",-0.862032176120245,-0.23818646103185,-0.0207253427994621,-0.217461118232387,"Partido Republicano","Comité Partido Republicano","oficialismo"
"cap20_balanced_lop025_2d","1246","José Antonio Rivas Villalobos",0.559296454120871,-0.164848342360004,0.0588603285836096,-0.223708670943613,"Partido Socialista","Socialista, Liberal, Radical e Independientes","oposicion"
"cap20_balanced_lop025_2d","1247","Javiera Rodríguez Pascual",-0.862971242172352,-0.216040251425215,-0.0209306293735805,-0.195109622051635,"Partido Republicano","Comité Partido Republicano","oficialismo"
"cap20_balanced_lop025_2d","1248","Felipe Ross Correa",-1.06094160091378,-0.0823031437223465,-0.0687106267571861,-0.0135925169651604,"Partido Republicano","Comité Partido Republicano","oficialismo"
"cap20_balanced_lop025_2d","1249","Omar Sabat Guzmán",-0.831229661503935,0.17702686184819,-0.0141034787154377,0.191130340563628,"Independientes","Unión Demócrata Independiente","oficialismo"
"cap20_balanced_lop025_2d","1250","Bernardo Salinas Maya",0.765899834520676,0.290612214515743,0.0319742356286899,0.258637978887053,"Independientes","Comité Comunista e Independientes","oposicion"
"cap20_balanced_lop025_2d","1251","Macarena Santelices Cañas",-0.85728401503283,-0.218906651404382,-0.019690448187203,-0.199216203217179,"Partido Republicano","Comité Partido Republicano","oficialismo"
"cap20_balanced_lop025_2d","1252","Constanza Schonhaut Soto",0.735536118717366,0.11590378115304,0.0365374164292268,0.0793663647238134,"Frente Amplio","Frente Amplio","oposicion"
"cap20_balanced_lop025_2d","1253","Fernando Ugarte Tejeda",-0.862955168572692,-0.215749054377688,-0.0209271138731774,-0.194821940504511,"Partido Republicano","Comité Partido Republicano","oficialismo"
"cap20_balanced_lop025_2d","1254","Ignacio Urcullú Clèment-Lund",-0.863124578873353,-0.215490707342248,-0.0209641690277121,-0.194526538314536,"Partido Republicano","Comité Partido Republicano","oficialismo"
"cap20_balanced_lop025_2d","1255","Eileen Urqueta Rojas",0.0116097295554863,0.906821572626211,0.0828999256798709,0.82392164694634,"Partido de la Gente","Comité Partido de la Gente","no_alineado"
"cap20_balanced_lop025_2d","1256","Tatiana Urrutia Herrera",0.735567752802921,0.115512571122189,0.0365327720386479,0.078979799083541,"Frente Amplio","Frente Amplio","oposicion"
"cap20_balanced_lop025_2d","1257","Alejandra Valdebenito Torres",-0.755753659369322,-0.221258672040164,0.0012050776928183,-0.222463749732982,"Unión Demócrata Independiente","Unión Demócrata Independiente","oficialismo"
"cap20_balanced_lop025_2d","1258","Guillermo Valdés Carmona",0.0264627207021067,0.919167529142965,0.0831528417039443,0.83601468743902,"Partido de la Gente","Comité Partido de la Gente","no_alineado"
"cap20_balanced_lop025_2d","1259","Juan Marcelo Valenzuela Henríquez",-0.0916212334654348,0.919190238128759,0.0797483934718267,0.839441844656932,"Partido de la Gente","Comité Partido de la Gente","no_alineado"
"cap20_balanced_lop025_2d","1260","César Valenzuela Maass",0.533814326725969,-0.0355845963867846,0.0615002418886468,-0.0970848382754314,"Partido Socialista","Socialista, Liberal, Radical e Independientes","oposicion"
"cap20_balanced_lop025_2d","1261","Daniel Valenzuela Salazar",-0.856617371458342,0.0958822439948326,-0.0195455613164614,0.115427805311294,"Independientes","Renovación Nacional, Evopoli e Independientes","oficialismo"
"cap20_balanced_lop025_2d","1262","Diego Vergara Rodríguez",-0.862120586417606,-0.21509438633575,-0.020744661325884,-0.194349725009866,"Partido Republicano","Comité Partido Republicano","oficialismo"
"cap20_balanced_lop025_2d","1263","Sebastián Zamora Soto",-0.856365344629605,-0.197811888972614,-0.0194908128229787,-0.178321076149636,"Independientes","Comité Partido Republicano","oficialismo"
"cap20_balanced_lop025_2d","1264","Fernando Zamorano Peralta",0.292087365560919,-0.245507777841786,0.0791578123493676,-0.324665590191153,"Partido Por la Democracia","Partido Por la Democracia e Independientes","oposicion"
