"vote_id","boletin","fecha","spec_id","spread_1d","spread_2d","midpoint_1d","midpoint_2d","gmp","apre","weighted_spread_1","weighted_spread_2","relative_dim2_loading","topic_primary","topic_secondary","topic_method","topic_confidence","topic_source_layer","taxonomy_version","tipo_votacion_proyecto","resultado"
"88826","17112-19","2026-05-12","raw_lop025_2d",-0.142837584018707,1.5105232000351,0.0847902521491051,-0.0905340760946274,0.850129723548889,0.818181818181818,-0.0909255045534961,0.759910785973278,0.992917554084765,"Ciencia y tecnología","","institucional_destinacion",0.97,"inherited_rollcall_project","institutional-hybrid-v0.3","General","Unánime"
"88758","17471-07","2026-05-05","raw_lop025_2d",-0.110000014305115,0.945842087268829,0.40946102142334,-0.069965235888958,0.729888081550598,0.259259259259259,-0.0700222344860892,0.475832217556381,0.989345091526256,"Agua y recursos hídricos","Constitución y justicia","institucional_trayectoria",0.94,"inherited_rollcall_project","institutional-hybrid-v0.3","General","Unánime"
"88929","18216-05","2026-05-20","raw_lop025_2d",-0.290000021457672,1.69979739189148,0.792359113693237,-0.610054969787598,0.953790247440338,0.333333333333333,-0.184604062388161,0.855130442245156,0.977482352951079,"Economía y hacienda","Trabajo y seguridad social | Desarrollo social | Infraestructura y obras públicas","revision_semantica",0.91,"period_project","institutional-hybrid-v0.3","Particular","Unánime"
"89038","18230-13","2026-06-03","raw_lop025_2d",0.300000011920929,-1.4294970035553,0.618052959442139,-0.125640466809273,0.907417774200439,0.5,0.190969713170119,-0.719148300067759,0.966503149418155,"Trabajo y seguridad social","Economía y hacienda","institucional_destinacion",0.97,"period_project","institutional-hybrid-v0.3","Particular","Aprobado"
"89865","18189-14","2026-08-19","raw_lop025_2d",-0.172947108745575,0.716759443283081,-0.516564011573792,0.0322788134217262,0.796099841594696,0.816326530612245,-0.110092194794476,0.360585810192362,0.956415890236817,"Vivienda y territorio","","institucional_destinacion",0.97,"period_project","institutional-hybrid-v0.3","Particular","Aprobado"
"88493","18137-05","2026-03-24","raw_lop025_2d",0.267013281583786,0.883914768695831,0.211464002728462,0.0597460493445396,0.917636811733246,1,0.169971492568166,0.444677954365368,0.934088569837701,"Minería y energía","Economía y hacienda","revision_semantica",0.98,"period_project","institutional-hybrid-v0.3","Particular","Aprobado"
"89390","16836-06","2026-07-13","raw_lop025_2d",0.247541949152946,0.812012672424316,0.238031879067421,0.029231172055006,0.881707012653351,0.979591836734694,0.157576710496165,0.408505601309457,0.932993786964725,"Gobierno interior y descentralización","","institucional_destinacion",0.97,"inherited_rollcall_project","institutional-hybrid-v0.3","Única","Aprobado"
"88680","18156-04","2026-04-21","raw_lop025_2d",0.258011281490326,0.843384027481079,0.371721088886261,0.0869999825954437,0.906660497188568,0.953488372093023,0.164241128209852,0.424287835622494,0.932567598283242,"Educación","","institucional_destinacion",0.97,"period_project","institutional-hybrid-v0.3","General","Aprobado"
"89933","17662-07","2026-09-01","raw_lop025_2d",-0.218859538435936,0.601608395576477,0.194730713963509,-0.0442948676645756,0.803257048130035,0.857142857142857,-0.139318472062833,0.302655867000269,0.908380147235525,"Seguridad","Constitución y justicia","institucional_trayectoria",0.94,"inherited_rollcall_project","institutional-hybrid-v0.3","Particular","Unánime"
"88682","18156-04","2026-04-21","raw_lop025_2d",0.28578394651413,0.770146071910858,0.117807596921921,0.0504273734986782,0.936761736869812,0.96,0.181920253752566,0.387443441323122,0.905183875493881,"Educación","","institucional_destinacion",0.97,"period_project","institutional-hybrid-v0.3","Particular","Aprobado"
"89157","16857-07","2026-06-16","raw_lop025_2d",-0.199479088187218,0.536229848861694,-0.187817230820656,0.14533457159996,0.818269550800323,0.703703703703704,-0.126981542469373,0.269765367325277,0.904775882519271,"Seguridad","Constitución y justicia","institucional_trayectoria",0.94,"inherited_rollcall_project","institutional-hybrid-v0.3","Particular","Unánime"
"88502","10634-29","2026-03-25","raw_lop025_2d",-0.319999933242798,-0.781337201595306,-0.962144494056702,-0.154814764857292,0.854921638965607,0.631578947368421,-0.203700976791765,-0.39307345094776,0.887860553021725,"Deportes","Economía y hacienda","institucional_destinacion",0.97,"inherited_rollcall_project","institutional-hybrid-v0.3","Única","Aprobado"
"88506","10634-29","2026-03-25","raw_lop025_2d",-0.370000004768372,-0.875067472457886,-0.927379727363586,-0.181840896606445,0.867744147777557,0.588235294117647,-0.235529306586102,-0.440227075466084,0.881735481363051,"Deportes","Economía y hacienda","institucional_destinacion",0.97,"inherited_rollcall_project","institutional-hybrid-v0.3","Única","Aprobado"
"88507","10634-29","2026-03-25","raw_lop025_2d",-0.400000095367432,-0.932451725006104,-0.955194652080536,-0.185201197862625,0.883251309394836,0.6875,-0.254626334816521,-0.4690958227024,0.878873606775508,"Deportes","Economía y hacienda","institucional_destinacion",0.97,"inherited_rollcall_project","institutional-hybrid-v0.3","Única","Aprobado"
"88503","10634-29","2026-03-25","raw_lop025_2d",-0.440000057220459,-0.975592374801636,-0.963287353515625,-0.187589421868324,0.901119291782379,0.615384615384615,-0.280088937944356,-0.490798928681017,0.868523217378258,"Deportes","Economía y hacienda","institucional_destinacion",0.97,"inherited_rollcall_project","institutional-hybrid-v0.3","Única","Aprobado"
"89409","17012-14","2026-07-14","raw_lop025_2d",0.20000071823597,0.40345561504364,0.13225120306015,0.0197158958762884,0.760407686233521,0.76,0.127313594258816,0.202969589295961,0.84713881001064,"Vivienda y territorio","","institucional_destinacion",0.97,"inherited_rollcall_project","institutional-hybrid-v0.3","Particular","Aprobado"
"89864","18189-14","2026-08-19","raw_lop025_2d",0.204413294792175,-0.40158748626709,-0.232359483838081,0.0719282478094101,0.756604611873627,0.807017543859649,0.130122489078133,-0.202029775060169,0.840712126661911,"Vivienda y territorio","","institucional_destinacion",0.97,"period_project","institutional-hybrid-v0.3","Particular","Aprobado"
"88695","18156-04","2026-04-21","raw_lop025_2d",0.314862161874771,0.609953343868256,0.13661040365696,0.0257771480828524,0.943703293800354,0.96,0.200430447840105,0.306854025767486,0.837225556687951,"Educación","","institucional_destinacion",0.97,"period_project","institutional-hybrid-v0.3","Particular","Aprobado"
"88934","18216-05","2026-05-20","raw_lop025_2d",0.283407926559448,0.52234947681427,0.663341224193573,0.169899150729179,0.833734273910522,0.6,0.180407760981893,0.262782459395155,0.824415483066591,"Economía y hacienda","Trabajo y seguridad social | Desarrollo social | Infraestructura y obras públicas","revision_semantica",0.91,"period_project","institutional-hybrid-v0.3","Particular","Aprobado"
"88930","18216-05","2026-05-20","raw_lop025_2d",0.177100971341133,0.325115084648132,0.207178637385368,0.100925587117672,0.709047973155975,0.480769230769231,0.112736401184144,0.163558202549282,0.823359473207659,"Economía y hacienda","Trabajo y seguridad social | Desarrollo social | Infraestructura y obras públicas","revision_semantica",0.91,"period_project","institutional-hybrid-v0.3","Particular","Aprobado"
"89543","18384-08","2026-07-22","raw_lop025_2d",0.330000042915344,-0.568363189697266,0.810660362243652,-0.322723597288132,0.91338586807251,0,0.210066703458267,-0.285930939816808,0.805888546908976,"Minería y energía","","institucional_destinacion",0.97,"period_project","institutional-hybrid-v0.3","Única","Aprobado"
"88684","18156-04","2026-04-21","raw_lop025_2d",0.332085967063904,0.563774406909943,0.0550964847207069,0.0430957973003387,0.957569897174835,0.979591836734694,0.211394531193321,0.283622424770833,0.801790691808234,"Educación","","institucional_destinacion",0.97,"period_project","institutional-hybrid-v0.3","Particular","Aprobado"
"88702","18156-04","2026-04-21","raw_lop025_2d",0.3284050822258,0.55235368013382,0.0684682130813599,-0.0112089989706874,0.933816730976105,0.947368421052632,0.209051406213945,0.277876909931586,0.799110545467556,"Educación","","institucional_destinacion",0.97,"period_project","institutional-hybrid-v0.3","Particular","Aprobado"
"88813","14309-04","2026-05-11","raw_lop025_2d",-0.351269543170929,-0.55972820520401,0.0093913534656167,-0.134716793894768,0.947704255580902,1,-0.223606137463861,-0.281586870256682,0.783120281338209,"Educación","Economía y hacienda","institucional_destinacion",0.97,"inherited_rollcall_project","institutional-hybrid-v0.3","Única","Unánime"
"89931","17818-24","2026-09-01","raw_lop025_2d",-0.383366674184799,0.60047847032547,0.00310143455862999,0.139441683888435,0.926407217979431,0.953125,-0.244038069662977,0.302087426617782,0.777885317345441,"Cultura y comunicaciones","","institucional_destinacion",0.97,"inherited_rollcall_project","institutional-hybrid-v0.3","Particular","Unánime"
"88504","10634-29","2026-03-25","raw_lop025_2d",-1,-1.54854929447174,-0.963126540184021,-0.225674748420715,0.968096911907196,1,-0.636565685272217,-0.779040872363325,0.774362158224909,"Deportes","Economía y hacienda","institucional_destinacion",0.97,"inherited_rollcall_project","institutional-hybrid-v0.3","Única","Aprobado"
"89306","16743-04","2026-07-07","raw_lop025_2d",-0.314937829971313,-0.471616119146347,-0.0792806074023247,-0.0816131085157394,0.895183324813843,0.951612903225806,-0.200478615553834,-0.237259630153208,0.763829860949556,"Educación","Economía y hacienda","institucional_destinacion",0.97,"inherited_rollcall_project","institutional-hybrid-v0.3","Particular","Unánime"
"89158","16857-07","2026-06-16","raw_lop025_2d",-0.401311784982681,0.591896057128906,0.0610827803611755,0.213232919573784,0.905706107616425,0.947368421052632,-0.255461311415317,0.297769804513337,0.758966795775529,"Seguridad","Constitución y justicia","institucional_trayectoria",0.94,"inherited_rollcall_project","institutional-hybrid-v0.3","Particular","Unánime"
"89314","14767-03","2026-07-07","raw_lop025_2d",-0.662284433841705,0.959374904632568,0.0942146480083466,0.18446758389473,0.980837464332581,0.983333333333333,-0.421587544473567,0.482640278418387,0.753135301086447,"Economía, comercio y consumidores","","institucional_destinacion",0.97,"inherited_rollcall_project","institutional-hybrid-v0.3","Particular","Unánime"
"88705","18156-04","2026-04-21","raw_lop025_2d",-0.34540867805481,-0.491146743297577,0.0263169705867767,-0.0750696882605553,0.929034769535065,0.951612903225806,-0.219875311844931,-0.24708505484643,0.74704266298998,"Educación","","institucional_destinacion",0.97,"period_project","institutional-hybrid-v0.3","Particular","Unánime"
"88871","18155-25","2026-05-13","raw_lop025_2d",0.349661141633987,0.495543301105499,0.0967094823718071,0.0239214971661568,0.937807500362396,0.918367346938776,0.222582284237305,0.249296865760236,0.745943909590126,"Seguridad","Constitución y justicia","institucional_destinacion",0.97,"period_project","institutional-hybrid-v0.3","Particular","Aprobado"
"89355","18384-08","2026-07-08","raw_lop025_2d",-0.708637058734894,0.851848602294922,0.105789199471474,0.286929577589035,0.969192266464233,0.982142857142857,-0.451094034902866,0.428546175844986,0.688755242444897,"Minería y energía","","institucional_destinacion",0.97,"period_project","institutional-hybrid-v0.3","Particular","Unánime"
"88706","18156-04","2026-04-21","raw_lop025_2d",0.338097333908081,0.376548856496811,-0.0756072327494621,-0.0795558616518974,0.895420014858246,0.938461538461538,0.215221161047907,0.189433394661652,0.660704104242711,"Educación","","institucional_destinacion",0.97,"period_project","institutional-hybrid-v0.3","Particular","Aprobado"
"89495","18216-05","2026-07-21","raw_lop025_2d",0.382597148418427,0.387063801288605,-0.101892247796059,-0.119682356715202,0.927743256092072,0.968253968253968,0.243548215966172,0.194723230634388,0.624469474213026,"Economía y hacienda","Trabajo y seguridad social | Desarrollo social | Infraestructura y obras públicas","revision_semantica",0.91,"period_project","institutional-hybrid-v0.3","Única","Aprobado"
"89669","18216-05","2026-08-10","raw_lop025_2d",0.529492616653442,-0.534185886383057,-0.117339059710503,-0.195801511406898,0.968539535999298,0.982758620689655,0.337056830366578,-0.268737095046106,0.623409316907173,"Economía y hacienda","Trabajo y seguridad social | Desarrollo social | Infraestructura y obras públicas","revision_semantica",0.91,"period_project","institutional-hybrid-v0.3","Única","Aprobado"
"89585","18258-07","2026-08-04","raw_lop025_2d",0.274441570043564,0.271861702203751,0.106418520212173,0.0560186803340912,0.815019905567169,0.666666666666667,0.174700086101964,0.136767604623938,0.616436268005826,"Seguridad","Constitución y justicia","hibrido_institucional_texto",0.87,"period_project","institutional-hybrid-v0.3","Particular","Aprobado"
"89934","17662-07","2026-09-01","raw_lop025_2d",-1.18559372425079,1.16598927974701,0.185593768954277,0.260741174221039,0.997912168502808,1,-0.754708281532144,0.586583397056317,0.613672059091651,"Seguridad","Constitución y justicia","institucional_trayectoria",0.94,"inherited_rollcall_project","institutional-hybrid-v0.3","Particular","Unánime"
"89160","16857-07","2026-06-16","raw_lop025_2d",-1.17683124542236,1.15537285804749,0.17683120071888,0.194174006581306,0.998285531997681,1,-0.749130388192041,0.581242510297531,0.61301070263012,"Seguridad","Constitución y justicia","institucional_trayectoria",0.94,"inherited_rollcall_project","institutional-hybrid-v0.3","Particular","Unánime"
"89780","17912-25","2026-08-17","raw_lop025_2d",-0.636089086532593,0.603715896606445,-0.324459791183472,-0.127778768539429,0.967173099517822,0.980769230769231,-0.404912485262799,0.303716104118166,0.600040132253295,"Seguridad","","institucional_destinacion",0.97,"inherited_rollcall_project","institutional-hybrid-v0.3","Particular","Unánime"
"88703","18156-04","2026-04-21","raw_lop025_2d",-1.1836895942688,1.12118637561798,0.183689549565315,0.244988441467285,0.99790221452713,1,-0.753496177725311,0.564044047717104,0.599266686748598,"Educación","","institucional_destinacion",0.97,"period_project","institutional-hybrid-v0.3","Particular","Unánime"
