boletin,rollcalls,titulo,fecha_ingreso,origen_iniciativa,tipo_iniciativa,camara_origen,codigo_destinacion,comision_origen_proxy,comisiones_tramitacion,topic_primary,topic_secondary,method,confidence,needs_review,review_reason,evidence,document_url,text_quality,source_url,taxonomy_version
16743-04,11,"Modifica diversos cuerpos legales, con el objeto de facilitar la creación de nuevos establecimientos educacionales",2024-04-09,parlamentario,Moción,Senado,04,Educación,Educación | Hacienda,Educación,Economía y hacienda,institucional_destinacion,0.97,0,,comision_origen=Educación,,no_requerido,https://www.camara.cl/legislacion/ProyectosDeLey/tramitacion.aspx?prmID=17342&prmBOLETIN=16743-04,institutional-hybrid-v0.3
16857-07,9,"Modifica el Código Penal para autorizar el uso de agentes encubiertos en Internet para la persecución de delitos sexuales contra niños, niñas y adolescentes",2024-05-15,parlamentario,Moción,Cámara de Diputados,07,"Constitución, Legislación, Justicia y Reglamento","Constitución, Legislación, Justicia y Reglamento | Seguridad Ciudadana",Seguridad,Constitución y justicia,institucional_trayectoria,0.94,0,,"comision_origen_transversal=Constitución, Legislación, Justicia y Reglamento || comision_sustantiva=Seguridad Ciudadana",,no_requerido,https://www.camara.cl/legislacion/ProyectosDeLey/tramitacion.aspx?prmID=17465&prmBOLETIN=16857-07,institutional-hybrid-v0.3
16836-06,8,Modifica la ley N° 21.325 para perfeccionar el procedimiento de expulsión administrativa,2024-05-13,ejecutivo,Mensaje,Cámara de Diputados,06,"Gobierno Interior, Nacionalidad, Ciudadanía y Regionalización","Gobierno Interior, Nacionalidad, Ciudadanía y Regionalización",Gobierno interior y descentralización,,institucional_destinacion,0.97,0,,"comision_origen=Gobierno Interior, Nacionalidad, Ciudadanía y Regionalización",,no_requerido,https://www.camara.cl/legislacion/ProyectosDeLey/tramitacion.aspx?prmID=17445&prmBOLETIN=16836-06,institutional-hybrid-v0.3
10634-29,7,"Modifica la ley N° 20.019, que Regula las Sociedades Anónimas Deportivas Profesionales, en materia de fiscalización, de conflictos de interés, y de fomento de la participación de los hinchas en la propiedad de las mismas",2016-05-02,parlamentario,Moción,Cámara de Diputados,29,Deportes y Recreación,Deportes y Recreación | Hacienda,Deportes,Economía y hacienda,institucional_destinacion,0.97,0,,comision_origen=Deportes y Recreación,,no_requerido,https://www.camara.cl/legislacion/ProyectosDeLey/tramitacion.aspx?prmID=11062&prmBOLETIN=10634-29,institutional-hybrid-v0.3
15347-07,7,"Modifica la ley N° 20.000, que sustituye la ley Nº 19.366, que sanciona el tráfico ilícito de estupefacientes y sustancias sicotrópicas, con el objeto de incorporar las circunstancias agravantes que se indican.",2022-09-13,parlamentario,Moción,Senado,07,"Constitución, Legislación, Justicia y Reglamento","Constitución, Legislación, Justicia y Reglamento",Seguridad,Constitución y justicia,hibrido_institucional_texto,0.92,0,,"origen=Constitución, Legislación, Justicia y Reglamento || score_1=Seguridad:13.25 || score_2=Economía, comercio y consumidores:5.25",https://www.camara.cl/verDoc.aspx?prmID=15572&prmTIPO=INICIATIVA,rica,https://www.camara.cl/legislacion/ProyectosDeLey/tramitacion.aspx?prmID=15863&prmBOLETIN=15347-07,institutional-hybrid-v0.3
14767-03,5,"Modifica la ley N°17.336, sobre Propiedad Intelectual, con el objeto de regular las medidas tecnológicas de protección",2021-12-22,ejecutivo,Mensaje,Cámara de Diputados,03,"Economía, Fomento, MIPYMES, Consumidores y Turismo","Economía, Fomento, MIPYMES, Consumidores y Turismo","Economía, comercio y consumidores",,institucional_destinacion,0.97,0,,"comision_origen=Economía, Fomento, MIPYMES, Consumidores y Turismo",,no_requerido,https://www.camara.cl/legislacion/ProyectosDeLey/tramitacion.aspx?prmID=15262&prmBOLETIN=14767-03,institutional-hybrid-v0.3
15936-18,5,Modifica cuerpos legales que indica para prohibir el porte y tenencia de armas de fuego a personas procesadas o condenadas por violencia intrafamiliar,2023-05-15,parlamentario,Moción,Cámara de Diputados,18,"Familia, Infancia y Adolescencia","Familia, Infancia y Adolescencia","Familia, infancia y adolescencia",,institucional_destinacion,0.97,0,,"comision_origen=Familia, Infancia y Adolescencia",,no_requerido,https://www.camara.cl/legislacion/ProyectosDeLey/tramitacion.aspx?prmID=16474&prmBOLETIN=15936-18,institutional-hybrid-v0.3
17012-14,5,"Modifica la ley N° 21.442, que aprueba nueva ley de copropiedad inmobiliaria, con el objeto de implementar sistemas de seguridad adicionales para impedir caídas accidentales desde edificaciones en altura",2024-07-30,parlamentario,Moción,Senado,14,"Vivienda, Desarrollo Urbano","Vivienda, Desarrollo Urbano",Vivienda y territorio,,institucional_destinacion,0.97,0,,"comision_origen=Vivienda, Desarrollo Urbano",,no_requerido,https://www.camara.cl/legislacion/ProyectosDeLey/tramitacion.aspx?prmID=17621&prmBOLETIN=17012-14,institutional-hybrid-v0.3
14309-04,4,Establece un sistema de subvenciones para la modalidad educativa de reingreso,2021-06-15,ejecutivo,Mensaje,Cámara de Diputados,04,Educación,Educación | Hacienda,Educación,Economía y hacienda,institucional_destinacion,0.97,0,,comision_origen=Educación,,no_requerido,https://www.camara.cl/legislacion/ProyectosDeLey/tramitacion.aspx?prmID=14891&prmBOLETIN=14309-04,institutional-hybrid-v0.3
17818-24,4,Modifica diversos cuerpos legales para reconocer y promover el circo tradicional chileno,2025-09-01,parlamentario,Moción,Cámara de Diputados,24,"Cultura, Artes y Comunicaciones","Cultura, Artes y Comunicaciones",Cultura y comunicaciones,,institucional_destinacion,0.97,0,,"comision_origen=Cultura, Artes y Comunicaciones",,no_requerido,https://www.camara.cl/legislacion/ProyectosDeLey/tramitacion.aspx?prmID=18472&prmBOLETIN=17818-24,institutional-hybrid-v0.3
16300-07,3,"Modifica el Código Penal para extender la legítima defensa privilegiada al funcionario militar o policial que actúe en defensa de su persona o derechos, o de los de un tercero, encontrándose en calidad de franco",2023-09-25,parlamentario,Moción,Cámara de Diputados,07,"Constitución, Legislación, Justicia y Reglamento","Constitución, Legislación, Justicia y Reglamento | Seguridad Ciudadana",Seguridad,Constitución y justicia,institucional_trayectoria,0.94,0,,"comision_origen_transversal=Constitución, Legislación, Justicia y Reglamento || comision_sustantiva=Seguridad Ciudadana",,no_requerido,https://www.camara.cl/legislacion/ProyectosDeLey/tramitacion.aspx?prmID=16855&prmBOLETIN=16300-07,institutional-hybrid-v0.3
16851-14,3,"Modifica la ley N° 21.450 para autorizar la adquisición de terrenos, destinados a viviendas para familias vulnerables, emplazados en comunas distintas de aquellas que registran mayor demanda de estos grupos",2024-04-22,parlamentario,Moción,Cámara de Diputados,14,"Vivienda, Desarrollo Urbano","Vivienda, Desarrollo Urbano",Vivienda y territorio,,institucional_destinacion,0.97,0,,"comision_origen=Vivienda, Desarrollo Urbano",,no_requerido,https://www.camara.cl/legislacion/ProyectosDeLey/tramitacion.aspx?prmID=17459&prmBOLETIN=16851-14,institutional-hybrid-v0.3
17170-07,3,Modifica el Código Penal para agravar la pena y agregar una nueva circunstancia en el delito de robo en lugar no habitado,2024-10-09,parlamentario,Moción,Cámara de Diputados,07,"Constitución, Legislación, Justicia y Reglamento","Constitución, Legislación, Justicia y Reglamento | Agricultura, Silvicultura y Desarrollo Rural | Seguridad Ciudadana",Constitución y justicia,Seguridad,hibrido_institucional_texto,0.746,1,empate_tematico,"origen=Constitución, Legislación, Justicia y Reglamento || trayectoria=Agricultura, Silvicultura y Desarrollo Rural | Seguridad Ciudadana || score_1=Constitución y justicia:9.00 || score_2=Seguridad:8.75",https://www.camara.cl/verDoc.aspx?prmID=17396&prmTIPO=INICIATIVA,rica,https://www.camara.cl/legislacion/ProyectosDeLey/tramitacion.aspx?prmID=17793&prmBOLETIN=17170-07,institutional-hybrid-v0.3
17662-07,3,Aumenta sanciones aplicables al delito de atentado contra la autoridad cometido contra miembros de las Fuerzas de Orden y Seguridad Pública,2025-06-30,parlamentario,Moción,Cámara de Diputados,07,"Constitución, Legislación, Justicia y Reglamento","Constitución, Legislación, Justicia y Reglamento | Seguridad Ciudadana",Seguridad,Constitución y justicia,institucional_trayectoria,0.94,0,,"comision_origen_transversal=Constitución, Legislación, Justicia y Reglamento || comision_sustantiva=Seguridad Ciudadana",,no_requerido,https://www.camara.cl/legislacion/ProyectosDeLey/tramitacion.aspx?prmID=18306&prmBOLETIN=17662-07,institutional-hybrid-v0.3
17912-25,3,Modifica la ley N° 19.913 para incorporar los delitos contra la propiedad industrial al catálogo de precedentes de lavado de activos,2025-10-10,parlamentario,Moción,Cámara de Diputados,25,Seguridad Ciudadana,Seguridad Ciudadana,Seguridad,,institucional_destinacion,0.97,0,,comision_origen=Seguridad Ciudadana,,no_requerido,https://www.camara.cl/legislacion/ProyectosDeLey/tramitacion.aspx?prmID=18569&prmBOLETIN=17912-25,institutional-hybrid-v0.3
12786-12,2,"Modifica la ley N°20.380, sobre Protección de los animales, para regular las carreras de perros",2019-07-10,parlamentario,Moción,Cámara de Diputados,12,Medio Ambiente y Recursos Naturales,"Medio Ambiente y Recursos Naturales | Agricultura, Silvicultura y Desarrollo Rural",Medio ambiente,Agricultura y mundo rural,institucional_destinacion,0.97,0,,comision_origen=Medio Ambiente y Recursos Naturales,,no_requerido,https://www.camara.cl/legislacion/ProyectosDeLey/tramitacion.aspx?prmID=13328&prmBOLETIN=12786-12,institutional-hybrid-v0.3
15258-25,2,"Modifica la ley N°20.931, para permitir la aplicación de medidas de control de identidad preventivo en zonas fronterizas, instalaciones estratégicas y sus inmediaciones",2022-08-05,parlamentario,Moción,Cámara de Diputados,25,Seguridad Ciudadana,Seguridad Ciudadana,Seguridad,,institucional_destinacion,0.97,0,,comision_origen=Seguridad Ciudadana,,no_requerido,https://www.camara.cl/legislacion/ProyectosDeLey/tramitacion.aspx?prmID=15769&prmBOLETIN=15258-25,institutional-hybrid-v0.3
16569-25,2,"Amplía la penalización dispuesta en el artículo 304 bis del Código Penal, para fortalecer la seguridad perimetral de los recintos penales",2024-01-15,parlamentario,Moción,Cámara de Diputados,25,Seguridad Ciudadana,Seguridad Ciudadana,Seguridad,,institucional_destinacion,0.97,0,,comision_origen=Seguridad Ciudadana,,no_requerido,https://www.camara.cl/legislacion/ProyectosDeLey/tramitacion.aspx?prmID=17137&prmBOLETIN=16569-25,institutional-hybrid-v0.3
16686-19,2,Dicta normas sobre transferencia de tecnología y conocimiento,2024-04-01,ejecutivo,Mensaje,Cámara de Diputados,19,Ciencia y Tecnología,Ciencia y Tecnología,Ciencia y tecnología,,institucional_destinacion,0.97,0,,comision_origen=Ciencia y Tecnología,,no_requerido,https://www.camara.cl/legislacion/ProyectosDeLey/tramitacion.aspx?prmID=17258&prmBOLETIN=16686-19,institutional-hybrid-v0.3
16725-06,2,Modifica cuerpos legales que indica para derogar el feriado en días de elecciones y plebiscitos,2024-04-02,parlamentario,Moción,Cámara de Diputados,06,"Gobierno Interior, Nacionalidad, Ciudadanía y Regionalización","Gobierno Interior, Nacionalidad, Ciudadanía y Regionalización",Gobierno interior y descentralización,,institucional_destinacion,0.97,0,,"comision_origen=Gobierno Interior, Nacionalidad, Ciudadanía y Regionalización",,no_requerido,https://www.camara.cl/legislacion/ProyectosDeLey/tramitacion.aspx?prmID=17299&prmBOLETIN=16725-06,institutional-hybrid-v0.3
16808-25,2,Modifica la ley N° 19.913 para prevenir y sancionar con mayor rigurosidad el lavado de activos asociado al comercio ilegal,2024-04-25,parlamentario,Moción,Cámara de Diputados,25,Seguridad Ciudadana,Seguridad Ciudadana,Seguridad,,institucional_destinacion,0.97,0,,comision_origen=Seguridad Ciudadana,,no_requerido,https://www.camara.cl/legislacion/ProyectosDeLey/tramitacion.aspx?prmID=17412&prmBOLETIN=16808-25,institutional-hybrid-v0.3
17381-03,2,Prohíbe subcontratar servicios de teleoperadores que funcionen fuera del territorio nacional,2025-01-29,parlamentario,Moción,Cámara de Diputados,03,"Economía, Fomento, MIPYMES, Consumidores y Turismo","Economía, Fomento, MIPYMES, Consumidores y Turismo","Economía, comercio y consumidores",,institucional_destinacion,0.97,0,,"comision_origen=Economía, Fomento, MIPYMES, Consumidores y Turismo",,no_requerido,https://www.camara.cl/legislacion/ProyectosDeLey/tramitacion.aspx?prmID=18016&prmBOLETIN=17381-03,institutional-hybrid-v0.3
17474-06,2,"Modifica la ley Nº 21.325, de Migración y Extranjería, para restringir el acceso de inmigrantes en situación irregular a beneficios de cargo fiscal",2025-04-07,parlamentario,Moción,Cámara de Diputados,06,"Gobierno Interior, Nacionalidad, Ciudadanía y Regionalización","Gobierno Interior, Nacionalidad, Ciudadanía y Regionalización",Gobierno interior y descentralización,,institucional_destinacion,0.97,0,,"comision_origen=Gobierno Interior, Nacionalidad, Ciudadanía y Regionalización",,no_requerido,https://www.camara.cl/legislacion/ProyectosDeLey/tramitacion.aspx?prmID=18110&prmBOLETIN=17474-06,institutional-hybrid-v0.3
17522-12,2,Aumenta sanciones aplicables a la incineración de basura y promueve la educación ambiental en manejo de residuos,2025-05-06,parlamentario,Moción,Cámara de Diputados,12,Medio Ambiente y Recursos Naturales,Medio Ambiente y Recursos Naturales,Medio ambiente,,institucional_destinacion,0.97,0,,comision_origen=Medio Ambiente y Recursos Naturales,,no_requerido,https://www.camara.cl/legislacion/ProyectosDeLey/tramitacion.aspx?prmID=18162&prmBOLETIN=17522-12,institutional-hybrid-v0.3
17872-33,2,"Modifica la ley N° 18.902, que crea la Superintendencia de Servicios Sanitarios, para establecer un estándar mínimo de reducción de aguas no facturadas",2025-09-25,parlamentario,Moción,Cámara de Diputados,33,Recursos Hídricos y Desertificación,Recursos Hídricos y Desertificación,Agua y recursos hídricos,,institucional_destinacion,0.97,0,,comision_origen=Recursos Hídricos y Desertificación,,no_requerido,https://www.camara.cl/legislacion/ProyectosDeLey/tramitacion.aspx?prmID=18527&prmBOLETIN=17872-33,institutional-hybrid-v0.3
17914-13,2,Modifica el Código del Trabajo para calificar el uso indebido de licencias médicas como falta de probidad del trabajador en el desempeño de sus funciones,2025-10-10,parlamentario,Moción,Cámara de Diputados,13,Trabajo y Seguridad Social,Trabajo y Seguridad Social,Trabajo y seguridad social,,institucional_destinacion,0.97,0,,comision_origen=Trabajo y Seguridad Social,,no_requerido,https://www.camara.cl/legislacion/ProyectosDeLey/tramitacion.aspx?prmID=18571&prmBOLETIN=17914-13,institutional-hybrid-v0.3
18030-12,2,"Modifica la ley N° 21.600, que crea el Servicio de Biodiversidad y Áreas Protegidas y el Sistema Nacional de Áreas Protegidas, para impedir el establecimiento de nuevos sitios prioritarios mientras no se dicte el reglamento que señala",2025-12-09,parlamentario,Moción,Cámara de Diputados,12,Medio Ambiente y Recursos Naturales,"Medio Ambiente y Recursos Naturales | Agricultura, Silvicultura y Desarrollo Rural",Medio ambiente,Agricultura y mundo rural,institucional_destinacion,0.97,0,,comision_origen=Medio Ambiente y Recursos Naturales,,no_requerido,https://www.camara.cl/legislacion/ProyectosDeLey/tramitacion.aspx?prmID=18689&prmBOLETIN=18030-12,institutional-hybrid-v0.3
10986-24,1,"Autoriza erigir un monumento, en la comuna de Lota, en memoria del escritor chileno Baldomero Lillo Figueroa",2016-11-23,parlamentario,Moción,Cámara de Diputados,24,"Cultura, Artes y Comunicaciones","Cultura, Artes y Comunicaciones",Cultura y comunicaciones,,institucional_destinacion,0.97,0,,"comision_origen=Cultura, Artes y Comunicaciones",,no_requerido,https://www.camara.cl/legislacion/ProyectosDeLey/tramitacion.aspx?prmID=11502&prmBOLETIN=10986-24,institutional-hybrid-v0.3
15295-07,1,"Modifica el decreto ley N°321, de 1925, a fin de restringir los requisitos necesarios para acceder al beneficio de libertad condicional",2022-08-18,parlamentario,Moción,Cámara de Diputados,07,"Constitución, Legislación, Justicia y Reglamento","Constitución, Legislación, Justicia y Reglamento",Seguridad,Constitución y justicia,hibrido_institucional_texto,0.749,0,,"origen=Constitución, Legislación, Justicia y Reglamento || score_1=Seguridad:7.50 || score_2=Defensa:4.50",https://www.camara.cl/verDoc.aspx?prmID=15519&prmTIPO=INICIATIVA,rica,https://www.camara.cl/legislacion/ProyectosDeLey/tramitacion.aspx?prmID=15808&prmBOLETIN=15295-07,institutional-hybrid-v0.3
15387-12,1,"Modifica la ley N°21.020, sobre tenencia responsable de mascotas y animales de compañía, para prohibir y sancionar las carreras de perros",2021-10-20,parlamentario,Moción,Cámara de Diputados,12,Medio Ambiente y Recursos Naturales,Medio Ambiente y Recursos Naturales,Medio ambiente,,institucional_destinacion,0.97,0,,comision_origen=Medio Ambiente y Recursos Naturales,,no_requerido,https://www.camara.cl/legislacion/ProyectosDeLey/tramitacion.aspx?prmID=15903&prmBOLETIN=15387-12,institutional-hybrid-v0.3
16397-15,1,"Modifica la ley N° 18.290, de Tránsito, para aumentar las sanciones por no usar sistemas de retención infantil y por trasladar menores de 12 años en asientos delanteros",2023-10-31,parlamentario,Moción,Cámara de Diputados,15,Transportes y Telecomunicaciones,Transportes y Telecomunicaciones,Transportes y telecomunicaciones,,institucional_destinacion,0.97,0,,comision_origen=Transportes y Telecomunicaciones,,no_requerido,https://www.camara.cl/legislacion/ProyectosDeLey/tramitacion.aspx?prmID=16958&prmBOLETIN=16397-15,institutional-hybrid-v0.3
16487-12,1,"Modifica la ley N° 20.920, que establece marco para la gestión de residuos, la responsabilidad extendida del productor y fomento al reciclaje, para prohibir temporalmente la importación de plásticos que indica, que sean destinados a la elaboración de productos de un solo uso",2023-12-12,parlamentario,Moción,Cámara de Diputados,12,Medio Ambiente y Recursos Naturales,Medio Ambiente y Recursos Naturales,Medio ambiente,,institucional_destinacion,0.97,0,,comision_origen=Medio Ambiente y Recursos Naturales,,no_requerido,https://www.camara.cl/legislacion/ProyectosDeLey/tramitacion.aspx?prmID=17055&prmBOLETIN=16487-12,institutional-hybrid-v0.3
16777-07,1,"Modifica el Código Penal, en materia de internación al territorio nacional de enfermedades animales o plagas vegetales",2024-04-23,parlamentario,Moción,Senado,07,"Constitución, Legislación, Justicia y Reglamento","Constitución, Legislación, Justicia y Reglamento",Salud,Constitución y justicia,hibrido_institucional_texto,0.848,0,,"origen=Constitución, Legislación, Justicia y Reglamento || score_1=Salud:11.75 || score_2=Constitución y justicia:7.50",https://www.camara.cl/verDoc.aspx?prmID=17003&prmTIPO=INICIATIVA,rica,https://www.camara.cl/legislacion/ProyectosDeLey/tramitacion.aspx?prmID=17381&prmBOLETIN=16777-07,institutional-hybrid-v0.3
16944-25,1,Crea el tipo penal especial de daños en infraestructura penitenciaria,2024-06-19,parlamentario,Moción,Cámara de Diputados,25,Seguridad Ciudadana,Seguridad Ciudadana,Seguridad,,institucional_destinacion,0.97,0,,comision_origen=Seguridad Ciudadana,,no_requerido,https://www.camara.cl/legislacion/ProyectosDeLey/tramitacion.aspx?prmID=17558&prmBOLETIN=16944-25,institutional-hybrid-v0.3
16985-06,1,"Establece, para el personal de Gendarmería de Chile, la obligación de efectuar declaraciones de intereses y patrimonio, en conformidad con lo dispuesto en la ley N° 20.880, sobre probidad en la función pública y prevención de los conflictos de intereses",2024-07-12,ejecutivo,Mensaje,Cámara de Diputados,06,"Gobierno Interior, Nacionalidad, Ciudadanía y Regionalización","Gobierno Interior, Nacionalidad, Ciudadanía y Regionalización | Hacienda",Gobierno interior y descentralización,Economía y hacienda,institucional_destinacion,0.97,0,,"comision_origen=Gobierno Interior, Nacionalidad, Ciudadanía y Regionalización",,no_requerido,https://www.camara.cl/legislacion/ProyectosDeLey/tramitacion.aspx?prmID=17599&prmBOLETIN=16985-06,institutional-hybrid-v0.3
17112-19,1,"Establece límites al desarrollo de la inteligencia artificial, en resguardo de los derechos humanos fundamentales",2024-09-03,parlamentario,Moción,Cámara de Diputados,19,Ciencia y Tecnología,Ciencia y Tecnología,Ciencia y tecnología,,institucional_destinacion,0.97,0,,comision_origen=Ciencia y Tecnología,,no_requerido,https://www.camara.cl/legislacion/ProyectosDeLey/tramitacion.aspx?prmID=17732&prmBOLETIN=17112-19,institutional-hybrid-v0.3
17222-07,1,"Modifica la ley N° 18.918, orgánica constitucional del Congreso Nacional, para permitir la votación dividida de las acusaciones constitucionales, en los casos que indica",2024-11-05,parlamentario,Moción,Cámara de Diputados,07,"Constitución, Legislación, Justicia y Reglamento","Constitución, Legislación, Justicia y Reglamento",Constitución y justicia,,hibrido_institucional_texto,0.898,0,,"origen=Constitución, Legislación, Justicia y Reglamento || score_1=Constitución y justicia:11.00 || score_2=Agricultura y mundo rural:0.00",,no_requerido,https://www.camara.cl/legislacion/ProyectosDeLey/tramitacion.aspx?prmID=17849&prmBOLETIN=17222-07,institutional-hybrid-v0.3
17234-15,1,"Modifica el decreto ley N° 3.063, de 1979, para exigir la emisión de un permiso de circulación estandarizado en todas las comunas del país",2024-11-14,parlamentario,Moción,Cámara de Diputados,15,Transportes y Telecomunicaciones,Transportes y Telecomunicaciones | Obras Públicas,Transportes y telecomunicaciones,Infraestructura y obras públicas,institucional_destinacion,0.97,0,,comision_origen=Transportes y Telecomunicaciones,,no_requerido,https://www.camara.cl/legislacion/ProyectosDeLey/tramitacion.aspx?prmID=17862&prmBOLETIN=17234-15,institutional-hybrid-v0.3
17235-07,1,Modifica el Código Penal para crear el tipo especial de robo cometido por tumulto o multitud,2024-11-14,parlamentario,Moción,Cámara de Diputados,07,"Constitución, Legislación, Justicia y Reglamento","Constitución, Legislación, Justicia y Reglamento",Constitución y justicia,,hibrido_institucional_texto,0.83,1,solo_comision_transversal,"origen=Constitución, Legislación, Justicia y Reglamento || score_1=Constitución y justicia:8.25 || score_2=Gobierno interior y descentralización:1.50",https://www.camara.cl/verDoc.aspx?prmID=17461&prmTIPO=INICIATIVA,rica,https://www.camara.cl/legislacion/ProyectosDeLey/tramitacion.aspx?prmID=17863&prmBOLETIN=17235-07,institutional-hybrid-v0.3
17246-15,1,Modifica las leyes que indica para mejorar la fiscalización y aumentar las sanciones por evasión del pago de tarifas en el transporte público remunerado de pasajeros,2024-11-18,parlamentario,Moción,Cámara de Diputados,15,Transportes y Telecomunicaciones,Transportes y Telecomunicaciones | Seguridad Ciudadana | Hacienda,Transportes y telecomunicaciones,Seguridad | Economía y hacienda,institucional_destinacion,0.97,0,,comision_origen=Transportes y Telecomunicaciones,,no_requerido,https://www.camara.cl/legislacion/ProyectosDeLey/tramitacion.aspx?prmID=17875&prmBOLETIN=17246-15,institutional-hybrid-v0.3
17287-14,1,Modifica textos legales que indica para agilizar la obtención de permisos de urbanización y edificación,2024-12-03,parlamentario,Moción,Cámara de Diputados,14,"Vivienda, Desarrollo Urbano","Vivienda, Desarrollo Urbano",Vivienda y territorio,,institucional_destinacion,0.97,0,,"comision_origen=Vivienda, Desarrollo Urbano",,no_requerido,https://www.camara.cl/legislacion/ProyectosDeLey/tramitacion.aspx?prmID=17927&prmBOLETIN=17287-14,institutional-hybrid-v0.3
17324-33,1,"Modifica el Código de Aguas para garantizar la participación de comités y cooperativas de agua potable rural, prestadoras de servicios sanitarios rurales, en los directorios de las comunidades de agua",2024-12-26,parlamentario,Moción,Cámara de Diputados,33,Recursos Hídricos y Desertificación,"Recursos Hídricos y Desertificación | Agricultura, Silvicultura y Desarrollo Rural",Agua y recursos hídricos,Agricultura y mundo rural,institucional_destinacion,0.97,0,,comision_origen=Recursos Hídricos y Desertificación,,no_requerido,https://www.camara.cl/legislacion/ProyectosDeLey/tramitacion.aspx?prmID=17957&prmBOLETIN=17324-33,institutional-hybrid-v0.3
17354-37,1,"Autoriza erigir un monumento en memoria del ex Presidente de la República, señor Sebastián Piñera Echenique",2025-01-15,parlamentario,Moción,Senado,37,"Cultura, Patrimonio, Artes, Deportes y Recreación","Cultura, Patrimonio, Artes, Deportes y Recreación","Cultura, patrimonio y deporte",,institucional_destinacion,0.97,0,,"comision_origen=Cultura, Patrimonio, Artes, Deportes y Recreación",,no_requerido,https://www.camara.cl/legislacion/ProyectosDeLey/tramitacion.aspx?prmID=17987&prmBOLETIN=17354-37,institutional-hybrid-v0.3
17405-07,1,"Regula la prestación de servicios de cuidado de vehículos y limpieza de parabrisas en la vía pública, y sanciona el ejercicio no autorizado de dichas actividades",2025-03-10,parlamentario,Moción,Cámara de Diputados,07,"Constitución, Legislación, Justicia y Reglamento","Constitución, Legislación, Justicia y Reglamento | Seguridad Ciudadana",Seguridad,Constitución y justicia,institucional_trayectoria,0.94,0,,"comision_origen_transversal=Constitución, Legislación, Justicia y Reglamento || comision_sustantiva=Seguridad Ciudadana",,no_requerido,https://www.camara.cl/legislacion/ProyectosDeLey/tramitacion.aspx?prmID=18040&prmBOLETIN=17405-07,institutional-hybrid-v0.3
17451-15,1,"Autoriza la circulación en el país de vehículos que participen en competiciones de carácter internacional o federadas, en las formas y condiciones que señala",2025-04-07,parlamentario,Moción,Cámara de Diputados,15,Transportes y Telecomunicaciones,Transportes y Telecomunicaciones,Transportes y telecomunicaciones,,institucional_destinacion,0.97,0,,comision_origen=Transportes y Telecomunicaciones,,no_requerido,https://www.camara.cl/legislacion/ProyectosDeLey/tramitacion.aspx?prmID=18086&prmBOLETIN=17451-15,institutional-hybrid-v0.3
17471-07,1,Modifica la ley N° 18.119 para tipificar los delitos de robo y receptación de medidores de agua potable,2025-04-02,parlamentario,Moción,Cámara de Diputados,07,"Constitución, Legislación, Justicia y Reglamento","Constitución, Legislación, Justicia y Reglamento | Recursos Hídricos y Desertificación",Agua y recursos hídricos,Constitución y justicia,institucional_trayectoria,0.94,0,,"comision_origen_transversal=Constitución, Legislación, Justicia y Reglamento || comision_sustantiva=Recursos Hídricos y Desertificación",,no_requerido,https://www.camara.cl/legislacion/ProyectosDeLey/tramitacion.aspx?prmID=18107&prmBOLETIN=17471-07,institutional-hybrid-v0.3
17504-22,1,Fortalece la transparencia y probidad en la entrega de recursos por parte del Estado,2025-04-16,parlamentario,Moción,Cámara de Diputados,22,"Emergencias, Desastres y Bomberos","Emergencias, Desastres y Bomberos",Emergencias y desastres,,institucional_destinacion,0.97,0,,"comision_origen=Emergencias, Desastres y Bomberos",,no_requerido,https://www.camara.cl/legislacion/ProyectosDeLey/tramitacion.aspx?prmID=18143&prmBOLETIN=17504-22,institutional-hybrid-v0.3
17630-10,1,"Aprueba el &quot;Acuerdo entre la República de Chile y la República Federativa de Brasil para el reconocimiento recíproco de licencias de conductor&quot;, hecho en Santiago, República de Chile, el 5 de agosto de 2024.",2025-06-27,ejecutivo,Mensaje,Senado,10,Relaciones Exteriores,Relaciones Exteriores,Relaciones exteriores,,institucional_destinacion,0.97,0,,comision_origen=Relaciones Exteriores,,no_requerido,https://www.camara.cl/legislacion/ProyectosDeLey/tramitacion.aspx?prmID=18273&prmBOLETIN=17630-10,institutional-hybrid-v0.3
17690-07,1,Modifica el Código Penal para disponer la intervención de la fiscalía militar en la investigación del delito de espionaje,2025-07-09,parlamentario,Moción,Cámara de Diputados,07,"Constitución, Legislación, Justicia y Reglamento","Constitución, Legislación, Justicia y Reglamento",Constitución y justicia,,hibrido_institucional_texto,0.866,0,,"origen=Constitución, Legislación, Justicia y Reglamento || score_1=Constitución y justicia:11.00 || score_2=Defensa:5.00",,no_requerido,https://www.camara.cl/legislacion/ProyectosDeLey/tramitacion.aspx?prmID=18335&prmBOLETIN=17690-07,institutional-hybrid-v0.3
17724-34,1,"Reemplaza el artículo 5 bis del decreto ley N° 3.500, de 1980",2025-08-04,ejecutivo,Mensaje,Cámara de Diputados,34,Mujeres y Equidad de Género,Mujeres y Equidad de Género,Mujeres y género,,institucional_destinacion,0.97,0,,comision_origen=Mujeres y Equidad de Género,,no_requerido,https://www.camara.cl/legislacion/ProyectosDeLey/tramitacion.aspx?prmID=18378&prmBOLETIN=17724-34,institutional-hybrid-v0.3
17737-14,1,"Modifica la ley N° 21.442, que aprueba nueva Ley de Copropiedad Inmobiliaria, a fin de facultar a los administradores de condominios para emitir certificados de residencia",2025-07-25,parlamentario,Moción,Cámara de Diputados,14,"Vivienda, Desarrollo Urbano","Vivienda, Desarrollo Urbano",Vivienda y territorio,,institucional_destinacion,0.97,0,,"comision_origen=Vivienda, Desarrollo Urbano",,no_requerido,https://www.camara.cl/legislacion/ProyectosDeLey/tramitacion.aspx?prmID=18385&prmBOLETIN=17737-14,institutional-hybrid-v0.3
17757-29,1,Modifica la ley N° 19.327 para imponer nuevas obligaciones a los organizadores de espectáculos de fútbol profesional,2025-08-06,parlamentario,Moción,Cámara de Diputados,29,Deportes y Recreación,Deportes y Recreación,Deportes,,institucional_destinacion,0.97,0,,comision_origen=Deportes y Recreación,,no_requerido,https://www.camara.cl/legislacion/ProyectosDeLey/tramitacion.aspx?prmID=18406&prmBOLETIN=17757-29,institutional-hybrid-v0.3
17795-19,1,"Regula la creación y difusión de imitaciones digitales realistas de la imagen, cuerpo o voz de las personas, generadas mediante inteligencia artificial",2025-08-21,parlamentario,Moción,Cámara de Diputados,19,Ciencia y Tecnología,Ciencia y Tecnología,Ciencia y tecnología,,institucional_destinacion,0.97,0,,comision_origen=Ciencia y Tecnología,,no_requerido,https://www.camara.cl/legislacion/ProyectosDeLey/tramitacion.aspx?prmID=18447&prmBOLETIN=17795-19,institutional-hybrid-v0.3
17837-13,1,Modifica el Código del Trabajo y otros cuerpos legales para fortalecer la protección de la salud y seguridad de las personas trabajadoras,2025-09-05,parlamentario,Moción,Cámara de Diputados,13,Trabajo y Seguridad Social,Trabajo y Seguridad Social,Trabajo y seguridad social,,institucional_destinacion,0.97,0,,comision_origen=Trabajo y Seguridad Social,,no_requerido,https://www.camara.cl/legislacion/ProyectosDeLey/tramitacion.aspx?prmID=18491&prmBOLETIN=17837-13,institutional-hybrid-v0.3
17880-13,1,Crea un nuevo Juzgado de Letras del Trabajo en Santiago y fortalece los juzgados de letras del trabajo que indica,2025-10-03,ejecutivo,Mensaje,Cámara de Diputados,13,Trabajo y Seguridad Social,"Trabajo y Seguridad Social | Constitución, Legislación, Justicia y Reglamento | Hacienda",Trabajo y seguridad social,Constitución y justicia | Economía y hacienda,institucional_destinacion,0.97,0,,comision_origen=Trabajo y Seguridad Social,,no_requerido,https://www.camara.cl/legislacion/ProyectosDeLey/tramitacion.aspx?prmID=18539&prmBOLETIN=17880-13,institutional-hybrid-v0.3
17956-10,1,"Aprueba el &quot;Acuerdo sobre transporte aéreo entre la República de Chile y el Reino de España&quot;, suscrito en Montreal, Canadá, el 1 de octubre de 2022",2025-11-14,ejecutivo,Mensaje,Senado,10,Relaciones Exteriores,Relaciones Exteriores,Relaciones exteriores,,institucional_destinacion,0.97,0,,comision_origen=Relaciones Exteriores,,no_requerido,https://www.camara.cl/legislacion/ProyectosDeLey/tramitacion.aspx?prmID=18613&prmBOLETIN=17956-10,institutional-hybrid-v0.3
17957-10,1,"Aprueba el &quot;Acuerdo entre el Gobierno de la República de Chile y el Gobierno de la República Helénica en materia de servicios aéreos&quot;, suscrito en Atenas, Grecia, el 27 de mayo de 2021",2025-11-14,ejecutivo,Mensaje,Senado,10,Relaciones Exteriores,Relaciones Exteriores,Relaciones exteriores,,institucional_destinacion,0.97,0,,comision_origen=Relaciones Exteriores,,no_requerido,https://www.camara.cl/legislacion/ProyectosDeLey/tramitacion.aspx?prmID=18614&prmBOLETIN=17957-10,institutional-hybrid-v0.3
17958-10,1,"Aprueba el &quot;Acuerdo de servicios aéreos entre el Reino de los Países Bajos y la República de Chile&quot;, suscrito en Santiago, Chile, el 24 de mayo de 2021",2025-11-14,ejecutivo,Mensaje,Senado,10,Relaciones Exteriores,Relaciones Exteriores,Relaciones exteriores,,institucional_destinacion,0.97,0,,comision_origen=Relaciones Exteriores,,no_requerido,https://www.camara.cl/legislacion/ProyectosDeLey/tramitacion.aspx?prmID=18615&prmBOLETIN=17958-10,institutional-hybrid-v0.3
18003-35,1,"Modifica la ley N° 18.700, orgánica constitucional sobre Votaciones Populares y Escrutinios, para eximir al Servicio Electoral del deber de denunciar a personas postradas y electrodependientes, por incumplimiento de la obligación de sufragar",2025-12-03,parlamentario,Moción,Cámara de Diputados,35,Personas Mayores y Discapacidad,Personas Mayores y Discapacidad,Personas mayores y discapacidad,,institucional_destinacion,0.97,0,,comision_origen=Personas Mayores y Discapacidad,,no_requerido,https://www.camara.cl/legislacion/ProyectosDeLey/tramitacion.aspx?prmID=18661&prmBOLETIN=18003-35,institutional-hybrid-v0.3
18016-13,1,Modifica el Código del Trabajo en lo tocante a la jornada laboral de los trabajadores del cine y el audiovisual que indica,2025-12-12,parlamentario,Moción,Cámara de Diputados,13,Trabajo y Seguridad Social,Trabajo y Seguridad Social,Trabajo y seguridad social,,institucional_destinacion,0.97,0,,comision_origen=Trabajo y Seguridad Social,,no_requerido,https://www.camara.cl/legislacion/ProyectosDeLey/tramitacion.aspx?prmID=18674&prmBOLETIN=18016-13,institutional-hybrid-v0.3
18043-06,1,"Concede, por especial gracia, la nacionalidad chilena al sacerdote alemán Wolter Josef Tilmann Dütting",2026-01-05,parlamentario,Moción,Cámara de Diputados,06,"Gobierno Interior, Nacionalidad, Ciudadanía y Regionalización","Gobierno Interior, Nacionalidad, Ciudadanía y Regionalización",Gobierno interior y descentralización,,institucional_destinacion,0.97,0,,"comision_origen=Gobierno Interior, Nacionalidad, Ciudadanía y Regionalización",,no_requerido,https://www.camara.cl/legislacion/ProyectosDeLey/tramitacion.aspx?prmID=18704&prmBOLETIN=18043-06,institutional-hybrid-v0.3
18048-06,1,"Concede, por especial gracia, la nacionalidad chilena a la destacada deportista juvenil colombiana María Camila Valencia Mosquera",2026-01-07,parlamentario,Moción,Cámara de Diputados,06,"Gobierno Interior, Nacionalidad, Ciudadanía y Regionalización","Gobierno Interior, Nacionalidad, Ciudadanía y Regionalización",Gobierno interior y descentralización,,institucional_destinacion,0.97,0,,"comision_origen=Gobierno Interior, Nacionalidad, Ciudadanía y Regionalización",,no_requerido,https://www.camara.cl/legislacion/ProyectosDeLey/tramitacion.aspx?prmID=18708&prmBOLETIN=18048-06,institutional-hybrid-v0.3
18107-07,1,"Modifica la ley N° 18.918, orgánica constitucional del Congreso Nacional, en materia de quórum necesario para revertir la declaración de inadmisibilidad recaída en proyectos de ley e indicaciones",2026-03-04,parlamentario,Moción,Cámara de Diputados,07,"Constitución, Legislación, Justicia y Reglamento","Constitución, Legislación, Justicia y Reglamento",Constitución y justicia,,hibrido_institucional_texto,0.92,0,,"origen=Constitución, Legislación, Justicia y Reglamento || score_1=Constitución y justicia:12.75 || score_2=Economía, comercio y consumidores:3.00",https://www.camara.cl/verDoc.aspx?prmID=18336&prmTIPO=INICIATIVA,rica,https://www.camara.cl/legislacion/ProyectosDeLey/tramitacion.aspx?prmID=18770&prmBOLETIN=18107-07,institutional-hybrid-v0.3
