boletin,rollcalls,first_vote_date,sample_description,sample_verification_url
16743-04,11,2026-07-07,Boletín N°16743-04,https://www.camara.cl/legislacion/sala_sesiones/votacion_detalle.aspx?prmIdVotacion=89302
16857-07,9,2026-06-16,Boletín N°16857-07,https://www.camara.cl/legislacion/sala_sesiones/votacion_detalle.aspx?prmIdVotacion=89153
16836-06,8,2026-07-13,Boletín N°16836-06,https://www.camara.cl/legislacion/sala_sesiones/votacion_detalle.aspx?prmIdVotacion=89384
10634-29,7,2026-03-25,Boletín N°10634-29,https://www.camara.cl/legislacion/sala_sesiones/votacion_detalle.aspx?prmIdVotacion=88501
15347-07,7,2026-03-23,Boletín N°15347-07,https://www.camara.cl/legislacion/sala_sesiones/votacion_detalle.aspx?prmIdVotacion=88450
14767-03,5,2026-07-07,Boletín N°14767-03,https://www.camara.cl/legislacion/sala_sesiones/votacion_detalle.aspx?prmIdVotacion=89313
15936-18,5,2026-06-10,Boletín N°15936-18,https://www.camara.cl/legislacion/sala_sesiones/votacion_detalle.aspx?prmIdVotacion=89109
17012-14,5,2026-07-14,Boletín N°17012-14,https://www.camara.cl/legislacion/sala_sesiones/votacion_detalle.aspx?prmIdVotacion=89407
14309-04,4,2026-05-11,Boletín N°14309-04,https://www.camara.cl/legislacion/sala_sesiones/votacion_detalle.aspx?prmIdVotacion=88810
17818-24,4,2026-09-01,Boletín N°17818-24,https://www.camara.cl/legislacion/sala_sesiones/votacion_detalle.aspx?prmIdVotacion=89928
16300-07,3,2026-08-11,Boletín N°16300-07,https://www.camara.cl/legislacion/sala_sesiones/votacion_detalle.aspx?prmIdVotacion=89693
16851-14,3,2026-05-04,Boletín N°16851-14,https://www.camara.cl/legislacion/sala_sesiones/votacion_detalle.aspx?prmIdVotacion=88738
17170-07,3,2026-04-13,Boletín N°17170-07,https://www.camara.cl/legislacion/sala_sesiones/votacion_detalle.aspx?prmIdVotacion=88612
17662-07,3,2026-09-01,Boletín N°17662-07,https://www.camara.cl/legislacion/sala_sesiones/votacion_detalle.aspx?prmIdVotacion=89932
17912-25,3,2026-08-17,Boletín N°17912-25,https://www.camara.cl/legislacion/sala_sesiones/votacion_detalle.aspx?prmIdVotacion=89779
12786-12,2,2026-08-18,Boletín N°12786-12,https://www.camara.cl/legislacion/sala_sesiones/votacion_detalle.aspx?prmIdVotacion=89843
15258-25,2,2026-05-13,Boletín N°15258-25,https://www.camara.cl/legislacion/sala_sesiones/votacion_detalle.aspx?prmIdVotacion=88872
16569-25,2,2026-04-06,Boletín N°16569-25,https://www.camara.cl/legislacion/sala_sesiones/votacion_detalle.aspx?prmIdVotacion=88544
16686-19,2,2026-06-09,Boletín N°16686-19,https://www.camara.cl/legislacion/sala_sesiones/votacion_detalle.aspx?prmIdVotacion=89085
16725-06,2,2026-06-10,Boletín N°16725-06,https://www.camara.cl/legislacion/sala_sesiones/votacion_detalle.aspx?prmIdVotacion=89107
16808-25,2,2026-06-03,Boletín N°16808-25,https://www.camara.cl/legislacion/sala_sesiones/votacion_detalle.aspx?prmIdVotacion=89031
17381-03,2,2026-05-05,Boletín N°17381-03,https://www.camara.cl/legislacion/sala_sesiones/votacion_detalle.aspx?prmIdVotacion=88756
17474-06,2,2026-03-24,Boletín N°17474-06,https://www.camara.cl/legislacion/sala_sesiones/votacion_detalle.aspx?prmIdVotacion=88474
17522-12,2,2026-04-15,Boletín N°17522-12,https://www.camara.cl/legislacion/sala_sesiones/votacion_detalle.aspx?prmIdVotacion=88647
17872-33,2,2026-05-05,Boletín N°17872-33,https://www.camara.cl/legislacion/sala_sesiones/votacion_detalle.aspx?prmIdVotacion=88759
17914-13,2,2026-09-01,Boletín N°17914-13,https://www.camara.cl/legislacion/sala_sesiones/votacion_detalle.aspx?prmIdVotacion=89935
18030-12,2,2026-06-08,Boletín N°18030-12,https://www.camara.cl/legislacion/sala_sesiones/votacion_detalle.aspx?prmIdVotacion=89071
10986-24,1,2026-06-22,Boletín N°10986-24,https://www.camara.cl/legislacion/sala_sesiones/votacion_detalle.aspx?prmIdVotacion=89210
15295-07,1,2026-09-01,Boletín N°15295-07,https://www.camara.cl/legislacion/sala_sesiones/votacion_detalle.aspx?prmIdVotacion=89937
15387-12,1,2026-08-18,Boletín N°15387-12,https://www.camara.cl/legislacion/sala_sesiones/votacion_detalle.aspx?prmIdVotacion=89842
16397-15,1,2026-08-19,Boletín N°16397-15,https://www.camara.cl/legislacion/sala_sesiones/votacion_detalle.aspx?prmIdVotacion=89866
16487-12,1,2026-03-24,Boletín N°16487-12,https://www.camara.cl/legislacion/sala_sesiones/votacion_detalle.aspx?prmIdVotacion=88477
16777-07,1,2026-08-12,Boletín N°16777-07,https://www.camara.cl/legislacion/sala_sesiones/votacion_detalle.aspx?prmIdVotacion=89750
16944-25,1,2026-03-18,Boletín N°16944-25,https://www.camara.cl/legislacion/sala_sesiones/votacion_detalle.aspx?prmIdVotacion=88442
16985-06,1,2026-03-24,Boletín N°16985-06,https://www.camara.cl/legislacion/sala_sesiones/votacion_detalle.aspx?prmIdVotacion=88476
17112-19,1,2026-05-12,Boletín N°17112-19,https://www.camara.cl/legislacion/sala_sesiones/votacion_detalle.aspx?prmIdVotacion=88826
17222-07,1,2026-06-16,Boletín N°17222-07,https://www.camara.cl/legislacion/sala_sesiones/votacion_detalle.aspx?prmIdVotacion=89162
17234-15,1,2026-04-06,Boletín N°17234-15,https://www.camara.cl/legislacion/sala_sesiones/votacion_detalle.aspx?prmIdVotacion=88545
17235-07,1,2026-04-22,Boletín N°17235-07,https://www.camara.cl/legislacion/sala_sesiones/votacion_detalle.aspx?prmIdVotacion=88718
17246-15,1,2026-04-08,Boletín N°17246-15,https://www.camara.cl/legislacion/sala_sesiones/votacion_detalle.aspx?prmIdVotacion=88594
17287-14,1,2026-06-02,Boletín N°17287-14,https://www.camara.cl/legislacion/sala_sesiones/votacion_detalle.aspx?prmIdVotacion=89003
17324-33,1,2026-08-19,Boletín N°17324-33,https://www.camara.cl/legislacion/sala_sesiones/votacion_detalle.aspx?prmIdVotacion=89867
17354-37,1,2026-04-14,Boletín N°17354-37,https://www.camara.cl/legislacion/sala_sesiones/votacion_detalle.aspx?prmIdVotacion=88633
17405-07,1,2026-05-05,Boletín N°17405-07,https://www.camara.cl/legislacion/sala_sesiones/votacion_detalle.aspx?prmIdVotacion=88761
17451-15,1,2026-08-17,Boletín N°17451-15,https://www.camara.cl/legislacion/sala_sesiones/votacion_detalle.aspx?prmIdVotacion=89783
17471-07,1,2026-05-05,Boletín N°17471-07,https://www.camara.cl/legislacion/sala_sesiones/votacion_detalle.aspx?prmIdVotacion=88758
17504-22,1,2026-04-07,Boletín N°17504-22,https://www.camara.cl/legislacion/sala_sesiones/votacion_detalle.aspx?prmIdVotacion=88564
17630-10,1,2026-06-10,Boletín N°17630-10,https://www.camara.cl/legislacion/sala_sesiones/votacion_detalle.aspx?prmIdVotacion=89105
17690-07,1,2026-04-14,Boletín N°17690-07,https://www.camara.cl/legislacion/sala_sesiones/votacion_detalle.aspx?prmIdVotacion=88634
17724-34,1,2026-05-05,Boletín N°17724-34,https://www.camara.cl/legislacion/sala_sesiones/votacion_detalle.aspx?prmIdVotacion=88754
17737-14,1,2026-03-24,Boletín N°17737-14,https://www.camara.cl/legislacion/sala_sesiones/votacion_detalle.aspx?prmIdVotacion=88472
17757-29,1,2026-04-15,Boletín N°17757-29,https://www.camara.cl/legislacion/sala_sesiones/votacion_detalle.aspx?prmIdVotacion=88646
17795-19,1,2026-07-22,Boletín N°17795-19,https://www.camara.cl/legislacion/sala_sesiones/votacion_detalle.aspx?prmIdVotacion=89524
17837-13,1,2026-08-17,Boletín N°17837-13,https://www.camara.cl/legislacion/sala_sesiones/votacion_detalle.aspx?prmIdVotacion=89784
17880-13,1,2026-04-13,Boletín N°17880-13,https://www.camara.cl/legislacion/sala_sesiones/votacion_detalle.aspx?prmIdVotacion=88611
17956-10,1,2026-06-08,Boletín N°17956-10,https://www.camara.cl/legislacion/sala_sesiones/votacion_detalle.aspx?prmIdVotacion=89067
17957-10,1,2026-06-08,Boletín N°17957-10,https://www.camara.cl/legislacion/sala_sesiones/votacion_detalle.aspx?prmIdVotacion=89068
17958-10,1,2026-06-08,Boletín N°17958-10,https://www.camara.cl/legislacion/sala_sesiones/votacion_detalle.aspx?prmIdVotacion=89069
18003-35,1,2026-03-25,Boletín N°18003-35,https://www.camara.cl/legislacion/sala_sesiones/votacion_detalle.aspx?prmIdVotacion=88500
18016-13,1,2026-05-05,Boletín N°18016-13,https://www.camara.cl/legislacion/sala_sesiones/votacion_detalle.aspx?prmIdVotacion=88755
18043-06,1,2026-04-21,Boletín N°18043-06,https://www.camara.cl/legislacion/sala_sesiones/votacion_detalle.aspx?prmIdVotacion=88679
18048-06,1,2026-06-10,Boletín N°18048-06,https://www.camara.cl/legislacion/sala_sesiones/votacion_detalle.aspx?prmIdVotacion=89104
18107-07,1,2026-05-06,Boletín N°18107-07,https://www.camara.cl/legislacion/sala_sesiones/votacion_detalle.aspx?prmIdVotacion=88794
