spec_id,group_type,group,n_members,mean_coord,median_coord,q25_coord,q75_coord,min_coord,max_coord,mean_z
raw_lop025,party,Evolución Política,2,-0.7552978098392484,-0.7552978098392484,-0.7679324895143507,-0.7426631301641462,-0.780567169189453,-0.730028450489044,-0.7604044244880418
raw_lop025,party,Federación Regionalista Verde Social,1,0.21259069442749,0.21259069442749,0.21259069442749,0.21259069442749,0.21259069442749,0.21259069442749,0.5624855780264529
raw_lop025,party,Frente Amplio,15,0.7406972885131836,0.751131236553192,0.733826607465744,0.761631339788437,0.639329791069031,0.790138483047485,1.2842907554804577
raw_lop025,party,Independientes,25,-0.03342137336730948,0.288333207368851,-0.787695109844208,0.434719085693359,-0.993116140365601,0.932657659053802,0.22624136854468702
raw_lop025,party,Partido Acción Humanista,1,0.902786135673523,0.902786135673523,0.902786135673523,0.902786135673523,0.902786135673523,0.902786135673523,1.5058304415933323
raw_lop025,party,Partido Comunista,8,0.956133134663105,0.952311784029007,0.9233842045068743,0.991220951080322,0.917440712451935,1.0,1.5787440171925524
raw_lop025,party,Partido Demócrata Cristiano,7,0.2566556675093516,0.245622903108597,0.232943505048752,0.2755631506443025,0.199255913496017,0.334697544574738,0.6227126724635619
raw_lop025,party,Partido Demócratas Chile,1,-0.697044610977173,-0.697044610977173,-0.697044610977173,-0.697044610977173,-0.697044610977173,-0.697044610977173,-0.6807851563084799
raw_lop025,party,Partido Liberal de Chile,2,0.30453027784824405,0.30453027784824405,0.2844018265604975,0.32465872913599053,0.264273375272751,0.344787180423737,0.6881467003628582
raw_lop025,party,Partido Nacional Libertario,8,-0.9668611139059067,-0.9976453185081484,-1.0,-0.966477736830711,-1.0,-0.85929924249649,-1.0495647757216235
raw_lop025,party,Partido Por la Democracia,4,0.4197153970599175,0.402250051498413,0.4006979539990423,0.42126749455928825,0.397401720285416,0.476959764957428,0.8455793405604007
raw_lop025,party,Partido Radical de Chile,1,0.337180376052856,0.337180376052856,0.337180376052856,0.337180376052856,0.337180376052856,0.337180376052856,0.7327721797497838
raw_lop025,party,Partido Republicano,28,-0.9874053874186108,-0.992275357246399,-0.993062406778336,-0.9863514155149462,-1.0,-0.94441020488739,-1.0776442641328112
raw_lop025,party,Partido Social Cristiano,3,-0.71386456489563,-0.725470304489136,-0.727170377969742,-0.706361621618271,-0.728870451450348,-0.687252938747406,-0.7037743216755573
raw_lop025,party,Partido Socialista,10,0.6245770514011383,0.6076802909374235,0.579050049185753,0.648384287953377,0.518639802932739,0.762329995632172,1.1255800154644744
raw_lop025,party,Partido de la Gente,14,-0.06892139584358252,-0.07395577058196065,-0.10301734320819368,0.06423530168831347,-0.470514535903931,0.170654118061066,0.17772067156783858
raw_lop025,party,Renovación Nacional,11,-0.7696929953315041,-0.763008773326874,-0.790871798992157,-0.7476015090942381,-0.837105631828308,-0.724691212177277,-0.7800794664872994
raw_lop025,party,Unión Demócrata Independiente,13,-0.8601663892085736,-0.866795241832733,-0.879655182361603,-0.852442920207977,-0.916859328746796,-0.784243583679199,-0.9037366312598103
raw_lop025,caucus,Comité Comunista e Independientes,12,0.9350728044907252,0.924488961696625,0.9194126278162003,0.9829061925411222,0.81469863653183,1.0,1.5499591932052044
raw_lop025,caucus,"Comité Democracia Cristiana, Federación Regionalista Verde Social e Independientes",10,0.24626472592353832,0.23701321333646802,0.2181056030094625,0.2666305899620055,0.199255913496017,0.334697544574738,0.6085105482726166
raw_lop025,caucus,Comité Partido Nacional Libertarios,8,-0.9668611139059067,-0.9976453185081484,-1.0,-0.966477736830711,-1.0,-0.85929924249649,-1.0495647757216235
raw_lop025,caucus,Comité Partido Republicano,31,-0.9876148739168722,-0.992275357246399,-0.993080317974091,-0.9862127602100375,-1.0,-0.94441020488739,-1.0779305859487953
raw_lop025,caucus,Comité Partido de la Gente,13,-0.03802961583894032,-0.0715738758444786,-0.0841939747333527,0.0800754055380821,-0.417377352714539,0.170654118061066,0.2199429179814152
raw_lop025,caucus,Frente Amplio,17,0.7367729088839363,0.75061160326004,0.725313663482666,0.760322391986847,0.639329791069031,0.790138483047485,1.2789269945155148
raw_lop025,caucus,Fuera del Comité Partido de la Gente,1,-0.470514535903931,-0.470514535903931,-0.470514535903931,-0.470514535903931,-0.470514535903931,-0.470514535903931,-0.37116853180865733
raw_lop025,caucus,Partido Por la Democracia e Independientes,10,0.3843679368495942,0.3841999471187595,0.3441107869148258,0.402476727962494,0.327570497989655,0.476959764957428,0.7972671625353698
raw_lop025,caucus,Por definir,3,-0.71386456489563,-0.725470304489136,-0.727170377969742,-0.706361621618271,-0.728870451450348,-0.687252938747406,-0.7037743216755573
raw_lop025,caucus,"Renovación Nacional, Evopoli e Independientes",16,-0.7705761417746544,-0.7630419433116915,-0.7930691689252856,-0.7400596439838407,-0.867259979248047,-0.697044610977173,-0.7812865327921987
raw_lop025,caucus,"Socialista, Liberal, Radical e Independientes",15,0.5390021840731304,0.587814927101135,0.431713491678238,0.6198230385780334,0.264273375272751,0.762329995632172,1.0086180555324369
raw_lop025,caucus,Unión Demócrata Independiente,18,-0.8327244785096909,-0.856681019067764,-0.8734380602836608,-0.8018506765365603,-0.916859328746796,-0.616479396820068,-0.8662295949086039
raw_lop025,alignment,no_alineado,22,-0.3954449296844276,-0.163686517626047,-0.966477736830711,-0.0314936893992126,-1.0,0.170654118061066,-0.26856494562832944
raw_lop025,alignment,oficialismo,68,-0.8834693186423358,-0.890614151954651,-0.991731137037277,-0.7833244800567625,-1.0,-0.616479396820068,-0.9355865935657262
raw_lop025,alignment,oposicion,64,0.5958964452147484,0.6341493427753451,0.343605719506741,0.7624825686216357,0.199255913496017,1.0,1.0863799557233222
raw_lop050,party,Evolución Política,2,-0.7683828175067905,-0.7683828175067905,-0.7797921448946002,-0.7569734901189807,-0.79120147228241,-0.745564162731171,-0.7593676324097385
raw_lop050,party,Federación Regionalista Verde Social,1,0.174790114164352,0.174790114164352,0.174790114164352,0.174790114164352,0.174790114164352,0.174790114164352,0.536870384102516
raw_lop050,party,Frente Amplio,15,0.7136748512585958,0.726286649703979,0.706274718046188,0.738279342651367,0.626721501350403,0.743838846683502,1.277479936480261
raw_lop050,party,Independientes,25,-0.05361321032047277,0.249597981572151,-0.805331230163574,0.400907307863235,-0.993664920330048,0.99611622095108,0.22296710894126118
raw_lop050,party,Partido Acción Humanista,1,0.95000833272934,0.95000833272934,0.95000833272934,0.95000833272934,0.95000833272934,0.95000833272934,1.6022819245041144
raw_lop050,party,Partido Comunista,8,0.9843213111162188,0.986379981040955,0.982178747653961,0.986379981040955,0.969006896018982,1.0,1.6494395406223257
raw_lop050,party,Partido Demócrata Cristiano,7,0.2191529486860547,0.208469375967979,0.196424908936024,0.23734100908041,0.162612900137901,0.295456528663635,0.5978398953091031
raw_lop050,party,Partido Demócratas Chile,1,-0.707957565784454,-0.707957565784454,-0.707957565784454,-0.707957565784454,-0.707957565784454,-0.707957565784454,-0.6763229374129942
raw_lop050,party,Partido Liberal de Chile,2,0.265838600695133,0.265838600695133,0.24579669162630996,0.285880509763956,0.225754782557487,0.305922418832779,0.6620017419098165
raw_lop050,party,Partido Nacional Libertario,8,-0.9700852409005165,-0.992878884077072,-1.0,-0.9688684791326525,-1.0,-0.87295526266098,-1.036574855439714
raw_lop050,party,Partido Por la Democracia,4,0.38503026962280273,0.366205170750618,0.36396820098161725,0.3872672393918035,0.362658321857452,0.445052415132523,0.8258113332663441
raw_lop050,party,Partido Radical de Chile,1,0.297429651021957,0.297429651021957,0.297429651021957,0.297429651021957,0.297429651021957,0.297429651021957,0.7054185099701822
raw_lop050,party,Partido Republicano,28,-0.9884456161941801,-0.9929369688034055,-0.993664920330048,-0.9874424785375597,-1.0,-0.949111700057983,-1.061808209423814
raw_lop050,party,Partido Social Cristiano,3,-0.726995845635732,-0.738101422786713,-0.7407694160938265,-0.718775063753128,-0.74343740940094,-0.699448704719543,-0.7024879611149577
raw_lop050,party,Partido Socialista,10,0.5864377260208131,0.5666395723819735,0.5390074998140337,0.6076559126377108,0.478686034679413,0.738173365592957,1.1026131720654708
raw_lop050,party,Partido de la Gente,14,-0.09766540350392462,-0.1039483062922955,-0.13275567069649727,0.0320822766516358,-0.484225213527679,0.136965155601501,0.16242452380371167
raw_lop050,party,Renovación Nacional,11,-0.7843177264386957,-0.777200639247894,-0.809951663017273,-0.760876476764679,-0.845786154270172,-0.73786449432373,-0.7812675767927884
raw_lop050,party,Unión Demócrata Independiente,13,-0.8857648876997143,-0.889388263225555,-0.905059099197388,-0.872682809829712,-0.957984745502472,-0.799405753612518,-0.9206902241972112
raw_lop050,caucus,Comité Comunista e Independientes,12,0.96105561653773,0.9853578209877015,0.9642572551965716,0.986379981040955,0.818554103374481,1.0,1.6174646219403768
raw_lop050,caucus,"Comité Democracia Cristiana, Federación Regionalista Verde Social e Independientes",10,0.2088208466768264,0.200418956577778,0.18121165037155176,0.228669684380293,0.162612900137901,0.295456528663635,0.583640099105119
raw_lop050,caucus,Comité Partido Nacional Libertarios,8,-0.9700852409005165,-0.992878884077072,-1.0,-0.9688684791326525,-1.0,-0.87295526266098,-1.036574855439714
raw_lop050,caucus,Comité Partido Republicano,31,-0.9886197293958356,-0.993009507656097,-0.993664920330048,-0.9872927963733675,-1.0,-0.949111700057983,-1.0620474997422529
raw_lop050,caucus,Comité Partido de la Gente,13,-0.06793003350209736,-0.101494334638119,-0.114566415548325,0.0476491674780846,-0.434691488742828,0.136965155601501,0.2032909606332048
raw_lop050,caucus,Frente Amplio,17,0.709371079416836,0.72193056344986,0.69428288936615,0.738263487815857,0.626721501350403,0.743838846683502,1.2715651010472726
raw_lop050,caucus,Fuera del Comité Partido de la Gente,1,-0.484225213527679,-0.484225213527679,-0.484225213527679,-0.484225213527679,-0.484225213527679,-0.484225213527679,-0.36883915497969866
raw_lop050,caucus,Partido Por la Democracia e Independientes,10,0.3490776658058166,0.34888476133346547,0.30826219171285624,0.3671053424477575,0.291112124919891,0.445052415132523,0.7764003182814163
raw_lop050,caucus,Por definir,3,-0.726995845635732,-0.738101422786713,-0.7407694160938265,-0.718775063753128,-0.74343740940094,-0.699448704719543,-0.7024879611149577
raw_lop050,caucus,"Renovación Nacional, Evopoli e Independientes",16,-0.7846551090478896,-0.7788482308387754,-0.8115207701921462,-0.7523234635591508,-0.876932322978973,-0.707957565784454,-0.7817312543957624
raw_lop050,caucus,"Socialista, Liberal, Radical e Independientes",15,0.5005317767461142,0.548982322216034,0.392304226756096,0.574104577302933,0.225754782557487,0.738173365592957,0.9845493965316069
raw_lop050,caucus,Unión Demócrata Independiente,18,-0.8560581041706934,-0.8795664310455324,-0.9002421051263813,-0.8204404413700107,-0.957984745502472,-0.628248453140259,-0.8798630748319418
raw_lop050,alignment,no_alineado,22,-0.41490898073904897,-0.19134362787008302,-0.9688684791326525,-0.06230071187019352,-1.0,0.136965155601501,-0.27357525046662495
raw_lop050,alignment,oficialismo,68,-0.8939959818826003,-0.9228391051292419,-0.9924500733613968,-0.797354683279991,-1.0,-0.628248453140259,-0.9320025263626744
raw_lop050,alignment,oposicion,64,0.5731083988212049,0.5982086658477785,0.3054910823702812,0.7382714152336121,0.162612900137901,1.0,1.084294176608244
raw_lop100,party,Evolución Política,2,-0.7085354924201965,-0.7085354924201965,-0.7225127816200257,-0.6945582032203672,-0.736490070819855,-0.680580914020538,-0.7138303880894254
raw_lop100,party,Federación Regionalista Verde Social,1,0.134998619556427,0.134998619556427,0.134998619556427,0.134998619556427,0.134998619556427,0.134998619556427,0.48123628804802787
raw_lop100,party,Frente Amplio,15,0.7501519918441774,0.747468948364258,0.7168994843959811,0.767008572816849,0.619279265403748,0.916219770908356,1.3527473336559144
raw_lop100,party,Independientes,25,-0.04957673907279957,0.206175461411476,-0.726696252822876,0.348364621400833,-1.0,0.987358629703522,0.2197413974418481
raw_lop100,party,Partido Acción Humanista,1,0.835838317871094,0.835838317871094,0.835838317871094,0.835838317871094,0.835838317871094,0.835838317871094,1.474142392114742
raw_lop100,party,Partido Comunista,8,0.9701450616121293,0.970765292644501,0.970765292644501,0.971610188484192,0.933936953544617,1.0,1.6644198350142794
raw_lop100,party,Partido Demócrata Cristiano,7,0.17805407941341386,0.168594360351562,0.157168909907341,0.194637209177017,0.125235348939896,0.248936608433723,0.5422345862440406
raw_lop100,party,Partido Demócratas Chile,1,-0.65118795633316,-0.65118795633316,-0.65118795633316,-0.65118795633316,-0.65118795633316,-0.65118795633316,-0.6325839650187404
raw_lop100,party,Partido Liberal de Chile,2,0.22120160609483702,0.22120160609483702,0.20241160318255402,0.23999160900712,0.183621600270271,0.258781611919403,0.6033633189918983
raw_lop100,party,Partido Nacional Libertario,8,-0.8576649129390717,-0.8711103200912476,-0.8766686916351321,-0.8613913506269453,-0.885711669921875,-0.761426508426666,-0.925107677725266
raw_lop100,party,Partido Por la Democracia,4,0.33451848477125173,0.3166897892951965,0.3150335550308225,0.33617471903562574,0.313868135213852,0.390826225280762,0.7639036262863671
raw_lop100,party,Partido Radical de Chile,1,0.250678271055222,0.250678271055222,0.250678271055222,0.250678271055222,0.250678271055222,0.250678271055222,0.6451240249523003
raw_lop100,party,Partido Republicano,28,-0.9925190380641392,-0.9992288947105405,-0.999893695116043,-0.9915675371885302,-1.0,-0.923810660839081,-1.1161606165317346
raw_lop100,party,Partido Social Cristiano,3,-0.668954809506734,-0.67958003282547,-0.6827653646469115,-0.6604568660259245,-0.685950696468353,-0.641333699226379,-0.6577549377939986
raw_lop100,party,Partido Socialista,10,0.535612016916275,0.505402147769928,0.47970882058143627,0.5463049858808515,0.420331597328186,0.764348149299622,1.0488004379756528
raw_lop100,party,Partido de la Gente,14,-0.10879702413720743,-0.117688685655594,-0.14362895488738975,0.0057252934202552015,-0.438338339328766,0.100090242922306,0.1358417800736821
raw_lop100,party,Renovación Nacional,11,-0.717993367802013,-0.711376965045929,-0.7299130260944364,-0.6914438307285304,-0.7908695936203,-0.679490149021149,-0.7272297178087467
raw_lop100,party,Unión Demócrata Independiente,13,-0.8270194255388699,-0.8393235206604,-0.851290583610535,-0.819800853729248,-0.885342299938202,-0.744052708148956,-0.8816910568133352
raw_lop100,caucus,Comité Comunista e Independientes,12,0.9428856521844866,0.970765292644501,0.9610565006732945,0.971610188484192,0.760174036026001,1.0,1.6258003988164629
raw_lop100,caucus,"Comité Democracia Cristiana, Federación Regionalista Verde Social e Independientes",10,0.16821418404579158,0.1606135442852975,0.14267431944608727,0.18659084290266026,0.125235348939896,0.248936608433723,0.5282940343640823
raw_lop100,caucus,Comité Partido Nacional Libertarios,8,-0.8576649129390717,-0.8711103200912476,-0.8766686916351321,-0.8613913506269453,-0.885711669921875,-0.761426508426666,-0.925107677725266
raw_lop100,caucus,Comité Partido Republicano,31,-0.9927905740276459,-0.99921977519989,-0.999899685382843,-0.9914676249027254,-1.0,-0.923810660839081,-1.1165453117998363
raw_lop100,caucus,Comité Partido de la Gente,13,-0.08344769219939524,-0.115524381399155,-0.127200827002525,0.0199602730572224,-0.398999929428101,0.100090242922306,0.17175513725877453
raw_lop100,caucus,Frente Amplio,17,0.7499518043854658,0.747468948364258,0.719649314880371,0.764712452888489,0.619279265403748,0.916219770908356,1.3524637205127232
raw_lop100,caucus,Fuera del Comité Partido de la Gente,1,-0.438338339328766,-0.438338339328766,-0.438338339328766,-0.438338339328766,-0.438338339328766,-0.438338339328766,-0.3310318633325191
raw_lop100,caucus,Partido Por la Democracia e Independientes,10,0.29943252205848697,0.2961956411600115,0.26228657364845254,0.31732366979122173,0.244962215423584,0.390826225280762,0.7141960160748806
raw_lop100,caucus,Por definir,3,-0.668954809506734,-0.67958003282547,-0.6827653646469115,-0.6604568660259245,-0.685950696468353,-0.641333699226379,-0.6577549377939986
raw_lop100,caucus,"Renovación Nacional, Evopoli e Independientes",16,-0.7185360640287398,-0.71210777759552,-0.738164931535721,-0.6876662075519561,-0.803694784641266,-0.65118795633316,-0.7279985760761463
raw_lop100,caucus,"Socialista, Liberal, Radical e Independientes",15,0.45136741797129315,0.495942085981369,0.3395566046237945,0.5119143128395081,0.183621600270271,0.764348149299622,0.9294479287952034
raw_lop100,caucus,Unión Demócrata Independiente,18,-0.7981755899058447,-0.8236724734306335,-0.8428428173065184,-0.7649619579315187,-0.885342299938202,-0.57315057516098,-0.8408269040925384
raw_lop100,alignment,no_alineado,22,-0.38111262006515806,-0.195322386920452,-0.8613913506269453,-0.08111013658344755,-0.885711669921875,0.100090242922306,-0.249958022762299
raw_lop100,alignment,oficialismo,68,-0.862457498031504,-0.8595253229141235,-0.9987612217664715,-0.7340416163206103,-1.0,-0.57315057516098,-0.9318975142656023
raw_lop100,alignment,oposicion,64,0.554856044240296,0.5369879901409149,0.2587742954492568,0.7644392251968388,0.125235348939896,1.0,1.0760641792317427
dedup_lop025,party,Evolución Política,2,-0.7527930140495305,-0.7527930140495305,-0.7658888399600987,-0.7396971881389622,-0.778984665870667,-0.726601362228394,-0.7559911651000819
dedup_lop025,party,Federación Regionalista Verde Social,1,0.19487202167511,0.19487202167511,0.19487202167511,0.19487202167511,0.19487202167511,0.19487202167511,0.5423075338048093
dedup_lop025,party,Frente Amplio,15,0.7387113134066264,0.750555813312531,0.732006162405014,0.759818881750107,0.63204824924469,0.787830114364624,1.2873659861602724
dedup_lop025,party,Independientes,25,-0.037038564085960485,0.275049865245819,-0.785523355007172,0.428384870290756,-0.994929313659668,0.931266307830811,0.22459061864433968
dedup_lop025,party,Partido Acción Humanista,1,0.901384234428406,0.901384234428406,0.901384234428406,0.901384234428406,0.901384234428406,0.901384234428406,1.510227475977864
dedup_lop025,party,Partido Comunista,8,0.9550751671195031,0.951086163520813,0.921800434589386,0.990867137908936,0.915400445461273,1.0,1.583783917788065
dedup_lop025,party,Partido Demócrata Cristiano,7,0.24266746640205372,0.230873197317123,0.217081673443317,0.26157668232917797,0.187930688261986,0.322551667690277,0.6077871720349172
dedup_lop025,party,Partido Demócratas Chile,1,-0.689560055732727,-0.689560055732727,-0.689560055732727,-0.689560055732727,-0.689560055732727,-0.689560055732727,-0.6693621723486102
dedup_lop025,party,Partido Liberal de Chile,2,0.2921871021389965,0.2921871021389965,0.27107001468539277,0.31330418959260026,0.249952927231789,0.334421277046204,0.6756289475820714
dedup_lop025,party,Partido Nacional Libertario,8,-0.966892994940281,-0.9977775514125825,-1.0,-0.9668035656213763,-1.0,-0.858866393566132,-1.0493075966950014
dedup_lop025,party,Partido Por la Democracia,4,0.412553943693638,0.394273966550827,0.39282867312431374,0.41399923712015124,0.389636039733887,0.472031801939011,0.8405312156732303
dedup_lop025,party,Partido Radical de Chile,1,0.32845664024353,0.32845664024353,0.32845664024353,0.32845664024353,0.32845664024353,0.32845664024353,0.7253181229297622
dedup_lop025,party,Partido Republicano,28,-0.9891957427774157,-0.994067519903183,-0.994920328259468,-0.9879798740148548,-1.0,-0.94538152217865,-1.0798623047483746
dedup_lop025,party,Partido Social Cristiano,3,-0.7100579341252643,-0.72263890504837,-0.7240995764732361,-0.7023067772388455,-0.725560247898102,-0.681974649429321,-0.6974442138338618
dedup_lop025,party,Partido Socialista,10,0.6223843574523926,0.6062369644641875,0.5768505334854128,0.6470837742090223,0.514751076698303,0.75796777009964,1.1279983511103373
dedup_lop025,party,Partido de la Gente,14,-0.0672315376411591,-0.07154357433319095,-0.09410129673779014,0.0694480165839195,-0.468678206205368,0.159877717494965,0.18322632133984973
dedup_lop025,party,Renovación Nacional,11,-0.7682469270446084,-0.760648012161255,-0.787973970174789,-0.744999021291733,-0.835561752319336,-0.727157413959503,-0.777162986765062
dedup_lop025,party,Unión Demócrata Independiente,13,-0.859781659566439,-0.867544174194336,-0.879681706428528,-0.85188364982605,-0.91695636510849,-0.782022893428802,-0.9025653385009034
dedup_lop025,caucus,Comité Comunista e Independientes,12,0.9335937947034837,0.922953724861145,0.9176055341959,0.9821307361125947,0.810636878013611,1.0,1.5543544919814205
dedup_lop025,caucus,"Comité Democracia Cristiana, Federación Regionalista Verde Social e Independientes",10,0.2327264621853827,0.224760569632053,0.20586730912327728,0.2524179443717003,0.187930688261986,0.322551667690277,0.59416802143447
dedup_lop025,caucus,Comité Partido Nacional Libertarios,8,-0.966892994940281,-0.9977775514125825,-1.0,-0.9668035656213763,-1.0,-0.858866393566132,-1.0493075966950014
dedup_lop025,caucus,Comité Partido Republicano,31,-0.9893977584377412,-0.994174063205719,-0.994923323392868,-0.9878275096416476,-1.0,-0.94538152217865,-1.0801390656913996
dedup_lop025,caucus,Comité Partido de la Gente,13,-0.0363510246746815,-0.0682032257318497,-0.077951654791832,0.0871394723653793,-0.413522064685822,0.159877717494965,0.2255325458965431
dedup_lop025,caucus,Frente Amplio,17,0.7348638352225809,0.750147700309753,0.722987294197083,0.758575022220612,0.63204824924469,0.787830114364624,1.2820949507921777
dedup_lop025,caucus,Fuera del Comité Partido de la Gente,1,-0.468678206205368,-0.468678206205368,-0.468678206205368,-0.468678206205368,-0.468678206205368,-0.468678206205368,-0.36675459789716425
dedup_lop025,caucus,Partido Por la Democracia e Independientes,10,0.3760454595088959,0.37575814127922047,0.33416890352964373,0.3944645076990125,0.318836629390717,0.472031801939011,0.7905146848008039
dedup_lop025,caucus,Por definir,3,-0.7100579341252643,-0.72263890504837,-0.7240995764732361,-0.7023067772388455,-0.725560247898102,-0.681974649429321,-0.6974442138338618
dedup_lop025,caucus,"Renovación Nacional, Evopoli e Independientes",16,-0.7685833908617498,-0.760941356420517,-0.7907382249832154,-0.7383556067943575,-0.865948617458344,-0.689560055732727,-0.777623941342424
dedup_lop025,caucus,"Socialista, Liberal, Radical e Independientes",15,0.5343203792969385,0.586056232452393,0.42458617687225353,0.618240416049957,0.249952927231789,0.75796777009964,1.0073509240664675
dedup_lop025,caucus,Unión Demócrata Independiente,18,-0.8318361043930054,-0.856232434511185,-0.873149678111076,-0.8018772006034848,-0.91695636510849,-0.610281586647034,-0.8642799986876637
dedup_lop025,alignment,no_alineado,22,-0.39438115847720345,-0.15520974621176709,-0.9668035656213763,-0.023453106638044126,-1.0,0.159877717494965,-0.2649678306728234
dedup_lop025,alignment,oficialismo,68,-0.8834101242177627,-0.8903869986534121,-0.9933256953954698,-0.7812633365392683,-1.0,-0.610281586647034,-0.934936275232231
dedup_lop025,alignment,oposicion,64,0.5905989944003522,0.6294733285903931,0.33335638791322725,0.7591969519853595,0.187930688261986,1.0,1.0844524842280285
cap20_balanced_lop025,party,Evolución Política,2,-0.65287908911705,-0.65287908911705,-0.6599212437868115,-0.6458369344472885,-0.666963398456573,-0.638794779777527,-0.8123038858831315
cap20_balanced_lop025,party,Federación Regionalista Verde Social,1,0.357416152954102,0.357416152954102,0.357416152954102,0.357416152954102,0.357416152954102,0.357416152954102,0.5833593181716294
cap20_balanced_lop025,party,Frente Amplio,15,0.921893803278605,0.922530174255371,0.9073337614536285,0.9428770542144775,0.82068794965744,1.0,1.363151851346516
cap20_balanced_lop025,party,Independientes,25,0.07932407975196848,0.375504225492477,-0.625734329223633,0.478314340114594,-0.785287320613861,1.0,0.19919154449009552
cap20_balanced_lop025,party,Partido Acción Humanista,1,1.0,1.0,1.0,1.0,1.0,1.0,1.4710509487917718
cap20_balanced_lop025,party,Partido Comunista,8,1.0,1.0,1.0,1.0,1.0,1.0,1.4710509487917718
cap20_balanced_lop025,party,Partido Demócrata Cristiano,7,0.4236714839935303,0.409986257553101,0.3987188935279845,0.448732450604439,0.324377804994583,0.536433637142181,0.6748871446460264
cap20_balanced_lop025,party,Partido Demócratas Chile,1,-0.566421926021576,-0.566421926021576,-0.566421926021576,-0.566421926021576,-0.566421926021576,-0.566421926021576,-0.69286842164008
cap20_balanced_lop025,party,Partido Liberal de Chile,2,0.4586700946092605,0.4586700946092605,0.44910515099763876,0.46823503822088225,0.439540207386017,0.477799981832504,0.7232356580264101
cap20_balanced_lop025,party,Partido Nacional Libertario,8,-0.970108687877655,-1.0,-1.0,-0.999176263809204,-1.0,-0.764164447784424,-1.250537839474344
cap20_balanced_lop025,party,Partido Por la Democracia,4,0.4714186862111093,0.453896328806877,0.4481795579195025,0.4771354570984837,0.443996608257294,0.533885478973389,0.7408470843316017
cap20_balanced_lop025,party,Partido Radical de Chile,1,0.471136778593063,0.471136778593063,0.471136778593063,0.471136778593063,0.471136778593063,0.471136778593063,0.7404576456080824
cap20_balanced_lop025,party,Partido Republicano,28,-0.7881641622100557,-0.7843022644519805,-0.785287320613861,-0.7803707420825958,-1.0,-0.75407487154007,-0.9991922237779955
cap20_balanced_lop025,party,Partido Social Cristiano,3,-0.609734853108724,-0.609835386276245,-0.6175383627414706,-0.6019816100597379,-0.625241339206696,-0.594127833843231,-0.7527026721424512
cap20_balanced_lop025,party,Partido Socialista,10,0.7440402030944825,0.714674234390259,0.6755305081605908,0.7469022870063782,0.613836228847504,1.0,1.1174576075759755
cap20_balanced_lop025,party,Partido de la Gente,14,0.11319907595004362,0.1579512506723405,0.1541302725672725,0.17625264450907674,-0.289061963558197,0.219273373484612,0.24598785091852743
cap20_balanced_lop025,party,Renovación Nacional,11,-0.6818810267881914,-0.698874533176422,-0.7123929262161255,-0.6233973205089569,-0.819175064563751,-0.599321663379669,-0.8523683497827359
cap20_balanced_lop025,party,Unión Demócrata Independiente,13,-0.7224578307225152,-0.705791056156158,-0.731476783752441,-0.683842360973358,-0.830618560314178,-0.647822916507721,-0.9084228077579936
cap20_balanced_lop025,caucus,Comité Comunista e Independientes,12,0.9931519031524658,1.0,1.0,1.0,0.91782283782959,1.0,1.4615907074782393
cap20_balanced_lop025,caucus,"Comité Democracia Cristiana, Federación Regionalista Verde Social e Independientes",10,0.4015096247196198,0.3987188935279845,0.36193817108869575,0.4344520494341855,0.316475480794907,0.536433637142181,0.6442718450444687
cap20_balanced_lop025,caucus,Comité Partido Nacional Libertarios,8,-0.970108687877655,-1.0,-1.0,-0.999176263809204,-1.0,-0.764164447784424,-1.250537839474344
cap20_balanced_lop025,caucus,Comité Partido Republicano,31,-0.7876181256386541,-0.784306943416595,-0.785287320613861,-0.7798746824264525,-1.0,-0.75407487154007,-0.9984379065061343
cap20_balanced_lop025,caucus,Comité Partido de la Gente,13,0.1441422328352929,0.158483684062958,0.156416788697243,0.178216695785522,-0.12790684401989,0.219273373484612,0.28873399450473536
cap20_balanced_lop025,caucus,Frente Amplio,17,0.9123820907929363,0.91872239112854,0.892083942890167,0.928764343261719,0.82068794965744,1.0,1.3500119823547732
cap20_balanced_lop025,caucus,Fuera del Comité Partido de la Gente,1,-0.289061963558197,-0.289061963558197,-0.289061963558197,-0.289061963558197,-0.289061963558197,-0.289061963558197,-0.3097120157021755
cap20_balanced_lop025,caucus,Partido Por la Democracia e Independientes,10,0.44081281125545513,0.43418255448341403,0.416435904800892,0.4560575559735295,0.370799720287323,0.533885478973389,0.6985668758096464
cap20_balanced_lop025,caucus,Por definir,3,-0.609734853108724,-0.609835386276245,-0.6175383627414706,-0.6019816100597379,-0.625241339206696,-0.594127833843231,-0.7527026721424512
cap20_balanced_lop025,caucus,"Renovación Nacional, Evopoli e Independientes",16,-0.6806215792894363,-0.6829189658164976,-0.7213903814554214,-0.6244709044694899,-0.819175064563751,-0.566421926021576,-0.8506284974521956
cap20_balanced_lop025,caucus,"Socialista, Liberal, Radical e Independientes",15,0.6652937829494476,0.696379542350769,0.545818105340004,0.7260669469833375,0.438908129930496,1.0,1.008674079285617
cap20_balanced_lop025,caucus,Unión Demócrata Independiente,18,-0.694949040810267,-0.6985694766044614,-0.7268217951059346,-0.6482527256011962,-0.830618560314178,-0.516158819198608,-0.8704210392948558
cap20_balanced_lop025,alignment,no_alineado,22,-0.2807310199873013,0.10718091949820535,-0.999176263809204,0.16366724297404325,-1.0,0.219273373484612,-0.29820330922433497
cap20_balanced_lop025,alignment,oficialismo,68,-0.7300646243726505,-0.763195723295212,-0.784316793084145,-0.6668713092803953,-1.0,-0.516158819198608,-0.9189311438920595
cap20_balanced_lop025,alignment,oposicion,64,0.7161085857078433,0.7423386573791505,0.4481795579195025,0.9358206987380983,0.316475480794907,1.0,1.0788717279311784
cap10_balanced_lop025,party,Evolución Política,2,-0.6620328426361085,-0.6620328426361085,-0.6684933006763457,-0.6555723845958712,-0.674953758716583,-0.649111926555634,-0.7973137904732661
cap10_balanced_lop025,party,Federación Regionalista Verde Social,1,0.263017147779465,0.263017147779465,0.263017147779465,0.263017147779465,0.263017147779465,0.263017147779465,0.5617319434269441
cap10_balanced_lop025,party,Frente Amplio,14,0.8155518174171448,0.819413751363754,0.8045677691698077,0.8348248898982997,0.711389899253845,0.879084169864655,1.3734933545758745
cap10_balanced_lop025,party,Independientes,25,0.014350162148475641,0.255993098020554,-0.638264060020447,0.350930482149124,-0.78503406047821,0.967548906803131,0.19640054568075424
cap10_balanced_lop025,party,Partido Acción Humanista,1,1.0,1.0,1.0,1.0,1.0,1.0,1.644477104926775
cap10_balanced_lop025,party,Partido Comunista,8,0.9665559530258179,0.967462122440338,0.9656551629304885,0.9674659371376038,0.946411609649658,0.988475859165192,1.5953424745440412
cap10_balanced_lop025,party,Partido Demócrata Cristiano,7,0.30368060512202144,0.282351672649384,0.2699014693498615,0.32942093908786796,0.245875611901283,0.398892134428024,0.6214730372052464
cap10_balanced_lop025,party,Partido Demócratas Chile,1,-0.585944473743439,-0.585944473743439,-0.585944473743439,-0.585944473743439,-0.585944473743439,-0.585944473743439,-0.6855278608322608
cap10_balanced_lop025,party,Partido Liberal de Chile,2,0.3378082513809205,0.3378082513809205,0.3270443379878998,0.3485721647739412,0.316280424594879,0.359336078166962,0.6716119837884207
cap10_balanced_lop025,party,Partido Nacional Libertario,8,-0.9692502990365028,-1.0,-1.0,-0.9919601380825045,-1.0,-0.771737992763519,-1.2486651529148354
cap10_balanced_lop025,party,Partido Por la Democracia,4,0.344942331314087,0.33098928630352054,0.328784167766571,0.3471474498510365,0.32511955499649,0.392671197652817,0.6820930831872946
cap10_balanced_lop025,party,Partido Radical de Chile,1,0.354234784841537,0.354234784841537,0.354234784841537,0.354234784841537,0.354234784841537,0.354234784841537,0.6957451770792943
cap10_balanced_lop025,party,Partido Republicano,28,-0.7881419296775545,-0.784021019935608,-0.7850060760974883,-0.780134439468384,-1.0,-0.757453203201294,-0.9825881199965087
cap10_balanced_lop025,party,Partido Social Cristiano,3,-0.619661033153534,-0.620634794235229,-0.62908935546875,-0.6107195913791655,-0.637543916702271,-0.600804388523102,-0.7350628553761742
cap10_balanced_lop025,party,Partido Socialista,10,0.6274044394493102,0.59246826171875,0.5583730489015579,0.6316602230072023,0.489655256271362,0.902611672878265,1.097074897172482
cap10_balanced_lop025,party,Partido de la Gente,14,0.05993505939841259,0.1026005335152147,0.08425143919885157,0.126644952222705,-0.327247679233551,0.149379730224609,0.26337201833595064
cap10_balanced_lop025,party,Renovación Nacional,11,-0.6901603612032804,-0.702050089836121,-0.7222917079925535,-0.6337214112281799,-0.818590223789215,-0.609384119510651,-0.8386375940622384
cap10_balanced_lop025,party,Unión Demócrata Independiente,13,-0.7304264352871821,-0.709926605224609,-0.736278116703033,-0.690689504146576,-0.840297937393188,-0.657887101173401,-0.8977948685572656
cap10_balanced_lop025,caucus,Comité Comunista e Independientes,12,0.9562866290410359,0.967462122440338,0.9573546499013901,0.9674952626228335,0.826727271080017,1.0,1.580255202400741
cap10_balanced_lop025,caucus,"Comité Democracia Cristiana, Federación Regionalista Verde Social e Independientes",10,0.2891083836555483,0.2699014693498615,0.2577491104602817,0.3100466653704647,0.245875611901283,0.398892134428024,0.600064123500418
cap10_balanced_lop025,caucus,Comité Partido Nacional Libertarios,8,-0.9692502990365028,-1.0,-1.0,-0.9919601380825045,-1.0,-0.771737992763519,-1.2486651529148354
cap10_balanced_lop025,caucus,Comité Partido Republicano,31,-0.7875783270405184,-0.784021019935608,-0.7850154042243955,-0.7796609997749331,-1.0,-0.757453203201294,-0.981760097978872
cap10_balanced_lop025,caucus,Comité Partido de la Gente,13,0.08971834698548672,0.105990387499332,0.0856638178229332,0.129901021718979,-0.141054078936577,0.149379730224609,0.30712841026732307
cap10_balanced_lop025,caucus,Frente Amplio,16,0.8051173090934752,0.8177751302719115,0.784545198082924,0.8271937668323512,0.711389899253845,0.879084169864655,1.358163400336041
cap10_balanced_lop025,caucus,Fuera del Comité Partido de la Gente,1,-0.327247679233551,-0.327247679233551,-0.327247679233551,-0.327247679233551,-0.327247679233551,-0.327247679233551,-0.3054610767718913
cap10_balanced_lop025,caucus,Partido Por la Democracia e Independientes,10,0.3145412802696227,0.314271509647369,0.2907513752579685,0.3314810767769818,0.241080045700073,0.392671197652817,0.6374290983690248
cap10_balanced_lop025,caucus,Por definir,3,-0.619661033153534,-0.620634794235229,-0.62908935546875,-0.6107195913791655,-0.637543916702271,-0.600804388523102,-0.7350628553761742
cap10_balanced_lop025,caucus,"Renovación Nacional, Evopoli e Independientes",16,-0.6887282021343708,-0.689557731151581,-0.7329440712928771,-0.6346598863601685,-0.818590223789215,-0.585944473743439,-0.8365335243438077
cap10_balanced_lop025,caucus,"Socialista, Liberal, Radical e Independientes",15,0.5475229104359944,0.574347257614136,0.424495667219162,0.605827748775482,0.315468162298203,0.902611672878265,0.979716211320054
cap10_balanced_lop025,caucus,Unión Demócrata Independiente,18,-0.7031108736991882,-0.707577586174011,-0.7344130873680115,-0.6586595326662066,-0.840297937393188,-0.522653162479401,-0.8576639590606078
cap10_balanced_lop025,alignment,no_alineado,22,-0.3143141618506476,0.06743220239877701,-0.9919601380825045,0.112583715468645,-1.0,0.149379730224609,-0.28645968030069885
cap10_balanced_lop025,alignment,oficialismo,68,-0.7345523264478234,-0.763753980398178,-0.7840821444988255,-0.6765374690294266,-1.0,-0.522653162479401,-0.9038564596480209
cap10_balanced_lop025,alignment,oposicion,63,0.6128040760282486,0.617810726165771,0.32756263017654397,0.8326838612556455,0.241080045700073,1.0,1.0756246384552506
