diputado_id,diputado_nombre,modal_party,modal_party_share,modal_caucus,modal_caucus_share,modal_alignment,modal_alignment_share,specs_estimated,baseline_coord_aligned,baseline_z,baseline_binary_votes,max_abs_z_shift_from_baseline,sd_z_across_specs,min_rank,max_rank,rank_range,coord_raw_lop025,z_raw_lop025,rank_raw_lop025,coord_raw_lop050,z_raw_lop050,rank_raw_lop050,coord_raw_lop100,z_raw_lop100,rank_raw_lop100,coord_dedup_lop025,z_dedup_lop025,rank_dedup_lop025,coord_cap20_balanced_lop025,z_cap20_balanced_lop025,rank_cap20_balanced_lop025,coord_cap10_balanced_lop025,z_cap10_balanced_lop025,rank_cap10_balanced_lop025
1152,Gloria Naveillan Arriagada,Partido Nacional Libertario,1.0,Comité Partido Nacional Libertarios,1.0,no_alineado,1.0,6,-0.85929924249649,-0.9025514330566374,244,0.39128992692390907,0.20151644343546504,2,56,54,-0.85929924249649,-0.9025514330566374,48,-0.87295526266098,-0.9030854749567357,50,-0.761426508426666,-0.7887630906309631,56,-0.858866393566132,-0.9013114263984674,48,-1.0,-1.2918309216475796,2,-1.0,-1.2938413599805465,2
1148,Javiera Morales Alvarado,Frente Amplio,1.0,Frente Amplio,1.0,oposicion,1.0,5,0.639329791069031,1.1457437551207683,87,0.3763450989231898,0.17145643612554756,123,147,24,0.639329791069031,1.1457437551207683,123,0.626721501350403,1.1579766788810584,124,0.869681179523468,1.522088854043958,143,0.63204824924469,1.141237858391202,123,1.0,1.4710509487917718,147,,,
1259,Juan Marcelo Valenzuela Henríquez,Partido de la Gente,1.0,Comité Partido de la Gente,1.0,no_alineado,1.0,6,-0.21808123588562,-0.02614791484311543,256,0.2765159627058527,0.1180510957224076,79,79,0,-0.21808123588562,-0.02614791484311543,79,-0.243868499994278,-0.03850788788755553,79,-0.241539776325226,-0.0522198968476529,79,-0.210934981703758,-0.013647033085389311,79,0.0609937384724617,0.17386926069003786,79,0.0510837584733963,0.2503680478627373,79
1015,Jorge Brito Hasbún,Frente Amplio,1.0,Frente Amplio,1.0,oposicion,1.0,6,0.763551115989685,1.3155268945135985,237,0.27249494188258816,0.10081547004681815,140,144,4,0.763551115989685,1.3155268945135985,140,0.743838846683502,1.3189354493419236,142,0.916219770908356,1.5880218363961867,144,0.762316048145294,1.319704412971359,140,0.975267112255096,1.4368839252147683,141,0.879084169864655,1.4668324967336341,141
1235,Javier Olivares Avendaño,Partido de la Gente,1.0,Comité Partido de la Gente,1.0,no_alineado,1.0,6,-0.417377352714539,-0.29854172810849106,268,0.2666286982366857,0.11079560661408376,78,78,0,-0.417377352714539,-0.29854172810849106,78,-0.434691488742828,-0.3007630948961948,78,-0.398999929428101,-0.27529965037629517,78,-0.413522064685822,-0.2911908237027475,78,-0.12790684401989,-0.08708573665173797,78,-0.141054078936577,-0.03191302987180532,78
1192,Lilian Betancurt Delgado,Partido de la Gente,1.0,Comité Partido de la Gente,1.0,no_alineado,1.0,6,-0.0820343121886253,0.15979820853599602,161,0.23498227373803965,0.10110470975877633,81,90,9,-0.0820343121886253,0.15979820853599602,82,-0.112257599830627,0.1423699198303258,82,-0.124597497284412,0.11345665224384027,82,-0.077951654791832,0.1685397879929861,81,0.156416788697243,0.30569056843407383,81,0.149379730224609,0.39478048227403567,90
1075,Diego Schalper Sepúlveda,Renovación Nacional,1.0,"Renovación Nacional, Evopoli e Independientes",1.0,oficialismo,1.0,6,-0.809191346168518,-0.8340649960268626,248,0.2079669577006279,0.10568725177665472,12,58,46,-0.809191346168518,-0.8340649960268626,55,-0.830089390277863,-0.8441732950922136,54,-0.743189513683319,-0.7629260505145914,58,-0.806382834911346,-0.8294090839602409,55,-0.819175064563751,-1.0420319537274905,12,-0.818590223789215,-1.0273215124031192,12
1195,Carlos Carvajal Gallardo,Independientes,1.0,Partido Por la Democracia e Independientes,1.0,oposicion,1.0,6,0.340061336755753,0.7367098172924333,249,0.20720696991870646,0.07513375858672781,91,106,15,0.340061336755753,0.7367098172924333,106,0.304197072982788,0.7147192323773299,106,0.258752346038818,0.6565628723166592,106,0.330161720514297,0.7276540785824601,106,0.370799720287323,0.6018479259450097,94,0.241080045700073,0.5295028473737269,91
1215,Álvaro Jofré Cáceres,Partido Nacional Libertario,1.0,Comité Partido Nacional Libertarios,1.0,no_alineado,1.0,6,-0.992805957794189,-1.085025652098712,275,0.20680526954886758,0.1264065911342595,4,40,36,-0.992805957794189,-1.085025652098712,15,-0.986752510070801,-1.0594813100298448,30,-0.865669727325439,-0.936448400982322,40,-0.993245899677277,-1.085411009443837,23,-1.0,-1.2918309216475796,4,-0.992788076400757,-1.283245895840968,7
1212,Erich Grohs Marín,Partido Nacional Libertario,1.0,Comité Partido Nacional Libertarios,1.0,no_alineado,1.0,6,-0.995947360992432,-1.0893192570609604,264,0.20452210291958606,0.12376640055974299,1,35,34,-0.995947360992432,-1.0893192570609604,6,-1.0,-1.0776878334498556,1,-0.874470114707947,-0.948916242588978,35,-0.995607137680054,-1.0886458995276163,6,-1.0,-1.2918309216475796,3,-1.0,-1.2938413599805465,3
1082,Cristóbal Urruticoechea Ríos,Partido Nacional Libertario,1.0,Comité Partido Nacional Libertarios,1.0,no_alineado,1.0,6,-0.999343276023865,-1.0939607235363524,239,0.19988063644419407,0.1251773253564993,1,37,36,-0.999343276023865,-1.0939607235363524,5,-0.992441773414612,-1.0673002785186148,22,-0.871163487434387,-0.944231618684701,37,-1.0,-1.0946641097806653,1,-1.0,-1.2918309216475796,1,-1.0,-1.2938413599805465,1
1248,Felipe Ross Correa,Partido Republicano,1.0,Comité Partido Republicano,1.0,oficialismo,1.0,6,-1.0,-1.0948583202932214,265,0.19898303968732511,0.09275511124780174,4,7,3,-1.0,-1.0948583202932214,4,-1.0,-1.0776878334498556,4,-1.0,-1.1267591782117723,5,-1.0,-1.0946641097806653,4,-1.0,-1.2918309216475796,7,-1.0,-1.2938413599805465,6
1223,Hans Marowski Cuevas,Partido Nacional Libertario,1.0,Comité Partido Nacional Libertarios,1.0,no_alineado,1.0,6,-1.0,-1.0948583202932214,256,0.19898303968732511,0.12006386763858341,2,34,32,-1.0,-1.0948583202932214,2,-1.0,-1.0776878334498556,3,-0.883264422416687,-0.9613754708918936,34,-1.0,-1.0946641097806653,3,-1.0,-1.2918309216475796,5,-1.0,-1.2938413599805465,4
1228,Paulina Muñoz Minte,Partido Nacional Libertario,1.0,Comité Partido Nacional Libertarios,1.0,no_alineado,1.0,6,-1.0,-1.0948583202932214,274,0.19898303968732511,0.12507322307014826,3,38,35,-1.0,-1.0948583202932214,3,-0.993315994739532,-1.0685017537498844,14,-0.871057152748108,-0.9440809703134196,38,-0.999947965145111,-1.09459282216125,5,-1.0,-1.2918309216475796,6,-1.0,-1.2938413599805465,5
1240,Zandra Parisi Fernández,Partido de la Gente,1.0,Comité Partido de la Gente,1.0,no_alineado,1.0,6,-0.109291799366474,0.12254323844152144,209,0.19853091982270593,0.09759807693990145,80,84,4,-0.109291799366474,0.12254323844152144,80,-0.138818755745888,0.10586592474761357,80,-0.149104997515678,0.07873594987273265,80,-0.0994845107197762,0.13903982990539077,80,0.158483684062958,0.30854586230108844,84,0.0992106795310974,0.32107415826422736,83
1217,Pier Karlezi Hazleby,Partido Nacional Libertario,1.0,Comité Partido Nacional Libertarios,1.0,no_alineado,1.0,6,-1.0,-1.0948583202932214,258,0.19242082977920827,0.11489000982374768,1,32,31,-1.0,-1.0948583202932214,1,-1.0,-1.0776878334498556,2,-0.885711669921875,-0.964842578979387,32,-1.0,-1.0946641097806653,2,-0.996705055236816,-1.2872791500724297,8,-0.989476323127747,-1.2783804029443169,8
1230,Alex Nahuelquin Nahuelquin,Partido de la Gente,1.0,Comité Partido de la Gente,1.0,no_alineado,1.0,6,-0.0841939747333527,0.15684642640754795,257,0.19018199318132098,0.08778501003357175,80,86,6,-0.0841939747333527,0.15684642640754795,81,-0.114566415548325,0.13919682759463314,81,-0.127200827002525,0.10976841658277743,81,-0.0748839229345322,0.17274257286820935,83,0.153368100523949,0.3014789857927654,80,0.116876743733883,0.34702841958886893,86
1073,Juan Santana Castillo,Partido Socialista,1.0,"Socialista, Liberal, Radical e Independientes",1.0,oposicion,1.0,6,0.762329995632172,1.3138578924480717,250,0.18754025255458884,0.07808185621440294,137,143,6,0.762329995632172,1.3138578924480717,138,0.738173365592957,1.3111491656978589,137,0.764348149299622,1.3728595667752697,138,0.75796777009964,1.313747283061177,137,1.0,1.4710509487917718,143,0.902611672878265,1.5013981450026606,142
1099,Jaime Araya Guerrero,Independientes,1.0,Partido Por la Democracia e Independientes,1.0,oposicion,1.0,6,0.434719085693359,0.8660860720759868,230,0.17519544180407243,0.06473873111117373,110,113,3,0.434719085693359,0.8660860720759868,113,0.400907307863235,0.8476317437825812,113,0.348364621400833,0.7835199716650793,113,0.428384870290756,0.8622195450181879,113,0.478314340114594,0.7503730229089829,112,0.350930482149124,0.6908906302719143,110
1205,Carlos Cuadrado Prats,Partido Por la Democracia,1.0,Partido Por la Democracia e Independientes,1.0,oposicion,1.0,6,0.476959764957428,0.9238197594289449,242,0.17160537160555844,0.06213793750517982,113,114,1,0.476959764957428,0.9238197594289449,114,0.445052415132523,0.9083020242411964,114,0.390826225280762,0.8436769316407041,114,0.472031801939011,0.9220157308369351,114,0.533885478973389,0.827141268945299,113,0.392671197652817,0.7522143878233865,113
1201,Flor Contreras Vivallo,Partido de la Gente,1.0,Comité Partido de la Gente,1.0,no_alineado,1.0,6,-0.0715738758444786,0.17409531672625647,261,0.1698548436377906,0.08125921773746222,82,85,3,-0.0715738758444786,0.17409531672625647,84,-0.101494334638119,0.15716227980572484,84,-0.115524381399155,0.12631087863404047,84,-0.0749665945768356,0.17262931292762626,82,0.15682016313076,0.3062478063887553,82,0.114781491458416,0.3439501603640471,85
1264,Fernando Zamorano Peralta,Partido Por la Democracia,1.0,Partido Por la Democracia e Independientes,1.0,oposicion,1.0,6,0.401796698570251,0.8210884338231526,255,0.16811816547571934,0.06119484139504858,106,111,5,0.401796698570251,0.8210884338231526,111,0.364404827356339,0.7974650125913028,111,0.315422028303146,0.7368489542424994,111,0.393892884254456,0.8149656115021836,111,0.449573874473572,0.7106697671752005,107,0.32511955499649,0.6529702683474332,106
1211,Sofía González Cortés,Partido Comunista,1.0,Comité Comunista e Independientes,1.0,oposicion,1.0,6,1.0,1.6387003420584954,265,0.16764939326672357,0.07425458345749948,152,154,2,1.0,1.6387003420584954,154,1.0,1.6709873521612084,154,1.0,1.7067164552444636,154,1.0,1.6453308250585958,154,1.0,1.4710509487917718,152,0.988475859165192,1.6275463070232203,152
1193,Patricio Briones Moller,Partido de la Gente,1.0,Comité Partido de la Gente,1.0,no_alineado,1.0,6,-0.0763376653194427,0.16758426773380247,262,0.16345036108529643,0.08218526775986043,83,85,2,-0.0763376653194427,0.16758426773380247,83,-0.106402277946472,0.15041710881369694,83,-0.119852989912033,0.12017837526003496,83,-0.0682032257318497,0.1818951111164818,84,0.165395095944405,0.31809356959428287,85,0.105990387499332,0.3310346288190989,84
1077,Raúl Soto Mardones,Partido Por la Democracia,1.0,Partido Por la Democracia e Independientes,1.0,oposicion,1.0,6,0.402703404426575,0.8223277006470322,237,0.15928882532881616,0.05772752133338162,108,112,4,0.402703404426575,0.8223277006470322,112,0.368005514144897,0.8024135718047364,112,0.317957550287247,0.7404411241225208,112,0.394655048847198,0.8160097750639972,112,0.458218783140182,0.722612197888491,109,0.331972867250443,0.663038875318216,108
1226,José Montalva Feuerhake,Independientes,1.0,Partido Por la Democracia e Independientes,1.0,oposicion,1.0,6,0.370998173952103,0.7789936469443569,263,0.15789839055439792,0.05816793876609223,102,109,7,0.370998173952103,0.7789936469443569,109,0.335111200809479,0.757205680398347,109,0.278523147106171,0.6845729138557868,109,0.361880242824554,0.7711083738178052,109,0.424368500709534,0.6758500320700463,102,0.303423464298248,0.621095256389959,102
1250,Bernardo Salinas Maya,Independientes,1.0,Comité Comunista e Independientes,1.0,oposicion,1.0,6,0.921666145324707,1.5316352485569715,212,0.15717169933320818,0.07691442603011435,144,154,10,0.921666145324707,1.5316352485569715,147,0.99611622095108,1.6656497286121272,153,0.987358629703522,1.6888069478901797,153,0.919236779212952,1.5346854171196878,147,1.0,1.4710509487917718,154,0.94871574640274,1.5691323702748656,144
1012,Boris Barrera Moreno,Partido Comunista,1.0,Comité Comunista e Independientes,1.0,oposicion,1.0,6,0.991220951080322,1.6267013194476976,267,0.1556503706559258,0.06466606443728122,142,152,10,0.991220951080322,1.6267013194476976,152,0.986379981040955,1.6522688480910688,149,0.970765292644501,1.6652985397729485,147,0.990867137908936,1.6328188271235453,152,1.0,1.4710509487917718,142,0.967462122440338,1.5966737817055505,146
1173,Daniela Serrano Salazar,Partido Comunista,1.0,Comité Comunista e Independientes,1.0,oposicion,1.0,6,0.991220951080322,1.6267013194476976,267,0.1556503706559258,0.06466606443728122,147,153,6,0.991220951080322,1.6267013194476976,153,0.986379981040955,1.6522688480910688,150,0.970765292644501,1.6652985397729485,148,0.990867137908936,1.6328188271235453,153,1.0,1.4710509487917718,149,0.967462122440338,1.5966737817055505,147
1061,Andrea Parra Sauterel,Partido Por la Democracia,1.0,Partido Por la Democracia e Independientes,1.0,oposicion,1.0,6,0.397401720285416,0.8150814683424732,252,0.15493266708233067,0.05807472825153135,106,110,4,0.397401720285416,0.8150814683424732,110,0.362658321857452,0.7950647244281408,110,0.313868135213852,0.7346474951397441,110,0.389636039733887,0.8091337452898051,110,0.443996608257294,0.7029651033174164,106,0.330005705356598,0.6601488012601425,107
1159,Lorena Pizarro Sierra,Partido Comunista,1.0,Comité Comunista e Independientes,1.0,oposicion,1.0,6,0.917440712451935,1.5258600142411958,257,0.14263735454101534,0.06781807571599822,143,152,9,0.917440712451935,1.5258600142411958,145,0.9757080078125,1.637601954093789,147,0.973023176193237,1.668497368782211,152,0.915400445461273,1.529429649595711,145,1.0,1.4710509487917718,148,0.946411609649658,1.5657472264912393,143
1178,Héctor Ulloa Aguilera,Independientes,1.0,Partido Por la Democracia e Independientes,1.0,oposicion,1.0,6,0.356259137392044,0.758848636412623,241,0.14246851743708788,0.05066615794037208,101,108,7,0.356259137392044,0.758848636412623,108,0.320457547903061,0.7370666143371327,108,0.272889256477356,0.6765911679466345,108,0.346190452575684,0.749613400912508,108,0.424170076847076,0.6755759212239225,101,0.300214052200317,0.6163801189755351,101
1242,Rodrigo Ramírez Parra,Independientes,1.0,"Renovación Nacional, Evopoli e Independientes",1.0,oficialismo,1.0,6,-0.787695109844208,-0.8046843845207239,263,0.1423196214205662,0.07513694952769714,45,60,15,-0.787695109844208,-0.8046843845207239,58,-0.805331230163574,-0.8101472249184477,58,-0.726696252822876,-0.73955942413244,60,-0.785523355007172,-0.8008316493198318,58,-0.75038605928421,-0.9470040059412901,45,-0.754452526569366,-0.9330930223842606,45
1207,Valentina Cáceres Monsálvez,Independientes,1.0,Frente Amplio,1.0,oposicion,1.0,6,0.701583206653595,1.2308304368368514,249,0.14199172117805992,0.05163746874044419,125,137,12,0.701583206653595,1.2308304368368514,126,0.672586560249329,1.221010753522092,126,0.764321744441986,1.3728221580149114,137,0.700634002685547,1.2352001669062433,126,0.839541554450989,1.2493870837086507,125,0.729332864284515,1.2468239835685822,125
1122,Luis Alberto Cuello Peña y Lillo,Partido Comunista,1.0,Comité Comunista e Independientes,1.0,oposicion,1.0,6,0.980134606361389,1.6115487326275693,263,0.14049778383579747,0.0608008631168729,145,151,6,0.980134606361389,1.6115487326275693,151,0.969006896018982,1.6283923642423648,146,0.971139192581177,1.6658282579529096,151,0.979218602180481,1.6168603626764149,151,1.0,1.4710509487917718,145,0.967477381229401,1.5966961992963784,150
1021,Andrés Celis Montt,Renovación Nacional,1.0,"Renovación Nacional, Evopoli e Independientes",1.0,oficialismo,1.0,6,-0.763008773326874,-0.77094361000638,241,0.140012061269829,0.07533495929691371,48,66,18,-0.763008773326874,-0.77094361000638,64,-0.780495822429657,-0.7760149904370723,63,-0.700376749038696,-0.7022715878038734,66,-0.760648012161255,-0.7667524926197306,64,-0.724291324615479,-0.910955671276209,48,-0.731161534786224,-0.8988748467730552,49
1128,Ana María Gazmuri Vieira,Partido Acción Humanista,1.0,Comité Comunista e Independientes,1.0,oposicion,1.0,6,0.902786135673523,1.5058304415933323,234,0.13864666333344267,0.06553511109123115,142,153,11,0.902786135673523,1.5058304415933323,144,0.95000833272934,1.6022819245041144,145,0.835838317871094,1.474142392114742,142,0.901384234428406,1.510227475977864,144,1.0,1.4710509487917718,146,1.0,1.644477104926775,153
1110,Carlos Bianchi Chelech,Independientes,1.0,Partido Por la Democracia e Independientes,1.0,oposicion,1.0,6,0.335209548473358,0.7300784933488146,251,0.13223461329804964,0.046478910603589024,100,105,5,0.335209548473358,0.7300784933488146,104,0.298870325088501,0.7073984824988137,105,0.252759695053101,0.6480728570427409,105,0.324784904718399,0.720287854559298,104,0.413857847452164,0.6613301854044153,100,0.287597149610519,0.5978438800507649,100
1213,Irací Hassler Jacob,Partido Comunista,1.0,Comité Comunista e Independientes,1.0,oposicion,1.0,6,0.924488961696625,1.5354934156298137,267,0.12980512414313483,0.06853496497986865,149,153,4,0.924488961696625,1.5354934156298137,149,0.986379981040955,1.6522688480910688,152,0.970765292644501,1.6652985397729485,150,0.922953724861145,1.5397776232442484,149,1.0,1.4710509487917718,153,0.967462122440338,1.5966737817055505,149
1188,Marcos Barraza Gómez,Partido Comunista,1.0,Comité Comunista e Independientes,1.0,oposicion,1.0,6,0.924488961696625,1.5354934156298137,267,0.12980512414313483,0.06853496497986865,148,151,3,0.924488961696625,1.5354934156298137,148,0.986379981040955,1.6522688480910688,151,0.970765292644501,1.6652985397729485,149,0.922953724861145,1.5397776232442484,148,1.0,1.4710509487917718,150,0.967462122440338,1.5966737817055505,148
1175,Cristián Tapia Ramos,Independientes,1.0,Partido Por la Democracia e Independientes,1.0,oposicion,1.0,6,0.327570497989655,0.7196375970378804,224,0.12943167915871046,0.045756457684818834,99,102,3,0.327570497989655,0.7196375970378804,102,0.291112124919891,0.6967360963545828,102,0.244962215423584,0.6370258727764371,102,0.318836629390717,0.7121387324248588,102,0.410942882299423,0.6573033332176801,99,0.282398283481598,0.59020591787917,99
1239,Fabián Ossandón Briceño,Partido de la Gente,1.0,Comité Partido de la Gente,1.0,no_alineado,1.0,6,0.164888069033623,0.4972866155952909,248,0.12851879203215794,0.048850680541870625,88,90,2,0.164888069033623,0.4972866155952909,89,0.131537303328514,0.4774264201763174,89,0.0961235165596008,0.4261604595032237,89,0.153864249587059,0.486126989899658,89,0.219273373484612,0.39252322770745174,90,0.131673917174339,0.368767823563133,88
1059,Ximena Ossandón Irarrázabal,Renovación Nacional,1.0,"Renovación Nacional, Evopoli e Independientes",1.0,oficialismo,1.0,6,-0.772552251815796,-0.7839874391525602,253,0.12536272748423483,0.0701070493990532,46,65,19,-0.772552251815796,-0.7839874391525602,61,-0.789813935756683,-0.7888212238764264,61,-0.711376965045929,-0.7178560098134984,65,-0.769565105438232,-0.7789688878259335,61,-0.720423400402069,-0.9056123624334771,51,-0.738291680812836,-0.909350166636795,46
1181,Nelson Venegas Salazar,Partido Socialista,1.0,"Socialista, Liberal, Radical e Independientes",1.0,oposicion,1.0,6,0.628968894481659,1.1315826958126978,258,0.12503587488164913,0.04502182687815975,120,122,2,0.628968894481659,1.1315826958126978,122,0.579314172267914,1.0928230043484908,122,0.505787432193756,1.0065468209310486,120,0.626898407936096,1.1341825888408152,122,0.71892249584198,1.0827589785785043,121,0.593844771385193,1.0477704009980038,121
1153,Coca Ericka Ñanco Vásquez,Frente Amplio,1.0,Frente Amplio,1.0,oposicion,1.0,6,0.751131236553192,1.298551660004104,163,0.12234798124295287,0.05408336214995317,134,140,6,0.751131236553192,1.298551660004104,134,0.726286649703979,1.2948128051966377,134,0.769304692745209,1.3798816893148886,140,0.750555813312531,1.3035929210342136,134,0.956989765167236,1.4116348497603806,139,0.847819447517395,1.420899641247057,139
1227,Claudia Mora Vega,Renovación Nacional,1.0,"Renovación Nacional, Evopoli e Independientes",1.0,oficialismo,1.0,6,-0.751799643039703,-0.7556232024094175,263,0.12022067273093717,0.06596874190142457,56,68,12,-0.751799643039703,-0.7556232024094175,67,-0.767176389694214,-0.7577095933139084,67,-0.689763784408569,-0.6872357994647746,68,-0.749023199081421,-0.7508265281411314,67,-0.698874533176422,-0.8758438751403547,56,-0.704642832279205,-0.8599146501521762,56
1117,Nathalie Castillo Rojas,Partido Comunista,1.0,Comité Comunista e Independientes,1.0,oposicion,1.0,6,0.920069932937622,1.5294535784581365,231,0.12000568365883169,0.05911600430833857,144,148,4,0.920069932937622,1.5294535784581365,146,0.984335660934448,1.6494592621169681,148,0.933936953544617,1.6131224390428562,145,0.918340563774109,1.5334576042382104,146,1.0,1.4710509487917718,144,0.96023428440094,1.5860549367192893,145
1039,Pamela Jiles Moreno,Partido de la Gente,1.0,Comité Partido de la Gente,1.0,no_alineado,1.0,6,0.170654118061066,0.5051675322285466,257,0.11784910847151997,0.048250700838670016,89,90,1,0.170654118061066,0.5051675322285466,90,0.136965155601501,0.48488612160327843,90,0.100090242922306,0.4317802707498805,90,0.159877717494965,0.4943654257038985,90,0.218151658773422,0.39097364508777577,89,0.14430059492588,0.38731842375702663,89
1210,Gustavo Gatica Villarroel,Independientes,1.0,Comité Comunista e Independientes,1.0,oposicion,1.0,6,0.932657659053802,1.5466582223402343,263,0.11769260068893894,0.060091747689168466,144,151,7,0.932657659053802,1.5466582223402343,150,0.893418252468109,1.5245080498212222,144,0.970096349716187,1.6643508230291733,146,0.931266307830811,1.5511658408604063,150,1.0,1.4710509487917718,151,0.967548906803131,1.5968012817533805,151
1146,José Carlos Meza Pereira,Partido Republicano,1.0,Comité Partido Republicano,1.0,oficialismo,1.0,6,-0.969318866729736,-1.0529239814823728,249,0.11542248732070737,0.057979683691424484,29,44,15,-0.969318866729736,-1.0529239814823728,36,-0.972003281116486,-1.039210890213034,36,-0.979489326477051,-1.0977009313852464,29,-0.971850693225861,-1.0560996307904769,36,-0.75407487154007,-0.9520998821938752,44,-0.757453203201294,-0.9375014941616654,44
1025,Catalina Del Real Mihovilovic,Partido Republicano,1.0,Comité Partido Republicano,1.0,oficialismo,1.0,6,-0.979113221168518,-1.0663107026915104,227,0.1126424476574136,0.05436073476779732,27,41,14,-0.979113221168518,-1.0663107026915104,34,-0.980365455150604,-1.0507033403457045,34,-0.985662400722504,-1.1064465591142498,27,-0.980300903320312,-1.0676763972190384,34,-0.769879937171936,-0.9739336468415685,40,-0.768457293510437,-0.9536682550340968,41
1243,Tamara Ramírez Ramírez,Partido de la Gente,1.0,Comité Partido de la Gente,1.0,no_alineado,1.0,6,0.15030625462532,0.47735649305098,257,0.11119333521426428,0.044062407682141806,87,88,1,0.15030625462532,0.47735649305098,88,0.116711877286434,0.45705127983732874,88,0.0824447348713875,0.4067812121987638,88,0.138664945960045,0.46530398242410687,88,0.206857264041901,0.3753711058671232,88,0.129901021718979,0.3661631578367157,87
1172,Stephan Schubert Rubio,Partido Republicano,1.0,Comité Partido Republicano,1.0,oficialismo,1.0,6,-0.972967624664307,-1.0579110284118083,224,0.11066874076085309,0.05398071012965237,30,43,13,-0.972967624664307,-1.0579110284118083,35,-0.975008964538574,-1.0433417139320817,35,-0.975081920623779,-1.091456792839247,30,-0.9763063788414,-1.0622039087993833,35,-0.759703636169434,-0.9598756880675952,43,-0.764083385467529,-0.9472422876509552,42
1209,Matías Fernández Hartwig,Frente Amplio,1.0,Frente Amplio,1.0,oposicion,1.0,6,0.75061160326004,1.297841435959233,266,0.10957279844324308,0.04073559263967802,131,138,7,0.75061160326004,1.297841435959233,133,0.72193056344986,1.2888260721000984,133,0.737153112888336,1.3343313302641027,131,0.750147700309753,1.3030338072539869,133,0.913921356201172,1.3521383865998775,132,0.838640451431274,1.407414234402476,138
1218,José Antonio Kast Adriasola,Partido Republicano,1.0,Comité Partido Republicano,1.0,oficialismo,1.0,6,-0.991549730300903,-1.0833086663256342,270,0.1086265469524289,0.05336415645046878,18,29,11,-0.991549730300903,-1.0833086663256342,24,-0.992311954498291,-1.0671218635016575,23,-0.99865311384201,-1.1248509936569202,18,-0.993113934993744,-1.0852302181616078,24,-0.783385515213013,-0.9925908052013162,29,-0.782760620117188,-0.9746821193732053,29
1100,Cristián Araya Lerdo de Tejada,Partido Republicano,1.0,Comité Partido Republicano,1.0,oficialismo,1.0,6,-0.992467880249023,-1.0845635746976445,268,0.10802972729462468,0.053121603332919466,13,28,15,-0.992467880249023,-1.0845635746976445,19,-0.992864429950714,-1.0678811512850246,21,-0.999330639839172,-1.125810870358916,13,-0.993960976600647,-1.086390663017864,22,-0.784297585487366,-0.9938507764141044,28,-0.784021019935608,-0.9765338474030199,27
1262,Diego Vergara Rodríguez,Partido Republicano,1.0,Comité Partido Republicano,1.0,oficialismo,1.0,6,-0.992275357246399,-1.0843004382368824,270,0.10776659083386253,0.0531954317440228,11,28,17,-0.992275357246399,-1.0843004382368824,23,-0.993056774139404,-1.068145497134299,18,-0.999529182910919,-1.1260921538369093,11,-0.994174063205719,-1.0866825911271536,21,-0.784306943416595,-0.9938637038406103,27,-0.784021019935608,-0.9765338474030199,28
1216,Stephanie Jéldrez Ortiz,Partido Republicano,1.0,Comité Partido Republicano,1.0,oficialismo,1.0,6,-0.992313027381897,-1.0843519249994833,269,0.10774618368213029,0.0531167287331013,14,25,11,-0.992313027381897,-1.0843519249994833,20,-0.993009507656097,-1.0680805370294104,20,-0.999242305755615,-1.1256857241222349,14,-0.994377076625824,-1.0869607189985495,19,-0.784309566020966,-0.9938673268136453,25,-0.784069955348969,-0.976605741317353,25
1220,Leandro Kunstmann Collado,Partido Republicano,1.0,Comité Partido Republicano,1.0,oficialismo,1.0,6,-0.992709875106812,-1.0848943282675214,270,0.1077420706050406,0.05302106750191586,12,23,11,-0.992709875106812,-1.0848943282675214,17,-0.993331909179688,-1.0685236255632593,13,-0.999449849128723,-1.1259797586675282,12,-0.994667768478394,-1.08735896610037,15,-0.784785807132721,-0.9945252257804581,23,-0.784441947937012,-0.9771522576624808,23
1198,Paz Charpentier Rajcevich,Partido Republicano,1.0,Comité Partido Republicano,1.0,oficialismo,1.0,6,-0.992275357246399,-1.0843004382368824,270,0.10770073916080769,0.053179052558519325,10,26,16,-0.992275357246399,-1.0843004382368824,22,-0.993056774139404,-1.068145497134299,17,-0.999529182910919,-1.1260921538369093,10,-0.994174063205719,-1.0866825911271536,20,-0.784306943416595,-0.9938637038406103,26,-0.784065842628479,-0.9765996990760747,26
1221,Benjamín Lorca Inzunza,Partido Republicano,1.0,Comité Partido Republicano,1.0,oficialismo,1.0,6,-0.993303656578064,-1.0857058965096638,268,0.10768373124063035,0.052966627343170924,5,16,11,-0.993303656578064,-1.0857058965096638,7,-0.99387001991272,-1.0692631713727572,5,-0.999911665916443,-1.126634031975091,8,-0.995112657546997,-1.0879684629976387,7,-0.785310566425323,-0.9952501497483955,13,-0.78503406047821,-0.9780221652690334,16
1191,Valentina Becerra Peña,Partido Republicano,1.0,Comité Partido Republicano,1.0,oficialismo,1.0,6,-0.992287635803223,-1.084317220314566,264,0.10763984778902314,0.053095906800713584,16,24,8,-0.992287635803223,-1.084317220314566,21,-0.993025183677673,-1.068102081175168,19,-0.99921977519989,-1.1256538042319073,16,-0.994482100009918,-1.0871046007687781,17,-0.784338474273682,-0.9939072618573128,24,-0.784118711948395,-0.9766773725255428,24
1225,Cristian Menchaca Pinochet,Independientes,1.0,Comité Partido Republicano,1.0,oficialismo,1.0,6,-0.992754817008972,-1.0849557539304973,260,0.10753352192223453,0.05280263564919713,16,22,6,-0.992754817008972,-1.0849557539304973,16,-0.993174254894257,-1.0683069553521247,16,-0.999085545539856,-1.1254636359964105,17,-0.994465947151184,-1.087082471393221,18,-0.784818649291992,-0.9945705952836761,22,-0.784625709056854,-0.9774222320082627,21
1104,Chiara Barchiesi Chávez,Partido Republicano,1.0,Comité Partido Republicano,1.0,oficialismo,1.0,6,-0.98593544960022,-1.0756351835045208,259,0.10752238149955273,0.05239840341381804,23,36,13,-0.98593544960022,-1.0756351835045208,30,-0.986993432044983,-1.0598124181558959,29,-0.991667449474335,-1.114954138772265,23,-0.987522780895233,-1.0775703512066948,30,-0.778656542301178,-0.9860580084393623,36,-0.778289139270782,-0.9681128020049681,36
1150,Benjamín Moreno Bascur,Partido Republicano,1.0,Comité Partido Republicano,1.0,oficialismo,1.0,6,-0.993116140365601,-1.085449603226209,271,0.10742743795717569,0.05294231363420324,1,17,16,-0.993116140365601,-1.085449603226209,8,-0.993664920330048,-1.0689812953060225,7,-1.0,-1.1267591782117723,1,-0.994929313659668,-1.0877172823363312,8,-0.785287320613861,-0.9952180370328694,17,-0.78503406047821,-0.9780221652690334,13
1194,Daniel Bustos Leal,Partido Republicano,1.0,Comité Partido Republicano,1.0,oficialismo,1.0,6,-0.993116140365601,-1.085449603226209,271,0.10742743795717569,0.05294231363420324,3,20,17,-0.993116140365601,-1.085449603226209,10,-0.993664920330048,-1.0689812953060225,9,-1.0,-1.1267591782117723,3,-0.994929313659668,-1.0877172823363312,10,-0.785287320613861,-0.9952180370328694,20,-0.78503406047821,-0.9780221652690334,15
1190,Enrique Bassaletti Riess,Independientes,1.0,Comité Partido Republicano,1.0,oficialismo,1.0,6,-0.993116140365601,-1.085449603226209,271,0.10742743795717569,0.05294231363420324,2,19,17,-0.993116140365601,-1.085449603226209,9,-0.993664920330048,-1.0689812953060225,8,-1.0,-1.1267591782117723,2,-0.994929313659668,-1.0877172823363312,9,-0.785287320613861,-0.9952180370328694,19,-0.78503406047821,-0.9780221652690334,14
1253,Fernando Ugarte Tejeda,Partido Republicano,1.0,Comité Partido Republicano,1.0,oficialismo,1.0,6,-0.993116140365601,-1.085449603226209,271,0.10742743795717569,0.05293606638243662,6,18,12,-0.993116140365601,-1.085449603226209,12,-0.993664920330048,-1.0689812953060225,11,-1.0,-1.1267591782117723,6,-0.994929313659668,-1.0877172823363312,12,-0.785310566425323,-0.9952501497483955,15,-0.78503406047821,-0.9780221652690334,18
1254,Ignacio Urcullú Clèment-Lund,Partido Republicano,1.0,Comité Partido Republicano,1.0,oficialismo,1.0,6,-0.993116140365601,-1.085449603226209,271,0.10742743795717569,0.05293606638243662,7,19,12,-0.993116140365601,-1.085449603226209,13,-0.993664920330048,-1.0689812953060225,12,-1.0,-1.1267591782117723,7,-0.994929313659668,-1.0877172823363312,13,-0.785310566425323,-0.9952501497483955,16,-0.78503406047821,-0.9780221652690334,19
1247,Javiera Rodríguez Pascual,Partido Republicano,1.0,Comité Partido Republicano,1.0,oficialismo,1.0,6,-0.993116140365601,-1.085449603226209,271,0.10742743795717569,0.05293606638243662,4,17,13,-0.993116140365601,-1.085449603226209,11,-0.993664920330048,-1.0689812953060225,10,-1.0,-1.1267591782117723,4,-0.994929313659668,-1.0877172823363312,11,-0.785310566425323,-0.9952501497483955,14,-0.78503406047821,-0.9780221652690334,17
1165,Agustín Romero Leiva,Partido Republicano,1.0,Comité Partido Republicano,1.0,oficialismo,1.0,6,-0.993044495582581,-1.0853516806175907,270,0.1073843333636264,0.05291139019356717,6,20,14,-0.993044495582581,-1.0853516806175907,14,-0.993678271770477,-1.068999644692522,6,-0.999887704849243,-1.1266000854250597,9,-0.994917333126068,-1.087700869035641,14,-0.785287320613861,-0.9952180370328694,18,-0.784996747970581,-0.9779673472539643,20
1245,Alejandro Riquelme Ducci,Partido Republicano,1.0,Comité Partido Republicano,1.0,oficialismo,1.0,6,-0.992548882961273,-1.084674287530517,262,0.10725205552225436,0.052825175802293116,15,22,7,-0.992548882961273,-1.084674287530517,18,-0.993208765983582,-1.0683543852395525,15,-0.999238014221191,-1.1256796441431245,15,-0.994499683380127,-1.0871286899414332,16,-0.784839630126953,-0.9945995790679464,21,-0.784625709056854,-0.9774222320082627,22
1232,Cristian Neira Martínez,Partido Republicano,1.0,Comité Partido Republicano,1.0,oficialismo,1.0,6,-0.988200843334198,-1.0787314768370972,266,0.10721207671353006,0.05240724949725866,19,34,15,-0.988200843334198,-1.0787314768370972,25,-0.989095747470856,-1.0627017092776083,26,-0.994088530540466,-1.1183841758760171,19,-0.9898921251297,-1.08081634680736,28,-0.780867516994476,-0.9891123393874189,33,-0.780607879161835,-0.9715194001235672,34
1187,Carlo Arqueros Pizarro,Partido Republicano,1.0,Comité Partido Republicano,1.0,oficialismo,1.0,6,-0.988125205039978,-1.0786280959799122,268,0.10709713678607524,0.052422959728711596,20,32,12,-0.988125205039978,-1.0786280959799122,26,-0.989242315292358,-1.0629031429445939,24,-0.994084537029266,-1.1183785181176786,20,-0.990050196647644,-1.0810329043866145,26,-0.780867516994476,-0.9891123393874189,31,-0.780615746974945,-0.9715309591938369,32
1203,Sebastián Cristoffanini Jaraquemada,Partido Republicano,1.0,Comité Partido Republicano,1.0,oficialismo,1.0,6,-0.988125205039978,-1.0786280959799122,268,0.10709713678607524,0.052422959728711596,21,33,12,-0.988125205039978,-1.0786280959799122,27,-0.989242315292358,-1.0629031429445939,25,-0.994084537029266,-1.1183785181176786,21,-0.990050196647644,-1.0810329043866145,27,-0.780867516994476,-0.9891123393874189,32,-0.780615746974945,-0.9715309591938369,33
1133,Juan Irarrázaval Rossel,Partido Republicano,1.0,Comité Partido Republicano,1.0,oficialismo,1.0,6,-0.988123595714569,-1.078625896387206,267,0.10703215042530978,0.05232492558054521,22,34,12,-0.988123595714569,-1.078625896387206,28,-0.988990306854248,-1.0625567982743953,27,-0.993841409683228,-1.1180340704122658,22,-0.990094840526581,-1.0810940663876938,25,-0.780866801738739,-0.9891113513038647,34,-0.780658483505249,-0.9715937459618962,31
1251,Macarena Santelices Cañas,Partido Republicano,1.0,Comité Partido Republicano,1.0,oficialismo,1.0,6,-0.98512190580368,-1.0745232486584038,265,0.10578608172141091,0.05105518715625956,25,35,10,-0.98512190580368,-1.0745232486584038,31,-0.986473500728607,-1.0590978570021234,31,-0.988665819168091,-1.1107016156055718,25,-0.986894905567169,-1.0767101635973917,31,-0.778882563114166,-0.9863702428426356,35,-0.778714120388031,-0.9687371669369929,35
1263,Sebastián Zamora Soto,Independientes,1.0,Comité Partido Republicano,1.0,oficialismo,1.0,6,-0.982839286327362,-1.0714034115372328,258,0.1047521313717431,0.05065853440934454,26,37,11,-0.982839286327362,-1.0714034115372328,32,-0.983895182609558,-1.0555543774849028,32,-0.986889183521271,-1.1081845886981747,26,-0.984454452991486,-1.0733667497493484,32,-0.777459383010864,-0.984404203589744,37,-0.777294337749481,-0.9666512801654897,37
1170,Luis Sánchez Ossa,Partido Republicano,1.0,Comité Partido Republicano,1.0,oficialismo,1.0,6,-0.986490070819855,-1.0763932283241495,259,0.10469448747396437,0.05096316317323568,24,30,6,-0.986490070819855,-1.0763932283241495,29,-0.987592160701752,-1.0606352734567837,28,-0.991267800331116,-1.1143879407176434,24,-0.988132238388062,-1.0784053064283703,29,-0.78088390827179,-0.989134982968881,30,-0.780729949474335,-0.9716987408501851,30
1017,Álvaro Carter Fernández,Partido Republicano,1.0,Comité Partido Republicano,1.0,oficialismo,1.0,6,-0.981062054634094,-1.0689743279921635,255,0.10385278569448964,0.0502212676419761,28,38,10,-0.981062054634094,-1.0689743279921635,33,-0.982619881629944,-1.0538016834064776,33,-0.984797239303589,-1.1052208522144988,28,-0.982877790927887,-1.0712067267152412,33,-0.776265442371368,-0.9827548451161219,38,-0.7762531042099,-0.9651215422976739,38
1189,Jaime Bassa Mercado,Frente Amplio,1.0,Frente Amplio,1.0,oposicion,1.0,6,0.790138483047485,1.3518659582785857,261,0.10181546896116389,0.04511612324969029,140,142,2,0.790138483047485,1.3518659582785857,142,0.743837893009186,1.31893413867146,141,0.783053696155548,1.3993604223886398,141,0.787830114364624,1.3546586190754182,142,0.959990799427032,1.4157806013348593,140,0.870132744312286,1.4536814272397496,140
1241,Patricio Pinilla Valencia,Partido Demócrata Cristiano,1.0,"Comité Democracia Cristiana, Federación Regionalista Verde Social e Independientes",1.0,oposicion,1.0,6,0.334697544574738,0.7293786970026994,254,0.10128270194638322,0.05722825606210559,103,114,11,0.334697544574738,0.7293786970026994,103,0.295456528663635,0.7027067737379352,103,0.248936608433723,0.6426565456524408,103,0.322551667690277,0.717228325486623,103,0.536433637142181,0.8306613989490826,114,0.398892134428024,0.7613539345211924,114
1038,Marcos Ilabaca Cerda,Partido Socialista,1.0,"Socialista, Liberal, Radical e Independientes",1.0,oposicion,1.0,6,0.576128423213959,1.0593614318344136,227,0.09742725984265976,0.03624026607431139,117,117,0,0.576128423213959,1.0593614318344136,117,0.535682559013367,1.0328584380180146,117,0.474297732114792,0.9619341719917538,117,0.573781967163086,1.0614131995034468,117,0.668580830097198,1.0132149407715165,117,0.553048312664032,0.9878339070163955,117
1087,Gael Yeomans Araya,Frente Amplio,1.0,Frente Amplio,1.0,oposicion,1.0,6,0.738458812236786,1.28123125237255,253,0.09607948516008835,0.04447448936222772,127,134,7,0.738458812236786,1.28123125237255,130,0.717705965042114,1.2830200476938267,132,0.683182954788208,1.257869766308856,127,0.735291302204132,1.2826805794743084,130,0.91872239112854,1.3587707327799632,134,0.818150162696838,1.3773107375326383,133
1246,José Antonio Rivas Villalobos,Partido Socialista,1.0,"Socialista, Liberal, Radical e Independientes",1.0,oposicion,1.0,6,0.610677182674408,1.1065819621827218,251,0.09591663095786429,0.03400052151882378,121,122,1,0.610677182674408,1.1065819621827218,121,0.568894982337952,1.078503519941163,121,0.508694469928741,1.0106653312248575,121,0.609582424163818,1.110459734926915,121,0.733211398124695,1.1024982531112009,122,0.617810726165771,1.0829802047284571,122
1044,Raúl Leiva Carvajal,Partido Socialista,1.0,"Socialista, Liberal, Radical e Independientes",1.0,oposicion,1.0,6,0.518639802932739,0.9807871738562249,231,0.09530886583930254,0.0377314250587176,115,115,0,0.518639802932739,0.9807871738562249,115,0.478686034679413,0.9545259719666064,115,0.420331597328186,0.8854783080169224,115,0.514751076698303,0.9805410290671683,115,0.613836228847504,0.9375885076229109,115,0.489655256271362,0.894699412943649,115
1260,César Valenzuela Maass,Partido Socialista,1.0,"Socialista, Liberal, Radical e Independientes",1.0,oposicion,1.0,6,0.604683399200439,1.0983897828149576,262,0.09293465591077599,0.03296227148395902,119,119,0,0.604683399200439,1.0983897828149576,119,0.564384162425995,1.0723041305617846,119,0.5050168633461,1.0054551269041816,119,0.602891504764557,1.1012931922952185,119,0.710425972938538,1.071021534032658,119,0.591091752052307,1.043725777227971,119
1258,Guillermo Valdés Carmona,Partido de la Gente,1.0,Comité Partido de la Gente,1.0,no_alineado,1.0,6,-0.0181336272507906,0.24713634395700898,262,0.08866950851279906,0.04916053718296969,82,87,5,-0.0181336272507906,0.24713634395700898,85,-0.0492361709475517,0.22898263869665653,85,-0.0696387216448784,0.19131882805344355,85,-0.00853640027344227,0.2636385108834691,85,0.178216695785522,0.33580585246980804,87,0.0947498008608818,0.3145204171810245,82
986,Marcela Hernando Pérez,Partido Radical de Chile,1.0,"Socialista, Liberal, Radical e Independientes",1.0,oposicion,1.0,6,0.337180376052856,0.7327721797497838,212,0.08764815479748356,0.03182148436357986,104,111,7,0.337180376052856,0.7327721797497838,105,0.297429651021957,0.7054185099701822,104,0.250678271055222,0.6451240249523003,104,0.32845664024353,0.7253181229297622,105,0.471136778593063,0.7404576456080824,110,0.354234784841537,0.6957451770792943,111
1141,Luis Malla Valenzuela,Partido Liberal de Chile,1.0,"Socialista, Liberal, Radical e Independientes",1.0,oposicion,1.0,6,0.344787180423737,0.7431690027402023,241,0.0865646683437784,0.031252433449112695,107,112,5,0.344787180423737,0.7431690027402023,107,0.305922418832779,0.7170904400395636,107,0.258781611919403,0.6566043343964238,107,0.334421277046204,0.7334896602435034,107,0.477799981832504,0.7496624673227346,111,0.359336078166962,0.7032397892657967,112
1056,Emilia Nuyado Ancapichun,Partido Socialista,1.0,"Socialista, Liberal, Radical e Independientes",1.0,oposicion,1.0,6,0.654856085777283,1.1669647738177522,269,0.08525378891821345,0.03140951307050502,123,124,1,0.654856085777283,1.1669647738177522,124,0.617103159427643,1.1447578299961518,123,0.558841824531555,1.0817109848995388,123,0.653812229633331,1.1710544564046106,124,0.751465916633606,1.1277157922321355,123,0.636276721954346,1.1101096929276923,123
1140,Daniel Lilayu Vivanco,Unión Demócrata Independiente,1.0,Unión Demócrata Independiente,1.0,oficialismo,1.0,6,-0.903686285018921,-0.9632187253483201,264,0.08402965082542402,0.040685740474367425,10,39,29,-0.903686285018921,-0.9632187253483201,39,-0.945759236812592,-1.0031427135389384,39,-0.872952878475189,-0.9467667166411197,36,-0.903160691261292,-0.9619945020619677,39,-0.822951138019562,-1.0472483761737441,10,-0.832023680210114,-1.0470573989276468,10
1182,Sebastián Videla Castillo,Independientes,1.0,"Socialista, Liberal, Radical e Independientes",1.0,oposicion,1.0,6,0.288333207368851,0.6660088792060251,255,0.08393366762667254,0.03442316658239339,101,103,2,0.288333207368851,0.6660088792060251,101,0.249597981572151,0.6396816485186659,101,0.206175461411476,0.5820752115793526,101,0.275049865245819,0.6521509764398479,101,0.438908129930496,0.6959356710587994,103,0.315468162298203,0.638790835658709,103
1238,Álvaro Ortiz Vera,Partido Demócrata Cristiano,1.0,"Comité Democracia Cristiana, Federación Regionalista Verde Social e Independientes",1.0,oposicion,1.0,6,0.273633152246475,0.6459171476976158,263,0.08308943998648644,0.040847587446282814,99,105,6,0.273633152246475,0.6459171476976158,99,0.235403120517731,0.6201731173469254,99,0.192589670419693,0.5628277077111293,99,0.259534239768982,0.6308946088311498,99,0.442607313394547,0.7010458745229272,105,0.319278329610825,0.6443885781432407,105
1013,Alejandro Bernales Maldonado,Partido Liberal de Chile,1.0,"Socialista, Liberal, Radical e Independientes",1.0,oposicion,1.0,6,0.264273375272751,0.6331243979855141,242,0.08300209439814143,0.04364344815749491,98,104,6,0.264273375272751,0.6331243979855141,98,0.225754782557487,0.6069130437800694,98,0.183621600270271,0.5501223035873727,98,0.249952927231789,0.6177682349206394,98,0.439540207386017,0.6968088487300858,104,0.316280424594879,0.6399841783110446,104
1204,Francisco Crisóstomo Llanos,Partido Socialista,1.0,"Socialista, Liberal, Radical e Independientes",1.0,oposicion,1.0,6,0.587814927101135,1.0753343038011123,262,0.08273575716793335,0.030332995722528705,118,118,0,0.587814927101135,1.0753343038011123,118,0.548982322216034,1.0511368025628516,118,0.495942085981369,0.9925985466331789,118,0.586056232452393,1.078228911864234,118,0.696379542350769,1.0516172198249922,118,0.574347257614136,1.019125448631363,118
1105,Héctor Barría Angulo,Partido Demócrata Cristiano,1.0,"Comité Democracia Cristiana, Federación Regionalista Verde Social e Independientes",1.0,oposicion,1.0,6,0.27749314904213,0.6511929115363221,247,0.08256355264775794,0.045638845405340724,100,109,9,0.27749314904213,0.6511929115363221,100,0.239278897643089,0.6254997435516406,100,0.196684747934341,0.5686293588885641,100,0.263619124889374,0.6364908911007869,100,0.454857587814331,0.7179689050740913,108,0.339563548564911,0.6741907948519801,109
1202,Eduardo Cretton Rebolledo,Unión Demócrata Independiente,1.0,Unión Demócrata Independiente,1.0,oficialismo,1.0,6,-0.901573121547699,-0.9603304971924579,266,0.08182653144499408,0.04047661324184548,11,40,29,-0.901573121547699,-0.9603304971924579,40,-0.940619111061096,-0.9960784454869096,40,-0.867760062217712,-0.9394098574738313,39,-0.901092290878296,-0.9591607987756534,40,-0.819265604019165,-1.042157028637452,11,-0.828439176082611,-1.0417911915949576,11
1184,Roberto Celedón Fernández,Independientes,1.0,Frente Amplio,1.0,oposicion,1.0,6,0.713096916675568,1.2465671377200362,265,0.08128394814262929,0.03070031266463816,126,130,4,0.713096916675568,1.2465671377200362,127,0.681599020957947,1.2333969170776287,127,0.732579052448273,1.3278510858626655,130,0.711381494998932,1.2499242041566927,127,0.842546939849854,1.2535388461247543,126,0.734818637371063,1.2548834577458299,126
872,Jaime Mulet Martínez,Federación Regionalista Verde Social,1.0,"Comité Democracia Cristiana, Federación Regionalista Verde Social e Independientes",1.0,oposicion,1.0,6,0.21259069442749,0.5624855780264529,248,0.08124928997842507,0.0321341433199889,92,95,3,0.21259069442749,0.5624855780264529,92,0.174790114164352,0.536870384102516,92,0.134998619556427,0.48123628804802787,92,0.19487202167511,0.5423075338048093,92,0.357416152954102,0.5833593181716294,93,0.263017147779465,0.5617319434269441,95
1255,Eileen Urqueta Rojas,Partido de la Gente,1.0,Comité Partido de la Gente,1.0,no_alineado,1.0,6,0.0800754055380821,0.3813664201076123,263,0.08019475879270732,0.03439765424146891,81,87,6,0.0800754055380821,0.3813664201076123,87,0.0476491674780846,0.3621358014866949,87,0.0199602730572224,0.31825711218873204,87,0.0871394723653793,0.3947142140918178,87,0.170360490679741,0.3249529691412003,86,0.0856638178229332,0.30117166131490497,81
803,René Alinco Bustos,Independientes,1.0,"Comité Democracia Cristiana, Federación Regionalista Verde Social e Independientes",1.0,oposicion,1.0,6,0.239919424057007,0.59983792083137,220,0.07984662149578692,0.031732262609841626,91,97,6,0.239919424057007,0.59983792083137,96,0.202604219317436,0.5750963544246455,96,0.162353724241257,0.5199912993355831,96,0.231069058179855,0.5918973821444059,97,0.316475480794907,0.526802197735509,91,0.246309354901314,0.5371855352660849,93
1224,Cristian Mella Andaur,Partido Demócrata Cristiano,1.0,"Comité Democracia Cristiana, Federación Regionalista Verde Social e Independientes",1.0,oposicion,1.0,6,0.245622903108597,0.6076333181148776,260,0.07880067360138632,0.03742811684561925,96,98,2,0.245622903108597,0.6076333181148776,97,0.208469375967979,0.58315705969718,97,0.168594360351562,0.5288326445134913,97,0.230873197317123,0.5916290532584965,96,0.409986257553101,0.6559818126334667,98,0.282351672649384,0.5901374391446904,98
1206,Carolina Cucumides Calderón,Independientes,1.0,"Socialista, Liberal, Radical e Independientes",1.0,oposicion,1.0,6,0.604688107967377,1.0983962186602836,267,0.07860754100421108,0.028427026081828784,120,122,2,0.604688107967377,1.0983962186602836,120,0.564894556999207,1.073005585010914,120,0.515134155750275,1.0197886776560725,122,0.603081405162811,1.1015533553598884,120,0.71161961555481,1.0726704808047989,120,0.593479812145233,1.0472342177611473,120
1229,Javier Muñoz Riquelme,Partido Demócrata Cristiano,1.0,"Comité Democracia Cristiana, Federación Regionalista Verde Social e Independientes",1.0,oposicion,1.0,6,0.231780007481575,0.5887131344882394,251,0.07848212272876165,0.03949864431614149,94,97,3,0.231780007481575,0.5887131344882394,94,0.194616124033928,0.564118014781608,94,0.155464455485344,0.5102310117594777,94,0.215515404939651,0.5705889165962033,94,0.401702672243118,0.6445385287958719,97,0.270605266094208,0.5728800975059993,97
1214,Constanza Hube Portus,Unión Demócrata Independiente,1.0,Unión Demócrata Independiente,1.0,oficialismo,1.0,6,-0.916859328746796,-0.9812233692442555,264,0.07799023101560054,0.03779234613898357,9,38,29,-0.916859328746796,-0.9812233692442555,38,-0.957984745502472,-1.0199446897226112,37,-0.885342299938202,-0.9643192785551532,33,-0.91695636510849,-0.9808945402939762,38,-0.830618560314178,-1.0578404671991426,9,-0.840297937393188,-1.059213600259856,9
1142,Daniel Manouchehri Lobos,Partido Socialista,1.0,"Socialista, Liberal, Radical e Independientes",1.0,oposicion,1.0,6,0.561064958572388,1.038772999706416,233,0.07787719525808556,0.030452169256237515,116,116,0,0.561064958572388,1.038772999706416,116,0.521172702312469,1.0129169964877491,116,0.473564803600311,0.9608958044483303,116,0.558612644672394,1.0406312661087271,116,0.662522614002228,1.0048458730635181,116,0.541690170764923,0.9711469879818008,116
1116,Felipe Camaño Cárdenas,Independientes,1.0,"Comité Democracia Cristiana, Federación Regionalista Verde Social e Independientes",1.0,oposicion,1.0,6,0.213547468185425,0.56379327662341,255,0.07772262407448188,0.036057127820601956,93,95,2,0.213547468185425,0.56379327662341,93,0.176743492484093,0.5395549853603074,93,0.138410940766335,0.48607065254892806,93,0.202651277184486,0.5529650941510647,93,0.375504225492477,0.6083469220153634,95,0.255993098020554,0.5514124958744261,94
1196,Priscilla Castillo Gerli,Partido Demócrata Cristiano,1.0,"Comité Democracia Cristiana, Federación Regionalista Verde Social e Independientes",1.0,oposicion,1.0,6,0.199255913496017,0.5442598750635577,265,0.07685558171291967,0.025971614285496467,91,92,1,0.199255913496017,0.5442598750635577,91,0.162612900137901,0.5201347810903256,91,0.125235348939896,0.467404293350638,91,0.187930688261986,0.5327979246083141,91,0.324377804994583,0.5377187918683184,92,0.245875611901283,0.5365482977330773,92
1208,Jorge Díaz Ibarra,Partido Demócrata Cristiano,1.0,"Comité Democracia Cristiana, Federación Regionalista Verde Social e Independientes",1.0,oposicion,1.0,6,0.234107002615929,0.5918936233416213,255,0.07683308150907842,0.03576988189930944,95,96,1,0.234107002615929,0.5918936233416213,95,0.19823369383812,0.569089776958107,95,0.158873364329338,0.5150605418325429,95,0.218647941946983,0.5748804843628463,95,0.395735114812851,0.6362947006784268,96,0.269197672605515,0.5708121185365446,96
1222,Andrea Macías Palma,Partido Socialista,1.0,"Socialista, Liberal, Radical e Independientes",1.0,oposicion,1.0,6,0.740606844425201,1.284167138370376,254,0.07430742043892868,0.03438354253198066,125,131,6,0.740606844425201,1.284167138370376,131,0.711983799934387,1.2751558610740372,130,0.649295210838318,1.2098597179314474,125,0.739489316940308,1.2884318490310596,131,0.885057032108307,1.3122640277305462,128,0.773667752742767,1.3119589942668262,128
1086,Gonzalo Winter Etcheberry,Frente Amplio,1.0,Frente Amplio,1.0,oposicion,1.0,6,0.725313663482666,1.2632647347501869,228,0.0735701668567379,0.034243010157340104,126,129,3,0.725313663482666,1.2632647347501869,128,0.69428288936615,1.2508288342532206,128,0.679677069187164,1.2529028455967344,126,0.722987294197083,1.2658241196655402,128,0.892083942890167,1.3219712899327443,129,0.790599822998047,1.3368349016069248,129
1256,Tatiana Urrutia Herrera,Frente Amplio,1.0,Frente Amplio,1.0,oposicion,1.0,6,0.760322391986847,1.3111139412804484,258,0.0699096221642368,0.027769599369459167,132,138,6,0.760322391986847,1.3111139412804484,137,0.738263487815857,1.3112730240567376,138,0.747263550758362,1.3486551699382487,132,0.758575022220612,1.3145792169289936,138,0.92253303527832,1.3640349125980245,136,0.82067734003067,1.3810235634446852,134
1177,Carolina Tello Rojas,Frente Amplio,1.0,Frente Amplio,1.0,oposicion,1.0,6,0.7574662566185,1.3072102344919514,263,0.06899853834158631,0.03360626308887433,132,139,7,0.7574662566185,1.3072102344919514,136,0.731415152549744,1.3018610994523825,136,0.764712452888489,1.3733756894463873,139,0.757029950618744,1.3124624727474525,136,0.928764343261719,1.372643096526253,138,0.817400097846985,1.3762087728335377,132
1171,Emilia Schneider Videla,Frente Amplio,1.0,Frente Amplio,1.0,oposicion,1.0,6,0.764781355857849,1.3172083609377938,267,0.06778320365202561,0.02728297723425299,134,141,7,0.764781355857849,1.3172083609377938,141,0.74022912979126,1.3139744797175303,140,0.747862637042999,1.3495039181331772,134,0.763153791427612,1.3208521191464826,141,0.925953447818756,1.3687600104967215,137,0.823378205299377,1.3849915645898194,136
1132,Jorge Guzmán Zepeda,Evolución Política,1.0,"Renovación Nacional, Evopoli e Independientes",1.0,oficialismo,1.0,6,-0.730028450489044,-0.7258667864161268,260,0.06698045800109087,0.03927833022467508,64,71,7,-0.730028450489044,-0.7258667864161268,69,-0.745564162731171,-0.7280070973343531,69,-0.680580914020538,-0.6742260797199383,71,-0.726601362228394,-0.7201086684375883,71,-0.638794779777527,-0.7928472444172177,64,-0.649111926555634,-0.7783309073218779,64
1252,Constanza Schonhaut Soto,Frente Amplio,1.0,Frente Amplio,1.0,oposicion,1.0,6,0.762940287590027,1.3146920268820508,261,0.06641262519195457,0.026752829831689445,133,139,6,0.762940287590027,1.3146920268820508,139,0.738295197486877,1.3113166038496757,139,0.747468948364258,1.3489461644939869,133,0.761062741279602,1.3179873857394615,139,0.922530174255371,1.364030960263806,135,0.820732533931732,1.3811046520740053,135
1200,Cristian Contreras Radovic,Partido de la Gente,1.0,Fuera del Comité Partido de la Gente,0.9175824175824175,no_alineado,1.0,6,-0.470514535903931,-0.37116853180865733,260,0.065707455036766,0.027933505991595525,77,77,0,-0.470514535903931,-0.37116853180865733,77,-0.484225213527679,-0.36883915497969866,77,-0.438338339328766,-0.3310318633325191,77,-0.468678206205368,-0.36675459789716425,77,-0.289061963558197,-0.3097120157021755,77,-0.327247679233551,-0.3054610767718913,77
1261,Daniel Valenzuela Salazar,Independientes,1.0,"Renovación Nacional, Evopoli e Independientes",1.0,oficialismo,1.0,6,-0.867259979248047,-0.9134320035095976,250,0.06478584751750127,0.03742654840144661,41,50,9,-0.867259979248047,-0.9134320035095976,45,-0.876932322978973,-0.9085512984606086,49,-0.803694784641266,-0.8486461559920964,50,-0.865948617458344,-0.9110140551944965,47,-0.76668781042099,-0.9695239122774019,41,-0.763424575328827,-0.9462743906532471,43
1176,Hotuiti Teao Drago,Independientes,1.0,Unión Demócrata Independiente,1.0,oficialismo,1.0,6,-0.803806364536285,-0.8267049144331647,220,0.06431125038388186,0.026975143219827916,53,67,14,-0.803806364536285,-0.8267049144331647,56,-0.821222841739655,-0.8319876641177194,56,-0.771924257278442,-0.8036356484197883,53,-0.803476870059967,-0.8254279194734413,56,-0.625433325767517,-0.7743891848937348,67,-0.638264060020447,-0.7623936640492829,65
1186,Ignacio Achurra Díaz,Frente Amplio,1.0,Frente Amplio,1.0,oposicion,1.0,6,0.744872510433197,1.2899973625038046,265,0.06427071871986234,0.026449376490923052,129,132,3,0.744872510433197,1.2899973625038046,132,0.716231048107147,1.280993013903836,131,0.719649314880371,1.3095330376898484,129,0.742564558982849,1.2926449228410433,132,0.902533113956451,1.3364062025828218,130,0.802465915679932,1.354268081223667,130
1102,Roberto Arroyo Muñoz,Partido Social Cristiano,0.9230769230769231,Por definir,0.9230769230769231,oficialismo,0.9230769230769231,6,-0.687252938747406,-0.6674021010871858,222,0.06374039576515134,0.03605350155420071,74,75,1,-0.687252938747406,-0.6674021010871858,75,-0.699448704719543,-0.6646288897795277,75,-0.641333699226379,-0.6186230663198019,75,-0.681974649429321,-0.6589701849235949,75,-0.594127833843231,-0.7311424968523371,74,-0.600804388523102,-0.7073594418242772,74
1060,Luis Pardo Sáinz,Renovación Nacional,1.0,"Renovación Nacional, Evopoli e Independientes",1.0,oficialismo,1.0,6,-0.763075113296509,-0.7710342821057079,261,0.06021738221268713,0.03528911873237719,59,64,5,-0.763075113296509,-0.7710342821057079,63,-0.777200639247894,-0.7714862963151948,64,-0.716636538505554,-0.7253074464336087,63,-0.761234700679779,-0.7675562544042727,63,-0.666595041751862,-0.831251664318395,60,-0.677065372467041,-0.8193989704615157,59
1127,Lorena Fries Monleón,Frente Amplio,1.0,Frente Amplio,1.0,oposicion,1.0,6,0.757234036922455,1.306892841411105,254,0.05972706965222563,0.02659237296611145,131,135,4,0.757234036922455,1.306892841411105,135,0.730923414230347,1.3011852849942123,135,0.753621578216553,1.3576628278780636,135,0.755072832107544,1.3097812253436685,135,0.912134408950806,1.3496698245191436,131,0.810873329639435,1.3666199110633306,131
1236,Paula Olmos Contreras,Partido de la Gente,1.0,Comité Partido de la Gente,1.0,no_alineado,1.0,6,0.0167149901390076,0.29476671392544074,212,0.057178537624893166,0.023251101720939124,80,86,6,0.0167149901390076,0.29476671392544074,86,-0.0146183958277106,0.27655914842314216,86,-0.0369796454906464,0.23758817630054757,86,0.0163736492395401,0.29776521562955255,86,0.157418817281723,0.30707481173893475,83,0.0837806463241577,0.2984049825211853,80
1244,Claudia Reyes Larenas,Partido Republicano,1.0,Comité Partido Republicano,1.0,oficialismo,1.0,6,-0.94441020488739,-1.0188793373090055,261,0.05681814643410532,0.022161102030505496,31,39,8,-0.94441020488739,-1.0188793373090055,37,-0.949111700057983,-1.007750129805578,38,-0.923810660839081,-1.0188188601909738,31,-0.94538152217865,-1.0198369334911006,37,-0.775105595588684,-0.9811525852919393,39,-0.77417004108429,-0.9620611908749002,39
1119,Sara Concha Smith,Partido Social Cristiano,0.5357142857142857,Por definir,1.0,oficialismo,1.0,6,-0.725470304489136,-0.7196368066749705,262,0.05448716012463406,0.033235149781229885,66,73,7,-0.725470304489136,-0.7196368066749705,72,-0.738101422786713,-0.7177507732833529,72,-0.67958003282547,-0.6728080934808334,72,-0.72263890504837,-0.7146801121361966,73,-0.625241339206696,-0.7741239667996046,68,-0.637543916702271,-0.7613356588446948,66
1174,Marco Antonio Sulantay Olivares,Unión Demócrata Independiente,1.0,Unión Demócrata Independiente,1.0,oficialismo,1.0,6,-0.852442920207977,-0.8931803534648175,261,0.05376536416214861,0.02253192454341765,47,58,11,-0.852442920207977,-0.8931803534648175,51,-0.872682809829712,-0.9027110327884579,51,-0.82622492313385,-0.880565455210662,47,-0.85188364982605,-0.8917450851589148,51,-0.683842360973358,-0.8550778171137708,58,-0.690689504146576,-0.8394149893026689,58
1166,Natalia Romero Talguia,Independientes,1.0,Unión Demócrata Independiente,1.0,oficialismo,1.0,6,-0.616479396820068,-0.5706702867867922,265,0.05276262155672029,0.030869279855080534,76,76,0,-0.616479396820068,-0.5706702867867922,76,-0.628248453140259,-0.5667757074169062,76,-0.57315057516098,-0.5220254559936862,76,-0.610281586647034,-0.5607508704803053,76,-0.516158819198608,-0.6234329083435125,76,-0.522653162479401,-0.5925428465546009,76
1131,Mauro González Villarroel,Renovación Nacional,1.0,"Renovación Nacional, Evopoli e Independientes",1.0,oficialismo,1.0,6,-0.743403375148773,-0.7441473569970787,244,0.05215118722161538,0.022814697127073895,67,71,4,-0.743403375148773,-0.7441473569970787,68,-0.754576563835144,-0.7403931789729853,68,-0.693123877048492,-0.6919961697754633,67,-0.740974843502045,-0.7398003013804936,68,-0.619870245456696,-0.766704118026452,71,-0.629713416099548,-0.7498314065894703,71
1028,Eduardo Durán Salinas,Renovación Nacional,1.0,"Renovación Nacional, Evopoli e Independientes",1.0,oficialismo,1.0,6,-0.729755461215973,-0.7254936703200608,255,0.050144736680315494,0.019687851614117954,70,73,3,-0.729755461215973,-0.7254936703200608,70,-0.742204666137695,-0.7233900148730369,71,-0.681373476982117,-0.6753489336397454,70,-0.727157413959503,-0.7208704579009618,70,-0.599321663379669,-0.7383174655845256,73,-0.609384119510651,-0.7199644328166036,73
1197,Carlos Chandía Alarcón,Renovación Nacional,1.0,"Renovación Nacional, Evopoli e Independientes",1.0,oficialismo,1.0,6,-0.724691212177277,-0.7185719594060438,254,0.05003841881824256,0.030316508063081435,69,73,4,-0.724691212177277,-0.7185719594060438,73,-0.73786449432373,-0.7174251535898698,73,-0.679490149021149,-0.6726807516961405,73,-0.730497896671295,-0.725446910756076,69,-0.621250152587891,-0.7686103782242864,70,-0.631844460964203,-0.7529622508271512,69
815,Sergio Bobadilla Muñoz,Unión Demócrata Independiente,1.0,Unión Demócrata Independiente,1.0,oficialismo,1.0,6,-0.866172969341278,-0.9119463008362423,267,0.04861822220576251,0.02231875285965075,43,57,14,-0.866172969341278,-0.9119463008362423,47,-0.889388263225555,-0.9256699653952257,45,-0.843109667301178,-0.9044867107982951,43,-0.867544174194336,-0.91319996388193,45,-0.697819948196411,-0.8743870282792997,57,-0.70696622133255,-0.8633280786304798,55
1062,Joanna Pérez Olea,Partido Demócratas Chile,1.0,"Renovación Nacional, Evopoli e Independientes",1.0,oficialismo,1.0,6,-0.697044610977173,-0.6807851563084799,223,0.04820119128973954,0.019450755762388385,74,75,1,-0.697044610977173,-0.6807851563084799,74,-0.707957565784454,-0.6763229374129942,74,-0.65118795633316,-0.6325839650187404,74,-0.689560055732727,-0.6693621723486102,74,-0.566421926021576,-0.69286842164008,75,-0.585944473743439,-0.6855278608322608,75
1065,Guillermo Ramírez Diez,Unión Demócrata Independiente,1.0,Unión Demócrata Independiente,1.0,oficialismo,1.0,6,-0.866795241832733,-0.9127968100159224,249,0.045119456058817065,0.017734643827571683,46,53,7,-0.866795241832733,-0.9127968100159224,46,-0.879308342933655,-0.9118167520055842,48,-0.826634466648102,-0.8811456709948986,46,-0.865959405899048,-0.9110288353309384,46,-0.705791056156158,-0.8853986431139496,52,-0.709926605224609,-0.8676773539571053,53
1143,Cristóbal Martínez Ramírez,Unión Demócrata Independiente,1.0,Unión Demócrata Independiente,1.0,oficialismo,1.0,6,-0.809836089611053,-0.8349462180380306,267,0.04372318191006719,0.018888419336678355,54,63,9,-0.809836089611053,-0.8349462180380306,54,-0.825991809368134,-0.8385418356084108,55,-0.769153535366058,-0.7997102619068766,54,-0.80897581577301,-0.8329614611737882,54,-0.647822916507721,-0.8053190820650679,63,-0.657887101173401,-0.7912230361279634,63
1054,Francesca Muñoz González,Partido Social Cristiano,0.5357142857142857,Por definir,1.0,oficialismo,1.0,6,-0.728870451450348,-0.7242840572645157,254,0.042450403683155,0.021570222942802687,69,72,3,-0.728870451450348,-0.7242840572645157,71,-0.74343740940094,-0.7250842202819924,70,-0.685950696468353,-0.6818336535813607,69,-0.725560247898102,-0.7186823444417939,72,-0.609835386276245,-0.7528415527754121,72,-0.620634794235229,-0.7364934654595505,72
1237,Francisco Orrego Gutiérrez,Renovación Nacional,1.0,"Renovación Nacional, Evopoli e Independientes",1.0,oficialismo,1.0,6,-0.837105631828308,-0.8722176647112023,260,0.0417414418452704,0.015717048152282278,51,57,6,-0.837105631828308,-0.8722176647112023,52,-0.845786154270172,-0.8657459479322401,52,-0.7908695936203,-0.8304762228659319,51,-0.835561752319336,-0.8693841269112338,52,-0.700982928276062,-0.8787564984386139,54,-0.702050089836121,-0.8561054986545449,57
1219,Tomás Kast Sommerhoff,Evolución Política,1.0,"Renovación Nacional, Evopoli e Independientes",1.0,oficialismo,1.0,6,-0.780567169189453,-0.7949420625599568,260,0.04150736610104422,0.024313841929634438,59,60,1,-0.780567169189453,-0.7949420625599568,60,-0.79120147228241,-0.7907281674851238,60,-0.736490070819855,-0.7534346964589126,59,-0.778984665870667,-0.7918736617625757,60,-0.666963398456573,-0.8317605273490455,59,-0.674953758716583,-0.8162966736246542,60
1108,Juan Carlos Beltrán Silva,Renovación Nacional,1.0,"Renovación Nacional, Evopoli e Independientes",1.0,oficialismo,1.0,6,-0.75402969121933,-0.758671186168858,251,0.038744436803469506,0.01656604433664545,64,67,3,-0.75402969121933,-0.758671186168858,66,-0.76787143945694,-0.7586648263316934,66,-0.712838590145111,-0.7199267493653885,64,-0.751405239105225,-0.7540899169410351,66,-0.625544488430023,-0.7745427495461885,66,-0.635598361492157,-0.7584773284455075,67
843,René Manuel García García,Renovación Nacional,1.0,"Renovación Nacional, Evopoli e Independientes",1.0,oficialismo,1.0,6,-0.818010449409485,-0.8461187640561224,227,0.037306346837980175,0.02228903976315758,52,53,1,-0.818010449409485,-0.8461187640561224,53,-0.83441549539566,-0.8501188239860303,53,-0.778887808322906,-0.813501174523197,52,-0.818265199661255,-0.8456878935745725,53,-0.704362452030182,-0.8834251108941026,53,-0.713421881198883,-0.8728124709246833,52
1157,Marlene Pérez Cartes,Independientes,1.0,Unión Demócrata Independiente,1.0,oficialismo,1.0,6,-0.766335129737854,-0.7754900051970317,218,0.03724926097823389,0.014921342657217318,61,68,7,-0.766335129737854,-0.7754900051970317,62,-0.784744024276733,-0.7818534539373347,62,-0.725765466690063,-0.7382407442187978,61,-0.764876127243042,-0.7725449995737375,62,-0.625734329223633,-0.7748050033896561,65,-0.633752048015594,-0.7557647999554115,68
1074,Marisela Santibáñez Novoa,Independientes,1.0,Comité Comunista e Independientes,1.0,oposicion,1.0,6,0.81469863653183,1.385434268431495,238,0.03618516693695617,0.020189088085553863,133,143,10,0.81469863653183,1.385434268431495,143,0.818554103374481,1.4216194353684513,143,0.760174036026001,1.366945942649224,136,0.810636878013611,1.3859038275145683,143,0.91782283782959,1.3575280530293816,133,0.826727271080017,1.3899118755015414,137
1257,Alejandra Valdebenito Torres,Unión Demócrata Independiente,1.0,Unión Demócrata Independiente,1.0,oficialismo,1.0,6,-0.784243583679199,-0.799966909897377,267,0.03581793914012721,0.01723659267505848,57,61,4,-0.784243583679199,-0.799966909897377,59,-0.799405753612518,-0.8020036197390438,59,-0.744052708148956,-0.7641489707572497,57,-0.782022893428802,-0.7960360258226653,59,-0.659826040267944,-0.821900688577948,61,-0.666898250579834,-0.8044618494734437,61
1231,Ximena Naranjo Pinto,Independientes,1.0,Unión Demócrata Independiente,1.0,oficialismo,1.0,6,-0.762622594833374,-0.7704157892233195,258,0.03475025393423525,0.012986502703075678,62,70,8,-0.762622594833374,-0.7704157892233195,65,-0.776275157928467,-0.7702143725464672,65,-0.723947763442993,-0.7356655352890843,62,-0.759898900985718,-0.7657262122064291,65,-0.62148642539978,-0.7689367751585093,69,-0.630017757415771,-0.7502785324440165,70
1180,Consuelo Veloso Ávila,Frente Amplio,1.0,Frente Amplio,1.0,oposicion,1.0,6,0.729194402694702,1.2685688488948812,262,0.03317261112131309,0.01887102221907073,127,129,2,0.729194402694702,1.2685688488948812,129,0.696318387985229,1.2536262965255245,129,0.714149653911591,1.3017414600161943,128,0.728721022605896,1.2736793130644861,129,0.876295208930969,1.300160086526215,127,0.766381323337555,1.3012540692345371,127
1199,Jaime Coloma Álamos,Unión Demócrata Independiente,1.0,Unión Demócrata Independiente,1.0,oficialismo,1.0,6,-0.855727970600128,-0.8976702924426805,264,0.032545829209740806,0.016729998515143556,47,55,8,-0.855727970600128,-0.8976702924426805,50,-0.87982451915741,-0.9125261523944032,47,-0.819800853729248,-0.8714642331478764,49,-0.855110049247742,-0.896165244195517,50,-0.699319005012512,-0.8764578867292816,55,-0.708188951015472,-0.8651244632329397,54
1234,Mario Olavarría Rodríguez,Unión Demócrata Independiente,1.0,Unión Demócrata Independiente,1.0,oficialismo,1.0,6,-0.874890327453613,-0.92386100572664,223,0.031667126432384785,0.01780466116090978,42,51,9,-0.874890327453613,-0.92386100572664,43,-0.905059099197388,-0.947206984382005,42,-0.84204226732254,-0.9029744848829838,44,-0.874584078788757,-0.9228446153471626,43,-0.721343159675598,-0.906882955544478,50,-0.726614058017731,-0.8921938792942552,51
1183,Flor Weisse Novoa,Unión Demócrata Independiente,1.0,Unión Demócrata Independiente,1.0,oficialismo,1.0,6,-0.801198780536652,-0.8231409225181616,193,0.03134848229562637,0.014544414599312964,55,62,7,-0.801198780536652,-0.8231409225181616,57,-0.820179641246796,-0.83055395446355,57,-0.763564765453339,-0.7917924402225353,55,-0.801343977451324,-0.8225058620013223,57,-0.649542152881622,-0.8076941055692934,62,-0.660976827144623,-0.7957623355643361,62
915,Germán Verdugo Soto,Partido Nacional Libertario,1.0,Comité Partido Nacional Libertarios,1.0,no_alineado,1.0,6,-0.887493073940277,-0.9410861791406615,257,0.028883130410197633,0.018175166244800364,40,42,2,-0.887493073940277,-0.9410861791406615,41,-0.915216386318207,-0.9611665259130661,41,-0.848556220531464,-0.9122030487304639,42,-0.887476563453674,-0.9405072866868452,41,-0.764164447784424,-0.9660380358368458,42,-0.771737992763519,-0.958488124630666,40
1114,Félix Bugueño Sotelo,Frente Amplio,1.0,Frente Amplio,1.0,oposicion,1.0,6,0.675113379955292,1.1946520248058041,244,0.028689917464584047,0.020929644178006992,124,125,1,0.675113379955292,1.1946520248058041,125,0.638842642307281,1.1746352185657905,125,0.619279265403748,1.1673349929294443,124,0.67331326007843,1.1977708187264693,125,0.82068794965744,1.2233419422703882,124,0.711389899253845,1.22046291083618,124
1249,Omar Sabat Guzmán,Independientes,1.0,Unión Demócrata Independiente,1.0,oficialismo,1.0,6,-0.8576340675354,-0.9002755063370279,259,0.02694235516605248,0.01474096208401727,46,49,3,-0.8576340675354,-0.9002755063370279,49,-0.883611857891083,-0.9177312343927784,46,-0.821120023727417,-0.8733331511709754,48,-0.857354819774628,-0.899240574132289,49,-0.72831803560257,-0.9165183346680754,47,-0.735765039920807,-0.9056381288431756,48
1009,Jorge Alessandri Vergara,Unión Demócrata Independiente,1.0,Unión Demócrata Independiente,1.0,oficialismo,1.0,6,-0.879655182361603,-0.9303735109309325,251,0.023981590596191982,0.011351573065865806,41,47,6,-0.879655182361603,-0.9303735109309325,42,-0.901114106178284,-0.941785232172495,43,-0.851290583610535,-0.916076924309249,41,-0.879681706428528,-0.9298283523034973,42,-0.731476783752441,-0.9208819586663565,46,-0.736278116703033,-0.9063919203347405,47
1233,Ricardo Neumann Bertín,Unión Demócrata Independiente,1.0,Unión Demócrata Independiente,1.0,oficialismo,1.0,6,-0.869081258773804,-0.9159212907216961,262,0.021070246144415217,0.01312295318321824,44,50,6,-0.869081258773804,-0.9159212907216961,44,-0.897626101970673,-0.9369915368661114,44,-0.8393235206604,-0.8991227336726267,45,-0.868846476078033,-0.9149841141644107,44,-0.722333073616028,-0.9082504631841326,49,-0.730357229709625,-0.8976931945440604,50
1107,María Francisca Bello Campos,Frente Amplio,1.0,Frente Amplio,1.0,oposicion,1.0,0,,,0,,,,,,,,,,,,,,,,,,,,,,,
