"diputado_id","diputado_nombre","opportunities","binary_votes","participation_share","required_votes_10pct","eligible_10pct","required_votes_20pct","eligible_20pct","required_votes_30pct","eligible_30pct"
"803","René Alinco Bustos",276,220,0.797101449275362,28,TRUE,56,TRUE,83,TRUE
"815","Sergio Bobadilla Muñoz",276,267,0.967391304347826,28,TRUE,56,TRUE,83,TRUE
"843","René Manuel García García",276,227,0.822463768115942,28,TRUE,56,TRUE,83,TRUE
"872","Jaime Mulet Martínez",276,248,0.898550724637681,28,TRUE,56,TRUE,83,TRUE
"915","Germán Verdugo Soto",276,257,0.931159420289855,28,TRUE,56,TRUE,83,TRUE
"986","Marcela Hernando Pérez",276,212,0.768115942028985,28,TRUE,56,TRUE,83,TRUE
"1009","Jorge Alessandri Vergara",276,251,0.909420289855073,28,TRUE,56,TRUE,83,TRUE
"1012","Boris Barrera Moreno",276,267,0.967391304347826,28,TRUE,56,TRUE,83,TRUE
"1013","Alejandro Bernales Maldonado",276,242,0.876811594202899,28,TRUE,56,TRUE,83,TRUE
"1015","Jorge Brito Hasbún",276,237,0.858695652173913,28,TRUE,56,TRUE,83,TRUE
"1017","Álvaro Carter Fernández",276,255,0.923913043478261,28,TRUE,56,TRUE,83,TRUE
"1021","Andrés Celis Montt",276,241,0.873188405797101,28,TRUE,56,TRUE,83,TRUE
"1025","Catalina Del Real Mihovilovic",276,227,0.822463768115942,28,TRUE,56,TRUE,83,TRUE
"1028","Eduardo Durán Salinas",276,255,0.923913043478261,28,TRUE,56,TRUE,83,TRUE
"1038","Marcos Ilabaca Cerda",276,227,0.822463768115942,28,TRUE,56,TRUE,83,TRUE
"1039","Pamela Jiles Moreno",276,257,0.931159420289855,28,TRUE,56,TRUE,83,TRUE
"1044","Raúl Leiva Carvajal",276,231,0.83695652173913,28,TRUE,56,TRUE,83,TRUE
"1054","Francesca Muñoz González",276,254,0.920289855072464,28,TRUE,56,TRUE,83,TRUE
"1056","Emilia Nuyado Ancapichun",276,269,0.97463768115942,28,TRUE,56,TRUE,83,TRUE
"1059","Ximena Ossandón Irarrázabal",276,253,0.916666666666667,28,TRUE,56,TRUE,83,TRUE
"1060","Luis Pardo Sáinz",276,261,0.945652173913043,28,TRUE,56,TRUE,83,TRUE
"1061","Andrea Parra Sauterel",276,252,0.91304347826087,28,TRUE,56,TRUE,83,TRUE
"1062","Joanna Pérez Olea",276,223,0.807971014492754,28,TRUE,56,TRUE,83,TRUE
"1065","Guillermo Ramírez Diez",276,249,0.902173913043478,28,TRUE,56,TRUE,83,TRUE
"1073","Juan Santana Castillo",276,250,0.905797101449275,28,TRUE,56,TRUE,83,TRUE
"1074","Marisela Santibáñez Novoa",276,238,0.86231884057971,28,TRUE,56,TRUE,83,TRUE
"1075","Diego Schalper Sepúlveda",276,248,0.898550724637681,28,TRUE,56,TRUE,83,TRUE
"1077","Raúl Soto Mardones",276,237,0.858695652173913,28,TRUE,56,TRUE,83,TRUE
"1082","Cristóbal Urruticoechea Ríos",276,239,0.865942028985507,28,TRUE,56,TRUE,83,TRUE
"1086","Gonzalo Winter Etcheberry",276,228,0.826086956521739,28,TRUE,56,TRUE,83,TRUE
"1087","Gael Yeomans Araya",276,253,0.916666666666667,28,TRUE,56,TRUE,83,TRUE
"1099","Jaime Araya Guerrero",276,230,0.833333333333333,28,TRUE,56,TRUE,83,TRUE
"1100","Cristián Araya Lerdo de Tejada",276,268,0.971014492753623,28,TRUE,56,TRUE,83,TRUE
"1102","Roberto Arroyo Muñoz",276,222,0.804347826086957,28,TRUE,56,TRUE,83,TRUE
"1104","Chiara Barchiesi Chávez",276,259,0.938405797101449,28,TRUE,56,TRUE,83,TRUE
"1105","Héctor Barría Angulo",276,247,0.894927536231884,28,TRUE,56,TRUE,83,TRUE
"1107","María Francisca Bello Campos",276,0,0,28,FALSE,56,FALSE,83,FALSE
"1108","Juan Carlos Beltrán Silva",276,251,0.909420289855073,28,TRUE,56,TRUE,83,TRUE
"1110","Carlos Bianchi Chelech",276,251,0.909420289855073,28,TRUE,56,TRUE,83,TRUE
"1114","Félix Bugueño Sotelo",276,244,0.884057971014493,28,TRUE,56,TRUE,83,TRUE
"1116","Felipe Camaño Cárdenas",276,255,0.923913043478261,28,TRUE,56,TRUE,83,TRUE
"1117","Nathalie Castillo Rojas",276,231,0.83695652173913,28,TRUE,56,TRUE,83,TRUE
"1119","Sara Concha Smith",276,262,0.949275362318841,28,TRUE,56,TRUE,83,TRUE
"1122","Luis Alberto Cuello Peña y Lillo",276,263,0.952898550724638,28,TRUE,56,TRUE,83,TRUE
"1127","Lorena Fries Monleón",276,254,0.920289855072464,28,TRUE,56,TRUE,83,TRUE
"1128","Ana María Gazmuri Vieira",276,234,0.847826086956522,28,TRUE,56,TRUE,83,TRUE
"1131","Mauro González Villarroel",276,244,0.884057971014493,28,TRUE,56,TRUE,83,TRUE
"1132","Jorge Guzmán Zepeda",276,260,0.942028985507246,28,TRUE,56,TRUE,83,TRUE
"1133","Juan Irarrázaval Rossel",276,267,0.967391304347826,28,TRUE,56,TRUE,83,TRUE
"1140","Daniel Lilayu Vivanco",276,264,0.956521739130435,28,TRUE,56,TRUE,83,TRUE
"1141","Luis Malla Valenzuela",276,241,0.873188405797101,28,TRUE,56,TRUE,83,TRUE
"1142","Daniel Manouchehri Lobos",276,233,0.844202898550725,28,TRUE,56,TRUE,83,TRUE
"1143","Cristóbal Martínez Ramírez",276,267,0.967391304347826,28,TRUE,56,TRUE,83,TRUE
"1146","José Carlos Meza Pereira",276,249,0.902173913043478,28,TRUE,56,TRUE,83,TRUE
"1148","Javiera Morales Alvarado",276,87,0.315217391304348,28,TRUE,56,TRUE,83,TRUE
"1150","Benjamín Moreno Bascur",276,271,0.981884057971015,28,TRUE,56,TRUE,83,TRUE
"1152","Gloria Naveillan Arriagada",276,244,0.884057971014493,28,TRUE,56,TRUE,83,TRUE
"1153","Coca Ericka Ñanco Vásquez",276,163,0.590579710144927,28,TRUE,56,TRUE,83,TRUE
"1157","Marlene Pérez Cartes",276,218,0.789855072463768,28,TRUE,56,TRUE,83,TRUE
"1159","Lorena Pizarro Sierra",276,257,0.931159420289855,28,TRUE,56,TRUE,83,TRUE
"1165","Agustín Romero Leiva",276,270,0.978260869565217,28,TRUE,56,TRUE,83,TRUE
"1166","Natalia Romero Talguia",276,265,0.960144927536232,28,TRUE,56,TRUE,83,TRUE
"1170","Luis Sánchez Ossa",276,259,0.938405797101449,28,TRUE,56,TRUE,83,TRUE
"1171","Emilia Schneider Videla",276,267,0.967391304347826,28,TRUE,56,TRUE,83,TRUE
"1172","Stephan Schubert Rubio",276,224,0.811594202898551,28,TRUE,56,TRUE,83,TRUE
"1173","Daniela Serrano Salazar",276,267,0.967391304347826,28,TRUE,56,TRUE,83,TRUE
"1174","Marco Antonio Sulantay Olivares",276,261,0.945652173913043,28,TRUE,56,TRUE,83,TRUE
"1175","Cristián Tapia Ramos",276,224,0.811594202898551,28,TRUE,56,TRUE,83,TRUE
"1176","Hotuiti Teao Drago",276,220,0.797101449275362,28,TRUE,56,TRUE,83,TRUE
"1177","Carolina Tello Rojas",276,263,0.952898550724638,28,TRUE,56,TRUE,83,TRUE
"1178","Héctor Ulloa Aguilera",276,241,0.873188405797101,28,TRUE,56,TRUE,83,TRUE
"1180","Consuelo Veloso Ávila",276,262,0.949275362318841,28,TRUE,56,TRUE,83,TRUE
"1181","Nelson Venegas Salazar",276,258,0.934782608695652,28,TRUE,56,TRUE,83,TRUE
"1182","Sebastián Videla Castillo",276,255,0.923913043478261,28,TRUE,56,TRUE,83,TRUE
"1183","Flor Weisse Novoa",276,193,0.699275362318841,28,TRUE,56,TRUE,83,TRUE
"1184","Roberto Celedón Fernández",276,265,0.960144927536232,28,TRUE,56,TRUE,83,TRUE
"1186","Ignacio Achurra Díaz",276,265,0.960144927536232,28,TRUE,56,TRUE,83,TRUE
"1187","Carlo Arqueros Pizarro",276,268,0.971014492753623,28,TRUE,56,TRUE,83,TRUE
"1188","Marcos Barraza Gómez",276,267,0.967391304347826,28,TRUE,56,TRUE,83,TRUE
"1189","Jaime Bassa Mercado",276,261,0.945652173913043,28,TRUE,56,TRUE,83,TRUE
"1190","Enrique Bassaletti Riess",276,271,0.981884057971015,28,TRUE,56,TRUE,83,TRUE
"1191","Valentina Becerra Peña",276,264,0.956521739130435,28,TRUE,56,TRUE,83,TRUE
"1192","Lilian Betancurt Delgado",276,161,0.583333333333333,28,TRUE,56,TRUE,83,TRUE
"1193","Patricio Briones Moller",276,262,0.949275362318841,28,TRUE,56,TRUE,83,TRUE
"1194","Daniel Bustos Leal",276,271,0.981884057971015,28,TRUE,56,TRUE,83,TRUE
"1195","Carlos Carvajal Gallardo",276,249,0.902173913043478,28,TRUE,56,TRUE,83,TRUE
"1196","Priscilla Castillo Gerli",276,265,0.960144927536232,28,TRUE,56,TRUE,83,TRUE
"1197","Carlos Chandía Alarcón",276,254,0.920289855072464,28,TRUE,56,TRUE,83,TRUE
"1198","Paz Charpentier Rajcevich",276,270,0.978260869565217,28,TRUE,56,TRUE,83,TRUE
"1199","Jaime Coloma Álamos",276,264,0.956521739130435,28,TRUE,56,TRUE,83,TRUE
"1200","Cristian Contreras Radovic",276,260,0.942028985507246,28,TRUE,56,TRUE,83,TRUE
"1201","Flor Contreras Vivallo",276,261,0.945652173913043,28,TRUE,56,TRUE,83,TRUE
"1202","Eduardo Cretton Rebolledo",276,266,0.963768115942029,28,TRUE,56,TRUE,83,TRUE
"1203","Sebastián Cristoffanini Jaraquemada",276,268,0.971014492753623,28,TRUE,56,TRUE,83,TRUE
"1204","Francisco Crisóstomo Llanos",276,262,0.949275362318841,28,TRUE,56,TRUE,83,TRUE
"1205","Carlos Cuadrado Prats",276,242,0.876811594202899,28,TRUE,56,TRUE,83,TRUE
"1206","Carolina Cucumides Calderón",276,267,0.967391304347826,28,TRUE,56,TRUE,83,TRUE
"1207","Valentina Cáceres Monsálvez",276,249,0.902173913043478,28,TRUE,56,TRUE,83,TRUE
"1208","Jorge Díaz Ibarra",276,255,0.923913043478261,28,TRUE,56,TRUE,83,TRUE
"1209","Matías Fernández Hartwig",276,266,0.963768115942029,28,TRUE,56,TRUE,83,TRUE
"1210","Gustavo Gatica Villarroel",276,263,0.952898550724638,28,TRUE,56,TRUE,83,TRUE
"1211","Sofía González Cortés",276,265,0.960144927536232,28,TRUE,56,TRUE,83,TRUE
"1212","Erich Grohs Marín",276,264,0.956521739130435,28,TRUE,56,TRUE,83,TRUE
"1213","Irací Hassler Jacob",276,267,0.967391304347826,28,TRUE,56,TRUE,83,TRUE
"1214","Constanza Hube Portus",276,264,0.956521739130435,28,TRUE,56,TRUE,83,TRUE
"1215","Álvaro Jofré Cáceres",276,275,0.996376811594203,28,TRUE,56,TRUE,83,TRUE
"1216","Stephanie Jéldrez Ortiz",276,269,0.97463768115942,28,TRUE,56,TRUE,83,TRUE
"1217","Pier Karlezi Hazleby",276,258,0.934782608695652,28,TRUE,56,TRUE,83,TRUE
"1218","José Antonio Kast Adriasola",276,270,0.978260869565217,28,TRUE,56,TRUE,83,TRUE
"1219","Tomás Kast Sommerhoff",276,260,0.942028985507246,28,TRUE,56,TRUE,83,TRUE
"1220","Leandro Kunstmann Collado",276,270,0.978260869565217,28,TRUE,56,TRUE,83,TRUE
"1221","Benjamín Lorca Inzunza",276,268,0.971014492753623,28,TRUE,56,TRUE,83,TRUE
"1222","Andrea Macías Palma",276,254,0.920289855072464,28,TRUE,56,TRUE,83,TRUE
"1223","Hans Marowski Cuevas",276,256,0.927536231884058,28,TRUE,56,TRUE,83,TRUE
"1224","Cristian Mella Andaur",276,260,0.942028985507246,28,TRUE,56,TRUE,83,TRUE
"1225","Cristian Menchaca Pinochet",276,260,0.942028985507246,28,TRUE,56,TRUE,83,TRUE
"1226","José Montalva Feuerhake",276,263,0.952898550724638,28,TRUE,56,TRUE,83,TRUE
"1227","Claudia Mora Vega",276,263,0.952898550724638,28,TRUE,56,TRUE,83,TRUE
"1228","Paulina Muñoz Minte",276,274,0.992753623188406,28,TRUE,56,TRUE,83,TRUE
"1229","Javier Muñoz Riquelme",276,251,0.909420289855073,28,TRUE,56,TRUE,83,TRUE
"1230","Alex Nahuelquin Nahuelquin",276,257,0.931159420289855,28,TRUE,56,TRUE,83,TRUE
"1231","Ximena Naranjo Pinto",276,258,0.934782608695652,28,TRUE,56,TRUE,83,TRUE
"1232","Cristian Neira Martínez",276,266,0.963768115942029,28,TRUE,56,TRUE,83,TRUE
"1233","Ricardo Neumann Bertín",276,262,0.949275362318841,28,TRUE,56,TRUE,83,TRUE
"1234","Mario Olavarría Rodríguez",276,223,0.807971014492754,28,TRUE,56,TRUE,83,TRUE
"1235","Javier Olivares Avendaño",276,268,0.971014492753623,28,TRUE,56,TRUE,83,TRUE
"1236","Paula Olmos Contreras",276,212,0.768115942028985,28,TRUE,56,TRUE,83,TRUE
"1237","Francisco Orrego Gutiérrez",276,260,0.942028985507246,28,TRUE,56,TRUE,83,TRUE
"1238","Álvaro Ortiz Vera",276,263,0.952898550724638,28,TRUE,56,TRUE,83,TRUE
"1239","Fabián Ossandón Briceño",276,248,0.898550724637681,28,TRUE,56,TRUE,83,TRUE
"1240","Zandra Parisi Fernández",276,209,0.757246376811594,28,TRUE,56,TRUE,83,TRUE
"1241","Patricio Pinilla Valencia",276,254,0.920289855072464,28,TRUE,56,TRUE,83,TRUE
"1242","Rodrigo Ramírez Parra",276,263,0.952898550724638,28,TRUE,56,TRUE,83,TRUE
"1243","Tamara Ramírez Ramírez",276,257,0.931159420289855,28,TRUE,56,TRUE,83,TRUE
"1244","Claudia Reyes Larenas",276,261,0.945652173913043,28,TRUE,56,TRUE,83,TRUE
"1245","Alejandro Riquelme Ducci",276,262,0.949275362318841,28,TRUE,56,TRUE,83,TRUE
"1246","José Antonio Rivas Villalobos",276,251,0.909420289855073,28,TRUE,56,TRUE,83,TRUE
"1247","Javiera Rodríguez Pascual",276,271,0.981884057971015,28,TRUE,56,TRUE,83,TRUE
"1248","Felipe Ross Correa",276,265,0.960144927536232,28,TRUE,56,TRUE,83,TRUE
"1249","Omar Sabat Guzmán",276,259,0.938405797101449,28,TRUE,56,TRUE,83,TRUE
"1250","Bernardo Salinas Maya",276,212,0.768115942028985,28,TRUE,56,TRUE,83,TRUE
"1251","Macarena Santelices Cañas",276,265,0.960144927536232,28,TRUE,56,TRUE,83,TRUE
"1252","Constanza Schonhaut Soto",276,261,0.945652173913043,28,TRUE,56,TRUE,83,TRUE
"1253","Fernando Ugarte Tejeda",276,271,0.981884057971015,28,TRUE,56,TRUE,83,TRUE
"1254","Ignacio Urcullú Clèment-Lund",276,271,0.981884057971015,28,TRUE,56,TRUE,83,TRUE
"1255","Eileen Urqueta Rojas",276,263,0.952898550724638,28,TRUE,56,TRUE,83,TRUE
"1256","Tatiana Urrutia Herrera",276,258,0.934782608695652,28,TRUE,56,TRUE,83,TRUE
"1257","Alejandra Valdebenito Torres",276,267,0.967391304347826,28,TRUE,56,TRUE,83,TRUE
"1258","Guillermo Valdés Carmona",276,262,0.949275362318841,28,TRUE,56,TRUE,83,TRUE
"1259","Juan Marcelo Valenzuela Henríquez",276,256,0.927536231884058,28,TRUE,56,TRUE,83,TRUE
"1260","César Valenzuela Maass",276,262,0.949275362318841,28,TRUE,56,TRUE,83,TRUE
"1261","Daniel Valenzuela Salazar",276,250,0.905797101449275,28,TRUE,56,TRUE,83,TRUE
"1262","Diego Vergara Rodríguez",276,270,0.978260869565217,28,TRUE,56,TRUE,83,TRUE
"1263","Sebastián Zamora Soto",276,258,0.934782608695652,28,TRUE,56,TRUE,83,TRUE
"1264","Fernando Zamorano Peralta",276,255,0.923913043478261,28,TRUE,56,TRUE,83,TRUE
